Date,SPY,EFA,EEM,AGG
1999-01-04,76.272179,,,
1999-01-05,77.143944,,,
1999-01-06,79.003769,,,
1999-01-07,78.616333,,,
1999-01-08,79.197517,,,
1999-01-11,78.441986,,,
1999-01-12,77.027748,,,
1999-01-13,76.485275,,,
1999-01-14,75.148575,,,
1999-01-15,77.105240,,,
1999-01-19,77.608948,,,
1999-01-20,78.228889,,,
1999-01-21,76.155907,,,
1999-01-22,75.981560,,,
1999-01-25,76.756500,,,
1999-01-26,78.151405,,,
1999-01-27,77.240852,,,
1999-01-28,78.538841,,,
1999-01-29,79.139427,,,
1999-02-01,78.674477,,,
1999-02-02,78.190147,,,
1999-02-03,78.984421,,,
1999-02-04,77.802643,,,
1999-02-05,76.911507,,,
1999-02-08,77.066475,,,
1999-02-09,75.342278,,,
1999-02-10,75.826622,,,
1999-02-11,77.570198,,,
1999-02-12,76.640289,,,
1999-02-16,76.175316,,,
1999-02-17,76.097801,,,
1999-02-18,76.698402,,,
1999-02-19,77.027748,,,
1999-02-22,79.081314,,,
1999-02-23,79.042557,,,
1999-02-24,77.647705,,,
1999-02-25,76.911507,,,
1999-02-26,76.601547,,,
1999-03-01,76.814629,,,
1999-03-02,76.136597,,,
1999-03-03,76.543411,,,
1999-03-04,77.512062,,,
1999-03-05,79.071602,,,
1999-03-08,79.584984,,,
1999-03-09,79.391281,,,
1999-03-10,80.088722,,,
1999-03-11,80.979858,,,
1999-03-12,80.204903,,,
1999-03-15,81.347984,,,
1999-03-16,81.037971,,,
1999-03-17,80.689255,,,
1999-03-18,81.987282,,,
1999-03-19,80.593651,,,
1999-03-22,80.749039,,,
1999-03-23,78.418602,,,
1999-03-24,78.865288,,,
1999-03-25,80.477142,,,
1999-03-26,79.894554,,,
1999-03-29,81.506409,,,
1999-03-30,81.079178,,,
1999-03-31,79.778046,,,
1999-04-01,80.380035,,,
1999-04-05,82.283226,,,
1999-04-06,82.089050,,,
1999-04-07,82.749313,,,
1999-04-08,83.797997,,,
1999-04-09,83.817436,,,
1999-04-12,84.710770,,,
1999-04-13,84.167007,,,
1999-04-14,82.749313,,,
1999-04-15,82.438591,,,
1999-04-16,81.739471,,,
1999-04-19,80.477142,,,
1999-04-20,81.487030,,,
1999-04-21,83.817436,,,
1999-04-22,84.613663,,,
1999-04-23,84.400024,,,
1999-04-26,84.885521,,,
1999-04-27,85.293373,,,
1999-04-28,84.128105,,,
1999-04-29,83.487267,,,
1999-04-30,82.807602,,,
1999-05-03,84.322357,,,
1999-05-04,83.118294,,,
1999-05-05,83.778603,,,
1999-05-06,83.263954,,,
1999-05-07,83.895103,,,
1999-05-10,83.477554,,,
1999-05-11,84.322357,,,
1999-05-12,84.982635,,,
1999-05-13,85.351608,,,
1999-05-14,83.137756,,,
1999-05-17,83.390198,,,
1999-05-18,83.234779,,,
1999-05-19,83.836823,,,
1999-05-20,83.331909,,,
1999-05-21,82.865845,,,
1999-05-24,81.487030,,,
1999-05-25,80.166420,,,
1999-05-26,81.059792,,,
1999-05-27,79.894554,,,
1999-05-28,80.914108,,,
1999-06-01,80.632523,,,
1999-06-02,80.710220,,,
1999-06-03,81.156860,,,
1999-06-04,82.788155,,,
1999-06-07,83.001755,,,
1999-06-08,82.186142,,,
1999-06-09,82.108505,,,
1999-06-10,81.351051,,,
1999-06-11,80.671333,,,
1999-06-14,80.749039,,,
1999-06-15,81.292801,,,
1999-06-16,82.846443,,,
1999-06-17,83.623215,,,
1999-06-18,83.719841,,,
1999-06-21,83.914650,,,
1999-06-22,83.330284,,,
1999-06-23,82.921196,,,
1999-06-24,82.297882,,,
1999-06-25,82.093346,,,
1999-06-28,83.096504,,,
1999-06-29,83.875687,,,
1999-06-30,85.395027,,,
1999-07-01,86.037796,,,
1999-07-02,86.894829,,,
1999-07-06,86.875397,,,
1999-07-07,86.992271,,,
1999-07-08,87.060448,,,
1999-07-09,87.576607,,,
1999-07-12,87.187080,,,
1999-07-13,86.875397,,,
1999-07-14,87.362366,,,
1999-07-15,87.917496,,,
1999-07-16,88.394791,,,
1999-07-19,87.810387,,,
1999-07-20,86.008621,,,
1999-07-21,85.911201,,,
1999-07-22,84.781456,,,
1999-07-23,84.615837,,,
1999-07-26,83.992538,,,
1999-07-27,84.693779,,,
1999-07-28,84.966469,,,
1999-07-29,83.778244,,,
1999-07-30,82.745888,,,
1999-08-02,82.940659,,,
1999-08-03,82.551125,,,
1999-08-04,81.421356,,,
1999-08-05,82.161537,,,
1999-08-06,81.265511,,,
1999-08-09,81.090202,,,
1999-08-10,80.194199,,,
1999-08-11,81.168121,,,
1999-08-12,81.119423,,,
1999-08-13,82.999130,,,
1999-08-16,83.369209,,,
1999-08-17,83.914650,,,
1999-08-18,83.310776,,,
1999-08-19,82.629021,,,
1999-08-20,83.466614,,,
1999-08-23,85.063858,,,
1999-08-24,85.375526,,,
1999-08-25,86.252129,,,
1999-08-26,85.219696,,,
1999-08-27,84.187363,,,
1999-08-30,82.629021,,,
1999-08-31,82.317390,,,
1999-09-01,83.330284,,,
1999-09-02,82.346611,,,
1999-09-03,84.752197,,,
1999-09-07,84.440552,,,
1999-09-08,84.031548,,,
1999-09-09,83.992538,,,
1999-09-10,84.693779,,,
1999-09-13,84.119186,,,
1999-09-14,83.564018,,,
1999-09-15,82.239464,,,
1999-09-16,82.560875,,,
1999-09-17,83.604019,,,
1999-09-20,83.486839,,,
1999-09-21,81.728806,,,
1999-09-22,81.640923,,,
1999-09-23,79.931694,,,
1999-09-24,79.853554,,,
1999-09-27,80.380974,,,
1999-09-28,80.224686,,,
1999-09-29,79.267555,,,
1999-09-30,80.478638,,,
1999-10-01,80.302811,,,
1999-10-04,81.728806,,,
1999-10-05,81.650696,,,
1999-10-06,82.900810,,,
1999-10-07,82.431992,,,
1999-10-08,83.682152,,,
1999-10-11,83.545387,,,
1999-10-12,82.256187,,,
1999-10-13,80.127007,,,
1999-10-14,80.107513,,,
1999-10-15,78.056458,,,
1999-10-18,78.622940,,,
1999-10-19,79.384727,,,
1999-10-20,80.166084,,,
1999-10-21,80.634918,,,
1999-10-22,81.318588,,,
1999-10-25,80.908363,,,
1999-10-26,79.892647,,,
1999-10-27,81.338112,,,
1999-10-28,84.111893,,,
1999-10-29,85.635559,,,
1999-11-01,84.736946,,,
1999-11-02,84.131424,,,
1999-11-03,84.697929,,,
1999-11-04,85.342537,,,
1999-11-05,86.182495,,,
1999-11-08,86.260590,,,
1999-11-09,85.449974,,,
1999-11-10,86.084824,,,
1999-11-11,86.573112,,,
1999-11-12,87.354538,,,
1999-11-15,87.559570,,,
1999-11-16,88.292099,,,
1999-11-17,88.526497,,,
1999-11-18,89.151581,,,
1999-11-19,89.073456,,,
1999-11-22,89.053902,,,
1999-11-23,88.272583,,,
1999-11-24,88.741379,,,
1999-11-26,88.409302,,,
1999-11-29,88.096741,,,
1999-11-30,87.061493,,,
1999-12-01,87.764709,,,
1999-12-02,88.292099,,,
1999-12-03,89.913399,,,
1999-12-06,89.249245,,,
1999-12-07,88.526497,,,
1999-12-08,87.960052,,,
1999-12-09,88.389809,,,
1999-12-10,88.682770,,,
1999-12-13,88.839012,,,
1999-12-14,87.979538,,,
1999-12-15,88.448364,,,
1999-12-16,88.839012,,,
1999-12-17,89.409637,,,
1999-12-20,88.763367,,,
1999-12-21,90.114487,,,
1999-12-22,90.349533,,,
1999-12-23,91.788712,,,
1999-12-27,91.661400,,,
1999-12-28,91.602684,,,
1999-12-29,91.994347,,,
1999-12-30,91.886642,,,
1999-12-31,92.033508,,,
2000-01-03,91.132767,,,
2000-01-04,87.568916,,,
2000-01-05,87.725540,,,
2000-01-06,86.315712,,,
2000-01-07,91.328575,,,
2000-01-10,91.641884,,,
2000-01-11,90.545311,,,
2000-01-12,89.644577,,,
2000-01-13,90.858589,,,
2000-01-14,92.092262,,,
2000-01-18,91.367729,,,
2000-01-19,92.111832,,,
2000-01-20,90.701958,,,
2000-01-21,90.506165,,,
2000-01-24,87.940987,,,
2000-01-25,88.939644,,,
2000-01-26,88.234673,,,
2000-01-27,87.882225,,,
2000-01-28,85.140793,,,
2000-01-31,87.451439,,,
2000-02-01,88.313011,,,
2000-02-02,88.391319,,,
2000-02-03,89.722855,,,
2000-02-04,89.350853,,,
2000-02-07,89.213753,,,
2000-02-08,90.427811,,,
2000-02-09,88.528404,,,
2000-02-10,88.704605,,,
2000-02-11,86.903107,,,
2000-02-14,87.412262,,,
2000-02-15,88.401154,,,
2000-02-16,87.098946,,,
2000-02-17,86.648605,,,
2000-02-18,84.788307,,,
2000-02-22,84.572891,,,
2000-02-23,85.571617,,,
2000-02-24,83.848412,,,
2000-02-25,83.544891,,,
2000-02-28,85.297440,,,
2000-02-29,86.119881,,,
2000-03-01,86.746422,,,
2000-03-02,86.805214,,,
2000-03-03,88.430534,,,
2000-03-06,87.568916,,,
2000-03-07,85.875099,,,
2000-03-08,85.767410,,,
2000-03-09,88.273849,,,
2000-03-10,87.803818,,,
2000-03-13,86.844406,,,
2000-03-14,85.610756,,,
2000-03-15,87.608047,,,
2000-03-16,91.700630,,,
2000-03-17,92.306641,,,
2000-03-20,91.835541,,,
2000-03-21,93.720161,,,
2000-03-22,94.289429,,,
2000-03-23,95.899223,,,
2000-03-24,96.468567,,,
2000-03-27,95.447678,,,
2000-03-28,94.898018,,,
2000-03-29,94.996193,,,
2000-03-30,93.405983,,,
2000-03-31,94.466171,,,
2000-04-03,95.015808,,,
2000-04-04,94.309113,,,
2000-04-05,93.720161,,,
2000-04-06,94.534836,,,
2000-04-07,95.133583,,,
2000-04-10,94.760567,,,
2000-04-11,94.485725,,,
2000-04-12,91.894424,,,
2000-04-13,90.618370,,,
2000-04-14,85.435661,,,
2000-04-17,88.419662,,,
2000-04-18,90.755814,,,
2000-04-19,89.911629,,,
2000-04-20,90.343513,,,
2000-04-24,89.361969,,,
2000-04-25,93.072296,,,
2000-04-26,92.022011,,,
2000-04-27,91.717735,,,
2000-04-28,91.148445,,,
2000-05-01,92.385178,,,
2000-05-02,90.539818,,,
2000-05-03,88.419662,,,
2000-05-04,89.087112,,,
2000-05-05,90.166901,,,
2000-05-08,89.489609,,,
2000-05-09,88.773026,,,
2000-05-10,86.770607,,,
2000-05-11,88.753433,,,
2000-05-12,89.715286,,,
2000-05-15,91.266212,,,
2000-05-16,92.149628,,,
2000-05-17,91.187698,,,
2000-05-18,90.068703,,,
2000-05-19,88.655289,,,
2000-05-22,87.987740,,,
2000-05-23,86.692078,,,
2000-05-24,88.105545,,,
2000-05-25,86.593971,,,
2000-05-26,86.692078,,,
2000-05-30,89.519028,,,
2000-05-31,89.715286,,,
2000-06-01,91.285843,,,
2000-06-02,92.875931,,,
2000-06-05,92.424477,,,
2000-06-06,92.012199,,,
2000-06-07,92.650185,,,
2000-06-08,92.287048,,,
2000-06-09,92.090691,,,
2000-06-12,91.011002,,,
2000-06-13,92.718956,,,
2000-06-14,92.875931,,,
2000-06-15,93.072296,,,
2000-06-16,92.307533,,,
2000-06-19,93.488205,,,
2000-06-20,93.153694,,,
2000-06-21,93.114357,,,
2000-06-22,91.697548,,,
2000-06-23,90.910454,,,
2000-06-26,92.081215,,,
2000-06-27,91.402390,,,
2000-06-28,91.658211,,,
2000-06-29,90.792412,,,
2000-06-30,91.481087,,,
2000-07-03,92.740463,,,
2000-07-05,91.067810,,,
2000-07-06,91.776245,,,
2000-07-07,93.252083,,,
2000-07-10,93.094627,,,
2000-07-11,93.291435,,,
2000-07-12,93.901443,,,
2000-07-13,94.314720,,,
2000-07-14,95.239525,,,
2000-07-17,95.082077,,,
2000-07-18,94.304794,,,
2000-07-19,93.547256,,,
2000-07-20,94.845978,,,
2000-07-21,92.996239,,,
2000-07-24,92.465004,,,
2000-07-25,92.760147,,,
2000-07-26,91.854988,,,
2000-07-27,91.540131,,,
2000-07-28,89.474007,,,
2000-07-31,90.044655,,,
2000-08-01,90.595612,,,
2000-08-02,91.048187,,,
2000-08-03,91.677849,,,
2000-08-04,92.169853,,,
2000-08-07,93.271706,,,
2000-08-08,93.625923,,,
2000-08-09,92.838860,,,
2000-08-10,92.386292,,,
2000-08-11,92.819191,,,
2000-08-14,93.999809,,,
2000-08-15,93.921127,,,
2000-08-16,93.586609,,,
2000-08-17,94.570488,,,
2000-08-18,94.255638,,,
2000-08-21,94.767242,,,
2000-08-22,94.609810,,,
2000-08-23,94.983673,,,
2000-08-24,95.278893,,,
2000-08-25,95.239525,,,
2000-08-28,95.564217,,,
2000-08-29,95.583855,,,
2000-08-30,94.668877,,,
2000-08-31,95.928207,,,
2000-09-01,96.026634,,,
2000-09-05,95.259178,,,
2000-09-06,94.176933,,,
2000-09-07,94.983673,,,
2000-09-08,94.334335,,,
2000-09-11,94.196609,,,
2000-09-12,93.507919,,,
2000-09-13,93.753883,,,
2000-09-14,94.226089,,,
2000-09-15,92.164665,,,
2000-09-18,91.316399,,,
2000-09-19,92.144905,,,
2000-09-20,91.464371,,,
2000-09-21,90.073616,,,
2000-09-22,91.710915,,,
2000-09-25,91.059937,,,
2000-09-26,89.896057,,,
2000-09-27,90.369476,,,
2000-09-28,91.533356,,,
2000-09-29,90.665359,,,
2000-10-02,90.803474,,,
2000-10-03,89.955238,,,
2000-10-04,90.704842,,,
2000-10-05,91.020500,,,
2000-10-06,89.047813,,,
2000-10-09,88.377068,,,
2000-10-10,86.917282,,,
2000-10-11,86.187363,,,
2000-10-12,84.037125,,,
2000-10-13,86.838326,,,
2000-10-16,87.232864,,,
2000-10-17,85.062904,,,
2000-10-18,84.747284,,,
2000-10-19,87.943092,,,
2000-10-20,88.317871,,,
2000-10-23,88.712456,,,
2000-10-24,88.120598,,,
2000-10-25,86.049263,,,
2000-10-26,86.285973,,,
2000-10-27,87.923340,,,
2000-10-30,88.712456,,,
2000-10-31,90.241264,,,
2000-11-01,89.935509,,,
2000-11-02,90.083427,,,
2000-11-03,90.132790,,,
2000-11-06,90.764084,,,
2000-11-07,90.744286,,,
2000-11-08,88.732162,,,
2000-11-09,88.396805,,,
2000-11-10,86.246529,,,
2000-11-13,85.575798,,,
2000-11-14,87.824707,,,
2000-11-15,88.100830,,,
2000-11-16,86.720001,,,
2000-11-17,86.256386,,,
2000-11-20,85.023483,,,
2000-11-21,85.457466,,,
2000-11-22,83.415710,,,
2000-11-24,85.122124,,,
2000-11-27,85.871696,,,
2000-11-28,84.392212,,,
2000-11-29,84.234360,,,
2000-11-30,83.504478,,,
2000-12-01,83.465012,,,
2000-12-04,84.175217,,,
2000-12-05,86.936958,,,
2000-12-06,85.546257,,,
2000-12-07,84.372475,,,
2000-12-08,84.569717,,,
2000-12-11,87.509041,,,
2000-12-12,87.134262,,,
2000-12-13,85.940758,,,
2000-12-14,84.845901,,,
2000-12-15,82.929527,,,
2000-12-18,84.037643,,,
2000-12-19,82.326012,,,
2000-12-20,79.941605,,,
2000-12-21,80.495674,,,
2000-12-22,82.909775,,,
2000-12-26,83.800194,,,
2000-12-27,84.413589,,,
2000-12-28,84.670799,,,
2000-12-29,83.068047,,,
2001-01-02,81.564178,,,
2001-01-03,85.482132,,,
2001-01-04,84.562012,,,
2001-01-05,81.801636,,,
2001-01-08,82.434875,,,
2001-01-09,82.217201,,,
2001-01-10,83.661644,,,
2001-01-11,83.740837,,,
2001-01-12,83.582527,,,
2001-01-16,84.116791,,,
2001-01-17,84.502647,,,
2001-01-18,85.343613,,,
2001-01-19,84.858849,,,
2001-01-22,85.422760,,,
2001-01-23,86.095512,,,
2001-01-24,86.352776,,,
2001-01-25,86.135086,,,
2001-01-26,86.036179,,,
2001-01-29,86.495247,,,
2001-01-30,87.255028,,,
2001-01-31,86.761154,,,
2001-02-01,87.337433,,,
2001-02-02,85.355469,,,
2001-02-05,85.982338,,,
2001-02-06,85.729080,,,
2001-02-07,85.285851,,,
2001-02-08,84.291702,,,
2001-02-09,83.481216,,,
2001-02-12,84.437340,,,
2001-02-13,83.747154,,,
2001-02-14,83.620506,,,
2001-02-15,84.431030,,,
2001-02-16,82.569412,,,
2001-02-20,81.296684,,,
2001-02-21,79.542694,,,
2001-02-22,79.662987,,,
2001-02-23,79.124786,,,
2001-02-26,80.809090,,,
2001-02-27,80.061943,,,
2001-02-28,78.485291,,,
2001-03-01,78.896851,,,
2001-03-02,78.270004,,,
2001-03-05,78.985481,,,
2001-03-06,79.833969,,,
2001-03-07,80.403877,,,
2001-03-08,80.492462,,,
2001-03-09,78.111664,,,
2001-03-12,74.768356,,,
2001-03-13,75.996780,,,
2001-03-14,74.496132,,,
2001-03-15,74.515091,,,
2001-03-16,73.020531,,,
2001-03-19,74.506187,,,
2001-03-20,72.506241,,,
2001-03-21,71.274536,,,
2001-03-22,70.550705,,,
2001-03-23,72.684021,,,
2001-03-26,73.610970,,,
2001-03-27,75.115723,,,
2001-03-28,73.039574,,,
2001-03-29,73.318916,,,
2001-03-30,74.087158,,,
2001-04-02,72.506241,,,
2001-04-03,70.087265,,,
2001-04-04,70.379288,,,
2001-04-05,73.045906,,,
2001-04-06,71.934822,,,
2001-04-09,72.734779,,,
2001-04-10,74.061760,,,
2001-04-11,74.112564,,,
2001-04-12,75.458565,,,
2001-04-16,74.664932,,,
2001-04-17,75.718864,,,
2001-04-18,78.728355,,,
2001-04-19,79.775925,,,
2001-04-20,79.045776,,,
2001-04-23,77.610916,,,
2001-04-24,77.191841,,,
2001-04-25,78.201370,,,
2001-04-26,78.550545,,,
2001-04-27,79.858452,,,
2001-04-30,80.417160,,,
2001-05-01,80.664795,,,
2001-05-02,80.518753,,,
2001-05-03,79.496567,,,
2001-05-04,80.848923,,,
2001-05-07,80.150490,,,
2001-05-08,80.112396,,,
2001-05-09,79.775925,,,
2001-05-10,80.010834,,,
2001-05-11,79.458481,,,
2001-05-14,79.617172,,,
2001-05-15,79.985458,,,
2001-05-16,81.871101,,,
2001-05-17,81.998093,,,
2001-05-18,82.372650,,,
2001-05-21,83.585320,,,
2001-05-22,83.477425,,,
2001-05-23,82.061569,,,
2001-05-24,82.302864,,,
2001-05-25,81.331444,,,
2001-05-29,80.683846,,,
2001-05-30,79.553680,,,
2001-05-31,79.966385,,,
2001-06-01,80.461586,,,
2001-06-04,80.848923,,,
2001-06-05,81.775856,,,
2001-06-06,81.096527,,,
2001-06-07,81.388565,,,
2001-06-08,80.633034,,,
2001-06-11,80.061623,,,
2001-06-12,79.921951,,,
2001-06-13,79.236221,,,
2001-06-14,77.458527,,,
2001-06-15,77.583282,,,
2001-06-18,77.207642,,,
2001-06-19,77.545120,,,
2001-06-20,77.952576,,,
2001-06-21,78.837608,,,
2001-06-22,78.220001,,,
2001-06-25,77.500504,,,
2001-06-26,77.392281,,,
2001-06-27,77.347733,,,
2001-06-28,77.774338,,,
2001-06-29,78.060844,,,
2001-07-02,79.035011,,,
2001-07-03,79.015900,,,
2001-07-05,77.475067,,,
2001-07-06,75.800514,,,
2001-07-09,76.214394,,,
2001-07-10,75.297523,,,
2001-07-11,75.373909,,,
2001-07-12,77.163101,,,
2001-07-13,77.831642,,,
2001-07-16,76.857475,,,
2001-07-17,77.576897,,,
2001-07-18,77.048477,,,
2001-07-19,77.723373,,,
2001-07-20,77.258575,,,
2001-07-23,75.736832,,,
2001-07-24,75.004601,,,
2001-07-25,75.832336,,,
2001-07-26,76.628250,,,
2001-07-27,76.921120,,,
2001-07-30,76.946594,,,
2001-07-31,77.264915,,,
2001-08-01,77.748856,,,
2001-08-02,78.067200,,,
2001-08-03,77.640610,,,
2001-08-06,76.596390,,,
2001-08-07,76.895630,,,
2001-08-08,75.469383,,,
2001-08-09,75.692261,,,
2001-08-10,75.953300,,,
2001-08-13,75.972382,,,
2001-08-14,75.940598,,,
2001-08-15,75.284760,,,
2001-08-16,75.545837,,,
2001-08-17,74.336082,,,
2001-08-20,75.023735,,,
2001-08-21,73.743935,,,
2001-08-22,74.507950,,,
2001-08-23,74.240555,,,
2001-08-24,75.781418,,,
2001-08-27,75.329323,21.856173,,
2001-08-28,74.227829,21.606152,,
2001-08-29,73.565666,21.507500,,
2001-08-30,72.152138,21.201345,,
2001-08-31,72.680626,21.252365,,
2001-09-04,72.215828,20.767618,,
2001-09-05,72.394112,20.640055,,
2001-09-06,70.528549,20.172312,,
2001-09-07,69.223297,20.053257,,
2001-09-10,70.070107,19.823633,,
2001-09-17,66.409004,18.956198,,
2001-09-18,66.249840,18.803118,,
2001-09-19,64.912727,18.752090,,
2001-09-20,62.849815,17.935663,,
2001-09-21,62.171722,17.433912,,
2001-09-24,64.357460,18.241827,,
2001-09-25,65.028458,18.454441,,
2001-09-26,64.798439,18.547979,,
2001-09-27,65.360832,18.840534,,
2001-09-28,66.747673,19.207920,,
2001-10-01,66.639038,19.104168,,
2001-10-02,67.476257,19.171621,,
2001-10-03,68.607422,19.367512,,
2001-10-04,68.664970,19.573626,,
2001-10-05,68.530762,19.604280,,
2001-10-08,68.083389,19.486750,,
2001-10-09,67.719093,19.435648,,
2001-10-10,69.227379,19.827427,,
2001-10-11,70.301079,19.963703,,
2001-10-12,69.981514,19.938152,,
2001-10-15,69.853691,19.623016,,
2001-10-16,70.294701,19.895561,,
2001-10-17,68.799194,19.912596,,
2001-10-18,68.652199,19.750771,,
2001-10-19,68.607422,19.554878,,
2001-10-22,69.962341,19.691156,,
2001-10-23,69.604469,19.847868,,
2001-10-24,69.419128,20.047167,,
2001-10-25,70.665375,20.018204,,
2001-10-26,70.505577,20.147663,,
2001-10-29,68.671394,19.726925,,
2001-10-30,67.846924,19.503786,,
2001-10-31,67.616829,19.558287,,
2001-11-01,69.348793,19.970514,,
2001-11-02,69.821739,19.968809,,
2001-11-05,70.735641,20.168102,,
2001-11-06,71.834900,20.377621,,
2001-11-07,71.739052,20.193657,,
2001-11-08,71.962753,20.338442,,
2001-11-09,72.039452,20.304380,,
2001-11-12,71.598434,20.031834,,
2001-11-13,73.209007,20.215796,,
2001-11-14,73.279289,20.236237,,
2001-11-15,73.413536,20.323114,,
2001-11-16,73.087578,20.437239,,
2001-11-19,73.988678,20.539440,,
2001-11-20,73.368774,20.398058,,
2001-11-21,72.883041,20.345257,,
2001-11-23,73.931168,20.409985,,
2001-11-26,74.090942,20.607576,,
2001-11-27,73.771408,20.447454,,
2001-11-28,72.435661,20.091454,,
2001-11-29,73.413536,20.135733,,
2001-11-30,72.889404,20.212393,,
2001-12-03,72.454849,20.040350,,
2001-12-04,73.681923,20.324814,,
2001-12-05,75.030434,20.813694,,
2001-12-06,74.992073,20.878418,,
2001-12-07,74.493568,20.563288,,
2001-12-10,73.100327,20.168102,,
2001-12-11,72.953362,20.208986,,
2001-12-12,73.036423,20.292450,,
2001-12-13,71.617638,19.812098,,
2001-12-14,72.301437,19.926216,,
2001-12-17,73.049194,20.163000,,
2001-12-18,73.483818,20.217505,,
2001-12-19,74.001472,20.006287,,
2001-12-20,73.272873,19.909187,,
2001-12-21,73.717300,20.009693,,
2001-12-24,73.576248,19.935032,,
2001-12-26,73.980232,19.917986,,
2001-12-27,74.429138,20.182190,,
2001-12-28,74.390694,20.342422,,
2001-12-31,73.300484,20.335608,,
2002-01-02,74.089256,20.448105,,
2002-01-03,74.929367,20.632202,,
2002-01-04,75.429611,20.768570,,
2002-01-07,74.897308,20.492428,,
2002-01-08,74.724136,20.258898,,
2002-01-09,74.114929,20.045830,,
2002-01-10,74.442001,20.093554,,
2002-01-11,73.710892,19.979349,,
2002-01-14,73.249176,19.779911,,
2002-01-15,73.845581,19.764572,,
2002-01-16,72.351326,19.416834,,
2002-01-17,72.896439,19.696390,,
2002-01-18,72.562981,19.687870,,
2002-01-22,72.062782,19.457747,,
2002-01-23,72.614265,19.508892,,
2002-01-24,72.838737,19.614567,,
2002-01-25,72.819496,19.335022,,
2002-01-28,73.018318,19.515699,,
2002-01-29,70.722427,18.973646,,
2002-01-30,71.742119,19.183313,,
2002-01-31,72.582222,19.159443,,
2002-02-01,72.242340,19.116831,,
2002-02-04,70.446709,18.960007,,
2002-02-05,70.010582,18.581591,,
2002-02-06,69.709167,18.554319,,
2002-02-07,69.273117,18.760572,,
2002-02-08,70.600586,19.012854,,
2002-02-11,71.466362,19.244669,,
2002-02-12,71.241905,19.236156,,
2002-02-13,71.998634,19.261717,,
2002-02-14,71.863976,19.415131,,
2002-02-15,71.113647,19.295811,,
2002-02-19,69.747650,18.886709,,
2002-02-20,70.921242,18.971939,,
2002-02-21,69.452675,18.842400,,
2002-02-22,70.312004,18.978762,,
2002-02-25,71.472763,19.217400,,
2002-02-26,71.325249,19.108305,,
2002-02-27,71.601028,19.321373,,
2002-02-28,71.280380,19.389565,,
2002-03-01,72.941330,19.756052,,
2002-03-04,74.230339,20.431055,,
2002-03-05,73.993057,20.206055,,
2002-03-06,74.871666,20.415712,,
2002-03-07,74.711334,20.732767,,
2002-03-08,75.025551,20.763451,,
2002-03-11,75.185883,20.795837,,
2002-03-12,75.140968,20.557196,,
2002-03-13,74.416313,20.335608,,
2002-03-14,74.313721,20.536747,,
2002-03-15,75.021797,20.765158,,
2002-03-18,75.034660,20.741295,,
2002-03-19,75.536308,20.845272,,
2002-03-20,74.114975,20.577650,,
2002-03-21,74.147163,20.630491,,
2002-03-22,73.986328,20.448105,,
2002-03-25,73.066681,20.195833,,
2002-03-26,73.491150,20.323673,,
2002-03-27,73.684052,20.354353,,
2002-03-28,73.651939,20.471968,,
2002-04-01,73.684052,20.586166,,
2002-04-02,73.278931,20.506062,,
2002-04-03,72.764397,20.509468,,
2002-04-04,72.462097,20.480492,,
2002-04-05,72.474991,20.480492,,
2002-04-08,72.629341,20.243555,,
2002-04-09,72.121239,20.212872,,
2002-04-10,72.938042,20.477083,,
2002-04-11,71.124405,20.021955,,
2002-04-12,71.658188,20.226513,,
2002-04-15,71.111534,20.369699,,
2002-04-16,72.802994,20.751522,,
2002-04-17,72.648605,20.778793,,
2002-04-18,72.333504,20.845272,,
2002-04-19,72.597137,20.928797,,
2002-04-22,71.388077,20.782206,,
2002-04-23,71.079369,20.727659,,
2002-04-24,70.365494,20.625378,,
2002-04-25,70.404106,20.812885,,
2002-04-26,69.066360,20.628794,,
2002-04-29,68.725517,20.574249,,
2002-04-30,69.368645,20.783905,,
2002-05-01,70.217598,20.892998,,
2002-05-02,69.947449,20.836750,,
2002-05-03,69.188522,20.978235,,
2002-05-06,67.831558,20.761749,,
2002-05-07,67.593605,20.489010,,
2002-05-08,70.108231,20.940731,,
2002-05-09,69.297890,20.838449,,
2002-05-10,67.992332,20.666286,,
2002-05-13,69.375084,20.973116,,
2002-05-14,70.886444,20.996977,,
2002-05-15,70.609901,21.085617,,
2002-05-16,70.976486,21.193003,,
2002-05-17,71.323784,21.382215,,
2002-05-20,70.552010,21.273119,,
2002-05-21,69.908859,21.240730,,
2002-05-22,70.063217,21.281651,,
2002-05-23,70.809273,21.302099,,
2002-05-24,69.902435,21.162321,,
2002-05-28,69.523003,21.119713,,
2002-05-29,69.008461,21.099251,,
2002-05-30,68.815544,21.005505,,
2002-05-31,68.957062,20.894705,,
2002-06-03,67.124107,20.855501,,
2002-06-04,67.291313,20.736179,,
2002-06-05,67.921570,20.693569,,
2002-06-06,66.538803,20.489010,,
2002-06-07,66.461655,20.327078,,
2002-06-10,66.718903,20.393557,,
2002-06-11,65.574142,20.292995,,
2002-06-12,65.972916,20.180492,,
2002-06-13,65.310455,19.841276,,
2002-06-14,65.213989,19.612862,,
2002-06-17,66.963303,19.923096,,
2002-06-18,67.509995,19.970827,,
2002-06-19,65.934334,19.432178,,
2002-06-20,65.091782,19.341833,,
2002-06-21,64.074005,19.363998,,
2002-06-24,64.409645,19.365704,,
2002-06-25,62.963951,19.381042,,
2002-06-26,63.067207,19.384451,,
2002-06-27,64.170815,19.863438,,
2002-06-28,63.867508,20.207764,,
2002-07-01,62.621868,20.045830,,
2002-07-02,61.292408,19.679340,,
2002-07-03,61.640896,19.491838,,
2002-07-05,64.093361,20.248667,,
2002-07-08,63.293083,20.233326,,
2002-07-09,61.698986,19.986158,,
2002-07-10,59.453037,19.425354,,
2002-07-11,59.937065,19.346954,,
2002-07-12,59.278790,19.082735,,
2002-07-15,59.595016,18.859436,,
2002-07-16,58.446232,18.494665,,
2002-07-17,58.562412,18.963417,,
2002-07-18,56.664967,19.038420,,
2002-07-19,54.670727,18.365112,,
2002-07-22,53.050816,17.702030,,
2002-07-23,51.598686,17.199186,,
2002-07-24,54.677200,17.814531,,
2002-07-25,54.212509,17.625324,,
2002-07-26,55.245098,17.625324,,
2002-07-29,57.936401,18.469095,,
2002-07-30,58.691471,18.351471,,
2002-07-31,58.833466,18.281590,,
2002-08-01,57.297462,17.642374,,
2002-08-02,56.013153,17.574188,,
2002-08-05,54.064060,16.977589,,
2002-08-06,55.884060,17.349188,,
2002-08-07,56.858597,17.684986,,
2002-08-08,58.697945,18.085566,,
2002-08-09,58.917332,18.256020,,
2002-08-12,58.484982,18.051470,,
2002-08-13,57.420086,17.879309,,
2002-08-14,59.517567,18.298634,,
2002-08-15,60.343712,18.443521,,
2002-08-16,60.162968,18.443521,,
2002-08-19,61.569927,18.775919,,
2002-08-20,60.918072,18.273069,,
2002-08-21,61.795776,18.733301,,
2002-08-22,62.396008,18.787848,,
2002-08-23,61.053608,18.554319,,
2002-08-26,61.479542,18.639549,,
2002-08-27,60.769634,18.803190,,
2002-08-28,59.440125,18.290113,,
2002-08-29,59.465935,18.111134,,
2002-08-30,59.233635,18.102610,,
2002-09-03,56.974777,17.395216,,
2002-09-04,57.787960,17.398613,,
2002-09-05,57.297462,17.267365,,
2002-09-06,58.084831,17.519646,,
2002-09-09,58.510780,17.441229,,
2002-09-10,59.181992,17.574188,,
2002-09-11,58.814114,17.737833,,
2002-09-12,57.729870,17.444641,,
2002-09-13,57.871845,17.015087,,
2002-09-16,58.013840,16.875309,,
2002-09-17,56.684334,16.790081,,
2002-09-18,56.116402,16.781559,,
2002-09-19,54.664257,16.491785,,
2002-09-20,54.682423,16.401440,,
2002-09-23,54.235142,15.818472,,
2002-09-24,53.359924,15.562788,,
2002-09-25,54.682423,15.954843,,
2002-09-26,55.577065,16.517347,,
2002-09-27,53.645172,16.512236,,
2002-09-30,53.022835,16.227575,,
2002-10-01,55.570583,16.624735,,
2002-10-02,53.904499,16.396322,,
2002-10-03,53.359924,16.215639,,
2002-10-04,52.381027,15.937798,,
2002-10-07,51.298412,15.545744,,
2002-10-08,52.102272,15.586643,,
2002-10-09,50.630688,15.341189,,
2002-10-10,52.270809,15.699154,,
2002-10-11,54.559254,16.270184,,
2002-10-14,54.863934,15.852568,,
2002-10-15,57.502430,16.960543,,
2002-10-16,56.108646,16.662241,,
2002-10-17,57.223675,16.900883,,
2002-10-18,57.463547,16.764517,,
2002-10-21,58.455437,17.003157,,
2002-10-22,58.034039,16.808836,,
2002-10-23,58.474876,16.653719,,
2002-10-24,57.282009,16.491785,,
2002-10-25,58.474876,16.773037,,
2002-10-28,58.092400,16.849747,,
2002-10-29,57.418163,16.474735,,
2002-10-30,57.975723,16.738941,,
2002-10-31,57.385746,16.849747,,
2002-11-01,58.520260,17.112249,,
2002-11-04,59.077755,17.335548,,
2002-11-05,59.544518,17.599760,,
2002-11-06,60.315998,17.608278,,
2002-11-07,58.837933,17.309975,,
2002-11-08,58.118309,17.165091,,
2002-11-11,57.217213,16.829290,,
2002-11-12,57.671021,17.139521,,
2002-11-13,57.729362,16.943491,,
2002-11-14,58.818459,17.321913,,
2002-11-15,59.252811,17.582708,,
2002-11-18,58.656391,17.361116,,
2002-11-19,58.578606,17.199186,,
2002-11-20,59.881653,17.437820,,
2002-11-21,60.996674,17.863968,,
2002-11-22,60.562313,17.778738,,
2002-11-25,60.601212,17.640665,,
2002-11-26,59.447285,17.228157,,
2002-11-27,61.119858,17.705444,,
2002-11-29,60.925350,17.795782,,
2002-12-02,61.022633,17.884420,,
2002-12-03,60.205750,17.567371,,
2002-12-04,59.933487,17.487255,,
2002-12-05,59.272243,17.291233,,
2002-12-06,59.661217,17.412251,,
2002-12-09,58.021072,16.965658,,
2002-12-10,58.799000,17.195778,,
2002-12-11,58.850864,17.173611,,
2002-12-12,58.844421,17.139521,,
2002-12-13,57.917336,16.977589,,
2002-12-16,59.414864,17.344069,,
2002-12-17,58.896248,17.257139,,
2002-12-18,58.215542,16.892359,,
2002-12-19,57.800636,16.986111,,
2002-12-20,58.625420,17.088383,,
2002-12-23,58.644951,17.120005,,
2002-12-24,58.208462,17.088737,,
2002-12-26,58.234539,17.146061,,
2002-12-27,56.925060,16.876795,,
2002-12-30,57.400631,17.128696,,
2002-12-31,57.478828,17.199915,,
2003-01-02,59.329002,17.562984,,
2003-01-03,59.511414,17.580355,,
2003-01-06,60.560265,17.797508,,
2003-01-07,60.410446,17.519558,,
2003-01-08,59.537498,17.281557,,
2003-01-09,60.462505,17.493498,,
2003-01-10,60.625385,17.470919,,
2003-01-13,60.605854,17.507397,,
2003-01-14,60.801323,17.641155,,
2003-01-15,60.195473,17.472649,,
2003-01-16,59.947868,17.545618,,
2003-01-17,59.061901,17.361471,,
2003-01-21,58.143322,17.055729,,
2003-01-22,57.439743,16.815996,,
2003-01-23,57.791500,16.934122,,
2003-01-24,56.273617,16.755190,,
2003-01-27,55.504890,16.308735,,
2003-01-28,55.915314,16.378218,,
2003-01-29,56.338783,16.338268,,
2003-01-30,55.003273,16.327841,,
2003-01-31,56.065140,16.459873,,
2003-02-03,56.175930,16.718708,,
2003-02-04,55.622158,16.477234,,
2003-02-05,55.276875,16.505033,,
2003-02-06,55.016273,16.345217,,
2003-02-07,54.345280,16.108959,,
2003-02-10,54.729664,16.164549,,
2003-02-11,54.351788,16.242720,,
2003-02-12,53.485336,16.070738,,
2003-02-13,53.648205,16.306993,,
2003-02-14,54.820824,16.461613,,
2003-02-18,55.785030,16.703075,,
2003-02-19,55.491871,16.312208,,
2003-02-20,54.938118,16.329578,,
2003-02-21,55.491871,16.433813,,
2003-02-24,54.592838,16.234037,,
2003-02-25,55.029316,16.034252,,
2003-02-26,54.227985,15.843168,,
2003-02-27,54.944645,15.865749,,
2003-02-28,55.309452,16.112432,,
2003-03-03,54.781742,16.181921,,
2003-03-04,53.908791,15.947403,,
2003-03-05,54.364822,15.973456,,
2003-03-06,53.908791,15.791056,,
2003-03-07,54.280144,15.676397,,
2003-03-10,52.977196,15.242098,,
2003-03-11,52.456017,15.191723,,
2003-03-12,52.807838,15.016268,,
2003-03-13,54.631916,15.445347,,
2003-03-14,54.807816,15.521790,,
2003-03-17,56.534222,15.959557,,
2003-03-18,56.866447,16.027308,,
2003-03-19,57.302937,16.112432,,
2003-03-20,57.426712,16.214930,,
2003-03-21,58.652493,16.607531,,
2003-03-24,56.703281,16.068998,,
2003-03-25,57.246181,16.247932,,
2003-03-26,56.958397,16.256615,,
2003-03-27,57.004185,16.147175,,
2003-03-28,56.716366,16.042948,,
2003-03-31,55.427803,15.738936,,
2003-04-01,56.278141,15.983878,,
2003-04-02,57.638645,16.247932,,
2003-04-03,57.363922,16.157595,,
2003-04-04,57.704048,16.374746,,
2003-04-07,57.592831,16.586685,,
2003-04-08,57.684399,16.590157,,
2003-04-09,56.925659,16.527622,,
2003-04-10,57.239666,16.442495,,
2003-04-11,57.004185,16.348690,,
2003-04-14,58.181526,16.597105,7.199280,
2003-04-15,58.724434,16.824680,7.284819,
2003-04-16,57.723660,16.713499,7.368930,
2003-04-17,58.580540,16.954973,7.421678,
2003-04-21,58.639427,16.895905,7.418825,
2003-04-22,59.744816,17.140846,7.443772,
2003-04-23,60.294250,17.291988,7.478702,
2003-04-24,59.757904,17.156485,7.331153,
2003-04-25,59.018780,16.852470,7.209975,
2003-04-28,60.039131,17.151270,7.329014,
2003-04-29,60.248489,17.250286,7.537864,
2003-04-30,60.117641,17.338886,7.516479,
2003-05-01,60.111130,17.410110,7.487255,
2003-05-02,60.967953,17.561251,7.602017,
2003-05-05,60.850216,17.695013,7.683990,
2003-05-06,61.425819,18.068504,7.723191,
2003-05-07,61.085712,17.901737,7.708937,
2003-05-08,60.470886,17.632475,7.641219,
2003-05-09,61.308086,17.854834,7.731033,
2003-05-12,62.060307,17.997284,7.838664,
2003-05-13,61.949108,17.995544,7.794468,
2003-05-14,61.818249,18.000757,7.755267,
2003-05-15,62.210720,18.032024,7.770948,
2003-05-16,62.053780,18.254385,7.776652,
2003-05-19,60.601688,17.761028,7.591325,
2003-05-20,60.477417,17.938213,7.629102,
2003-05-21,60.601688,17.752338,7.635517,
2003-05-22,61.203438,17.990334,7.704660,
2003-05-23,61.327705,18.092827,7.783779,
2003-05-27,62.400448,18.249174,8.062484,
2003-05-28,62.577053,18.336031,8.097410,
2003-05-29,62.413517,18.422894,8.108106,
2003-05-30,63.414299,18.457645,8.202194,
2003-06-02,63.675911,18.629620,8.261355,
2003-06-03,63.937553,18.674784,8.198626,
2003-06-04,64.859825,18.787704,8.304125,
2003-06-05,65.180328,18.977060,8.312677,
2003-06-06,64.925224,19.091709,8.390371,
2003-06-09,64.264610,18.954473,8.318379,
2003-06-10,64.918694,19.107344,8.403917,
2003-06-11,65.605469,19.421778,8.411044,
2003-06-12,65.808220,19.473888,8.474481,
2003-06-13,65.121460,19.360979,8.471631,
2003-06-16,66.495041,19.644136,8.562871,
2003-06-17,66.495041,19.684092,8.738928,
2003-06-18,66.436180,19.628502,8.706856,
2003-06-19,65.422333,19.395718,8.706856,
2003-06-20,65.277946,19.421778,8.706856,
2003-06-23,64.608337,19.206364,8.493017,
2003-06-24,64.674004,19.055225,8.430289,
2003-06-25,64.024071,18.865885,8.500141,
2003-06-26,64.857796,18.952736,8.592096,
2003-06-27,64.109428,18.810284,8.552176,
2003-06-30,64.089729,18.815495,8.546474,
2003-07-01,64.680573,18.926683,8.639139,
2003-07-02,65.494560,19.300177,8.842289,
2003-07-03,64.818420,19.195936,8.867232,
2003-07-07,66.105042,19.548594,9.086777,
2003-07-08,66.400452,19.456518,9.112438,
2003-07-09,66.026314,19.355768,9.091056,
2003-07-10,65.186028,19.256744,8.931390,
2003-07-11,65.803085,19.215048,9.006230,
2003-07-14,66.124779,19.421778,9.164476,
2003-07-15,65.980339,19.239376,9.049003,
2003-07-16,65.593033,19.095188,9.056128,
2003-07-17,64.660851,18.796385,8.819478,
2003-07-18,65.323883,19.091709,8.937088,
2003-07-21,64.516457,18.945797,8.818766,
2003-07-22,65.100670,18.900620,8.924261,
2003-07-23,65.146606,19.180311,8.867232,
2003-07-24,64.654305,19.211576,8.910004,
2003-07-25,65.796532,19.453049,9.056128,
2003-07-28,65.553642,19.503429,9.106022,
2003-07-29,65.251640,19.421778,9.054705,
2003-07-30,65.094131,19.260218,8.988413,
2003-07-31,65.245094,19.100391,9.031178,
2003-08-01,64.667412,19.096920,9.051138,
2003-08-04,64.667412,19.152515,9.011221,
2003-08-05,63.295460,18.973579,8.914281,
2003-08-06,63.663052,18.944048,8.874363,
2003-08-07,64.332603,19.056965,8.939224,
2003-08-08,64.516457,19.116030,8.999105,
2003-08-11,64.759331,19.300177,9.038308,
2003-08-12,65.350113,19.381819,9.073945,
2003-08-13,65.015366,19.395718,9.202252,
2003-08-14,65.192543,19.671932,9.323427,
2003-08-15,65.396095,19.626766,9.230765,
2003-08-18,65.960648,19.899506,9.427500,
2003-08-19,66.210075,19.856073,9.473831,
2003-08-20,65.940964,19.819601,9.475255,
2003-08-21,66.151031,19.856073,9.649179,
2003-08-22,65.494560,19.741419,9.698361,
2003-08-25,65.599594,19.661509,9.622804,
2003-08-26,65.717743,19.559015,9.505194,
2003-08-27,65.737434,19.593761,9.615673,
2003-08-28,66.144447,19.708416,9.682679,
2003-08-29,66.590820,19.729259,9.752534,
2003-09-02,67.483604,20.028055,9.897233,
2003-09-03,67.851234,20.290367,9.975641,
2003-09-04,67.884064,20.266050,10.011282,
2003-09-05,67.503288,20.306005,10.002013,
2003-09-08,68.061310,20.396343,10.191618,
2003-09-09,67.614922,20.436296,10.014846,
2003-09-10,66.932159,20.229567,9.848051,
2003-09-11,67.129135,20.342493,9.836641,
2003-09-12,67.253845,20.429348,9.906501,
2003-09-15,67.017517,20.488415,9.760373,
2003-09-16,67.995644,20.691660,9.961383,
2003-09-17,67.864334,20.827158,9.918616,
2003-09-18,68.665245,21.046051,10.032663,
2003-09-19,68.315964,20.967880,9.986331,
2003-09-22,67.577950,20.731617,9.823102,
2003-09-23,67.834915,20.778522,9.847337,
2003-09-24,66.628998,20.677769,9.865156,
2003-09-25,66.082047,20.411978,9.719029,
2003-09-26,65.864578,20.325117,9.651317,
2003-09-29,66.510368,20.585697,9.719748,49.085796
2003-09-30,65.864578,20.325117,9.689095,49.340416
2003-10-01,67.268204,20.992201,9.943564,49.316349
2003-10-02,67.512047,20.959194,10.086123,49.239525
2003-10-03,68.131462,21.264936,10.185916,48.884010
2003-10-06,68.441162,21.487295,10.225121,48.956013
2003-10-07,68.704781,21.454288,10.214427,48.787933
2003-10-08,68.533417,21.365698,10.290697,48.907948
2003-10-09,68.717934,21.513361,10.463907,48.735081
2003-10-10,68.909050,21.603685,10.592210,49.004086
2003-10-13,69.126480,21.817362,10.752594,48.787933
2003-10-14,69.370338,21.932013,10.547305,48.691792
2003-10-15,69.185837,21.723555,10.674895,48.571663
2003-10-16,69.462593,21.853846,10.672049,48.441959
2003-10-17,68.704781,21.740927,10.607183,48.672619
2003-10-20,69.218765,21.973709,10.666346,48.643776
2003-10-21,69.100166,21.899010,10.719802,48.739819
2003-10-22,68.230301,21.685337,10.562277,48.956013
2003-10-23,68.105118,21.410858,10.406886,48.835938
2003-10-24,68.256660,21.452557,10.352000,49.076149
2003-10-27,68.289581,21.548101,10.471036,48.980087
2003-10-28,69.218765,21.801729,10.614308,49.172226
2003-10-29,69.311050,21.775671,10.702693,48.956013
2003-10-30,69.455994,21.799992,10.664205,48.956013
2003-10-31,69.390053,21.645384,10.578671,48.879166
2003-11-03,69.844765,21.754820,10.831002,48.791904
2003-11-04,69.693253,21.874691,10.860940,48.888332
2003-11-05,69.745972,21.749615,10.875196,48.888332
2003-11-06,70.114975,21.558517,10.797500,48.623173
2003-11-07,69.594383,21.758301,10.808906,48.647278
2003-11-10,69.311050,21.577627,10.659926,48.738880
2003-11-11,69.291237,21.495977,10.523068,48.652096
2003-11-12,70.068840,21.944180,10.710538,48.743679
2003-11-13,70.088646,22.069254,10.793223,49.100498
2003-11-14,69.495544,21.919855,10.738336,49.139015
2003-11-17,69.146309,21.542881,10.528771,49.346321
2003-11-18,68.428001,21.628002,10.549449,49.322247
2003-11-19,69.007896,21.680126,10.481016,49.090862
2003-11-20,68.388458,21.541149,10.345587,49.259602
2003-11-21,68.671822,21.773935,10.435398,49.312603
2003-11-24,69.581200,21.937223,10.548732,49.105293
2003-11-25,69.844765,21.971977,10.585084,49.298107
2003-11-26,70.095177,22.157852,10.682025,49.119781
2003-11-28,70.147911,22.192593,10.777538,49.042614
2003-12-01,70.905731,22.632105,11.086182,48.908192
2003-12-02,70.727806,22.685953,11.037002,48.893707
2003-12-03,70.615784,22.731119,10.998508,48.942070
2003-12-04,70.905731,22.783241,10.922949,49.014576
2003-12-05,70.411522,22.619942,10.902278,49.261150
2003-12-08,70.885971,22.809301,10.923669,49.261150
2003-12-09,70.339005,22.713753,10.878045,48.985558
2003-12-10,70.332420,22.550459,10.834567,49.178967
2003-12-11,71.123230,22.800610,11.032009,49.352974
2003-12-12,71.261604,22.875319,11.082620,49.381981
2003-12-15,70.905731,22.722443,11.091171,49.352974
2003-12-16,71.274757,23.013594,11.044844,49.381981
2003-12-17,71.498817,22.959541,10.916536,49.502846
2003-12-18,72.302788,23.301264,11.092598,49.575375
2003-12-19,72.101501,23.170507,11.119688,49.599510
2003-12-22,72.604706,23.323641,11.276700,49.575375
2003-12-23,72.651047,23.373041,11.307486,49.381981
2003-12-24,72.578209,23.429501,11.344003,49.420670
2003-12-26,72.631142,23.387157,11.372643,49.667217
2003-12-29,73.597824,23.780586,11.544477,49.546341
2003-12-30,73.611069,23.826462,11.599603,49.454472
2003-12-31,73.677246,24.131681,11.745845,49.522858
2004-01-02,73.644203,24.196951,12.007377,49.241646
2004-01-05,74.445335,24.662727,12.428688,49.299839
2004-01-06,74.518105,24.699768,12.288252,49.522858
2004-01-07,74.769722,24.452776,12.316911,49.634403
2004-01-08,75.067657,24.803864,12.363486,49.619770
2004-01-09,74.412186,24.646851,12.341272,50.031895
2004-01-12,74.961754,24.639790,12.330526,49.891304
2004-01-13,74.524750,24.496880,12.260305,50.007660
2004-01-14,75.147087,24.708603,12.279648,50.002796
2004-01-15,75.332504,24.558634,12.028874,50.065842
2004-01-16,75.630440,24.470419,12.080462,50.027042
2004-01-20,75.610550,24.735065,12.431554,49.983433
2004-01-21,76.206444,25.034981,12.448030,50.017376
2004-01-22,76.007797,25.050858,12.416510,50.104626
2004-01-23,75.762856,24.782696,12.395730,49.983433
2004-01-26,76.716255,24.862083,12.478130,49.789482
2004-01-27,75.928406,24.752705,12.415076,49.862217
2004-01-28,75.061020,24.435137,12.239528,49.760384
2004-01-29,75.133873,24.466888,12.046786,49.644047
2004-01-30,75.133873,24.403381,12.030305,49.741005
2004-02-02,75.458267,24.346926,12.033171,49.754608
2004-02-03,75.332504,24.391020,11.965813,49.890808
2004-02-04,74.716743,24.126390,11.858343,49.895596
2004-02-05,74.935249,24.226944,11.854759,49.754608
2004-02-06,75.776070,24.683891,12.124886,49.958858
2004-02-09,75.795975,24.839157,12.299713,49.992832
2004-02-10,76.040962,24.946775,12.288970,49.885887
2004-02-11,76.848686,25.229059,12.479561,50.080318
2004-02-12,76.570610,25.008516,12.473112,50.085190
2004-02-13,76.226341,24.976767,12.481708,50.308807
2004-02-17,76.914886,25.458416,12.732492,50.187286
2004-02-18,76.577240,25.105553,12.559093,50.148388
2004-02-19,76.292526,25.273159,12.449467,50.201870
2004-02-20,76.060814,24.964417,12.309746,50.046307
2004-02-23,75.868767,25.034981,12.202272,50.182434
2004-02-24,75.736366,24.937950,12.137781,50.138683
2004-02-25,76.054184,24.752705,12.270338,50.255329
2004-02-26,76.100510,24.761532,12.331242,50.172688
2004-02-27,76.153473,24.964417,12.506073,50.308807
2004-03-01,76.908241,25.299625,12.791246,50.331215
2004-03-02,76.458054,24.893850,12.689499,50.155792
2004-03-03,76.597069,24.840919,12.610684,50.102222
2004-03-04,76.795692,24.920313,12.696664,50.224022
2004-03-05,77.053925,25.211409,12.743237,50.594372
2004-03-08,76.113792,25.049097,12.621430,50.764877
2004-03-09,75.809181,24.876198,12.539033,50.838020
2004-03-10,74.537987,24.477480,12.252423,50.779541
2004-03-11,73.571358,24.080517,11.987312,50.891613
2004-03-12,74.537987,24.292229,12.087626,50.735664
2004-03-15,73.624313,23.879395,11.861925,50.745415
2004-03-16,74.014931,24.099926,12.008809,50.867252
2004-03-17,74.842552,24.602734,12.173610,50.842831
2004-03-18,74.862419,24.593924,12.245260,50.794132
2004-03-19,73.789383,24.276352,12.084048,50.740555
2004-03-22,72.852592,23.960546,11.890587,50.872112
2004-03-23,72.726334,24.144028,12.010242,50.876972
2004-03-24,72.786148,24.048767,12.019557,50.906170
2004-03-25,73.749519,24.505703,12.137065,50.876972
2004-03-26,73.769447,24.399853,12.114857,50.701530
2004-03-29,74.805946,24.752705,12.270338,50.608944
2004-03-30,75.058411,24.805639,12.420805,50.409149
2004-03-31,75.144791,24.982058,12.574861,50.652817
2004-04-01,75.596603,25.313740,12.677319,50.677235
2004-04-02,76.167984,25.386078,12.804145,50.213184
2004-04-05,76.586555,25.386078,12.893703,49.905415
2004-04-06,76.340729,25.308453,12.965363,50.047062
2004-04-07,76.161324,25.347260,12.918786,49.925007
2004-04-08,75.988609,25.294333,12.929533,49.954262
2004-04-12,76.287567,25.458416,13.029133,49.939617
2004-04-13,75.217857,25.132015,12.877223,49.851662
2004-04-14,75.337456,24.872677,12.687358,49.705132
2004-04-15,75.051765,24.699768,12.582027,49.631851
2004-04-16,75.629799,24.964417,12.675167,49.768639
2004-04-19,75.629799,24.990885,12.696664,49.705132
2004-04-20,74.360794,24.646851,12.585601,49.543922
2004-04-21,74.859093,24.814455,12.492459,49.426704
2004-04-22,75.908852,24.990885,12.488872,49.607441
2004-04-23,75.981941,24.955595,12.582027,49.509724
2004-04-26,75.875626,24.948540,12.402893,49.495083
2004-04-27,75.942024,24.973228,12.336975,49.617203
2004-04-28,74.958794,24.512760,11.983730,49.387573
2004-04-29,74.300987,24.249884,11.588934,49.245922
2004-04-30,73.722939,24.135202,11.342450,49.231281
2004-05-03,74.513588,24.382202,11.456376,49.157860
2004-05-04,74.453789,24.692715,11.680641,49.245968
2004-05-05,74.932175,24.964417,11.709308,49.182304
2004-05-06,74.287666,24.435137,11.466406,49.030491
2004-05-07,73.058556,23.773533,11.208460,48.614136
2004-05-10,72.307777,23.164864,10.667492,48.540657
2004-05-11,72.918991,23.332462,10.984189,48.663116
2004-05-12,73.384087,23.482428,10.987777,48.594505
2004-05-13,73.078476,23.235437,10.959111,48.584755
2004-05-14,73.111687,23.216034,10.670355,48.594505
2004-05-17,72.487160,22.961966,10.243314,48.839428
2004-05-18,72.852592,23.205441,10.547836,48.863945
2004-05-19,72.600090,23.434797,10.839457,48.780643
2004-05-20,72.832649,23.464788,10.772821,48.912903
2004-05-21,72.958862,23.637684,10.949797,48.834549
2004-05-24,73.264503,23.789421,11.120328,48.873722
2004-05-25,74.314308,24.144028,11.365377,48.859016
2004-05-26,74.573418,24.099926,11.320952,48.981464
2004-05-27,74.991951,24.558634,11.500083,49.216583
2004-05-28,74.985367,24.410435,11.475005,49.045155
2004-06-01,74.885689,24.468653,11.395473,48.989658
2004-06-02,75.164726,24.539228,11.395473,49.009327
2004-06-03,74.473755,24.302805,11.142540,48.989658
2004-06-04,75.065086,24.593924,11.306622,48.886463
2004-06-07,76.207855,25.137306,11.697126,48.935528
2004-06-08,76.314148,24.996166,11.534473,48.817638
2004-06-09,75.603218,24.567453,11.273659,48.832390
2004-06-10,75.975288,24.858562,11.286560,48.783272
2004-06-14,75.224503,24.260475,10.851638,48.645721
2004-06-15,75.756027,24.690954,11.061573,49.058407
2004-06-16,75.742760,24.682121,10.913253,48.960152
2004-06-17,75.629799,24.840919,10.967712,49.014175
2004-06-18,75.772514,24.885027,10.905375,49.087914
2004-06-21,75.485779,24.796808,10.955532,49.151806
2004-06-22,75.865845,24.807398,11.071607,49.132137
2004-06-23,76.519348,24.964417,11.268647,49.092831
2004-06-24,76.279305,25.061451,11.313789,49.279541
2004-06-25,75.912552,24.969698,11.428434,49.264809
2004-06-28,75.652481,25.123201,11.330984,49.102638
2004-06-29,75.965889,25.070271,11.417684,49.014175
2004-06-30,76.372688,25.229059,11.581050,49.402386
2004-07-01,75.312393,24.911486,11.436312,49.464981
2004-07-02,75.272369,25.050858,11.435596,49.780457
2004-07-06,74.612206,24.638023,11.313071,49.745922
2004-07-07,74.832291,24.929142,11.460676,49.716377
2004-07-08,74.312141,24.770350,11.297307,49.770596
2004-07-09,74.505554,24.980293,11.357497,49.622696
2004-07-12,74.538841,25.052629,11.328117,49.770596
2004-07-13,74.592201,24.929142,11.379707,49.716377
2004-07-14,74.365433,24.787989,11.270798,49.745922
2004-07-15,73.885368,24.479244,11.212041,49.652275
2004-07-16,73.825363,24.676836,11.335285,49.982563
2004-07-19,73.511940,24.696251,11.318087,49.908585
2004-07-20,74.445541,24.708603,11.366093,49.775513
2004-07-21,73.071815,24.172255,11.234974,49.657242
2004-07-22,73.271896,24.302805,11.234974,49.765720
2004-07-23,72.658363,23.854685,11.041514,49.879047
2004-07-26,72.518356,23.854685,10.939050,49.647385
2004-07-27,73.198524,24.002892,11.147554,49.533978
2004-07-28,73.418579,24.034649,11.143973,49.607895
2004-07-29,73.732010,24.064642,11.213477,49.494549
2004-07-30,73.912018,24.152851,11.159739,49.859280
2004-08-02,74.065392,24.267525,11.103850,49.845493
2004-08-03,73.491959,24.108744,11.116751,49.914715
2004-08-04,73.485229,24.105209,11.127495,50.023499
2004-08-05,72.284950,23.747070,11.055843,50.058071
2004-08-06,71.251373,23.711782,10.975594,50.379536
2004-08-09,71.351372,23.685318,11.067307,50.414154
2004-08-10,72.271629,23.879395,11.191979,50.280666
2004-08-11,72.124916,23.799999,11.088088,50.315239
2004-08-12,71.338066,23.535362,10.964130,50.419075
2004-08-13,71.478111,23.676495,10.981324,50.518017
2004-08-16,72.218285,23.914673,11.131076,50.458649
2004-08-17,72.625046,23.932322,11.205592,50.606983
2004-08-18,73.371918,24.114040,11.338150,50.443829
2004-08-19,73.158546,24.057592,11.350330,50.611969
2004-08-20,73.671989,24.170492,11.406938,50.463612
2004-08-23,73.485229,23.974659,11.468557,50.478439
2004-08-24,73.585289,23.969358,11.435596,50.483398
2004-08-25,74.085419,24.223423,11.571737,50.488319
2004-08-26,74.085419,24.241070,11.587500,50.582226
2004-08-27,74.318802,24.302805,11.566005,50.616856
2004-08-30,73.705322,24.214600,11.503666,50.666374
2004-08-31,74.092079,24.440432,11.553823,50.666374
2004-09-01,74.232086,24.461592,11.649115,50.848862
2004-09-02,75.072319,24.717417,11.793857,50.645523
2004-09-03,74.765633,24.389259,11.668465,50.620739
2004-09-07,75.259064,24.729776,11.758031,50.615772
2004-09-08,75.072319,24.717417,11.750863,50.769508
2004-09-09,75.005630,24.638023,11.786690,50.719910
2004-09-10,75.392395,24.823271,11.898464,50.829052
2004-09-13,75.639145,24.911486,12.007377,50.878654
2004-09-14,75.792503,24.973228,12.003078,50.933189
2004-09-15,75.219002,24.615088,11.950054,50.903435
2004-09-16,75.445755,24.777407,12.099805,51.057217
2004-09-17,75.766518,24.858562,12.180774,50.843922
2004-09-20,75.311203,24.703304,12.192955,51.062187
2004-09-21,75.639267,25.089678,12.320497,51.047329
2004-09-22,74.695122,24.682121,12.134206,51.215946
2004-09-23,74.293358,24.615088,12.187938,51.062187
2004-09-24,74.634880,24.646851,12.153545,51.077065
2004-09-27,74.159431,24.523348,12.081174,51.062187
2004-09-28,74.514297,24.763285,12.230928,51.146511
2004-09-29,74.889275,24.858562,12.295417,50.853867
2004-09-30,74.835739,24.946775,12.359900,50.928238
2004-10-01,76.101311,25.334908,12.596348,50.837204
2004-10-04,76.228546,25.373724,12.811309,50.852104
2004-10-05,76.268684,25.387836,12.716724,50.847122
2004-10-06,76.791016,25.483112,12.863613,50.752617
2004-10-07,75.967392,25.308453,12.753985,50.752617
2004-10-08,75.337944,25.484873,12.660837,51.001377
2004-10-11,75.645973,25.546621,12.726759,51.051140
2004-10-12,75.351357,25.255518,12.526137,51.001377
2004-10-13,74.688400,25.079088,12.356318,51.076027
2004-10-14,74.085785,24.946775,12.187938,51.319862
2004-10-15,74.500946,25.230822,12.350589,51.225300
2004-10-18,74.782181,25.331383,12.481708,51.180470
2004-10-19,74.152740,25.281992,12.421523,51.205402
2004-10-20,74.005440,25.379023,12.343417,51.384544
2004-10-21,74.487549,25.527218,12.521125,51.255184
2004-10-22,73.650513,25.370199,12.431554,51.379524
2004-10-25,73.563492,25.343731,12.465230,51.439259
2004-10-26,74.688400,25.484873,12.510370,51.289997
2004-10-27,75.585701,25.749516,12.725327,51.175545
2004-10-28,75.813393,25.820091,12.662272,51.235256
2004-10-29,75.800003,25.820091,12.711710,51.369629
2004-11-01,76.007584,25.864195,12.806293,51.259338
2004-11-02,76.034340,26.065323,12.835667,51.214447
2004-11-03,76.991928,26.374065,13.022678,51.324219
2004-11-04,78.043190,26.742798,13.219723,51.279305
2004-11-05,78.531990,26.868055,13.269878,51.149574
2004-11-08,78.418167,26.681049,13.120127,50.965023
2004-11-09,78.264160,26.614014,13.204675,51.084736
2004-11-10,78.324425,26.562841,13.219723,51.024860
2004-11-11,78.920372,26.852175,13.370193,51.074722
2004-11-12,79.543114,27.169744,13.595891,51.134605
2004-11-15,79.738556,27.196220,13.608789,51.159565
2004-11-16,79.167671,26.966864,13.453305,51.109680
2004-11-17,79.637817,27.310898,13.757109,51.239346
2004-11-18,79.745239,27.249142,13.782191,51.259338
2004-11-19,78.858742,27.072721,13.585148,51.154583
2004-11-22,79.234856,27.152115,13.638165,51.234367
2004-11-23,79.355736,27.205034,13.661807,51.204479
2004-11-24,79.543755,27.328541,13.807272,51.254356
2004-11-26,79.483337,27.487326,14.036552,51.104683
2004-11-29,79.120697,27.575537,13.950570,50.965023
2004-11-30,79.174431,27.390289,13.976361,50.989922
2004-12-01,80.074364,27.866638,14.083123,50.798801
2004-12-02,80.141502,27.822525,14.062346,50.893883
2004-12-03,80.087791,27.988382,14.126113,51.189045
2004-12-06,80.060936,27.817240,14.106049,51.244102
2004-12-07,79.315453,27.665514,13.889663,51.314209
2004-12-08,79.778862,27.646105,13.816580,51.489342
2004-12-09,80.060936,27.531431,13.591594,51.419258
2004-12-10,80.141502,27.261507,13.577978,51.354237
2004-12-13,80.839958,27.672573,13.784335,51.429321
2004-12-14,81.122047,27.681387,13.911160,51.479359
2004-12-15,81.182465,27.848999,14.103901,51.594463
2004-12-16,81.135468,27.672573,14.032967,51.394264
2004-12-17,80.594292,27.593180,14.000727,51.269150
2004-12-20,80.614532,27.845465,14.183436,51.319149
2004-12-21,81.235344,28.041298,14.319571,51.319149
2004-12-22,81.431007,28.083645,14.315990,51.429321
2004-12-23,81.491737,28.267981,14.413396,51.454323
2004-12-27,81.323044,28.490107,14.402517,51.259151
2004-12-28,81.768387,28.679993,14.477217,51.234093
2004-12-29,81.889877,28.542053,14.557001,51.224144
2004-12-30,81.734657,28.545643,14.520014,51.329208
2004-12-31,81.559212,28.706858,14.639683,51.396477
2005-01-03,81.174591,28.500851,14.487372,51.396477
2005-01-04,80.182701,27.954479,14.041334,51.346275
2005-01-05,79.629387,27.936571,13.869435,51.326187
2005-01-06,80.034248,27.936571,13.860013,51.361336
2005-01-07,79.919518,27.811180,13.886846,51.346275
2005-01-10,80.297379,27.936571,13.904253,51.321201
2005-01-11,79.744133,27.882830,13.878142,51.391418
2005-01-12,80.007248,28.106756,14.048581,51.466751
2005-01-13,79.366249,27.864908,13.990559,51.592228
2005-01-14,79.784592,27.999269,14.240778,51.406483
2005-01-18,80.614532,28.020771,14.215396,51.542015
2005-01-19,79.771095,27.730562,14.019575,51.617317
2005-01-20,79.285233,27.546047,13.845504,51.687588
2005-01-21,78.799385,27.655329,14.034077,51.712700
2005-01-24,78.644218,27.703690,14.012321,51.722736
2005-01-25,78.866867,27.712645,14.139244,51.632393
2005-01-26,79.103065,28.047636,14.345947,51.607300
2005-01-27,79.238052,28.088839,14.359722,51.537037
2005-01-28,79.238052,28.026144,14.372778,51.712700
2005-01-31,79.730583,28.160498,14.562077,51.647442
2005-02-01,80.236702,28.336042,14.686824,51.702324
2005-02-02,80.479607,28.375460,14.733243,51.742580
2005-02-03,80.270432,28.221401,14.718012,51.677113
2005-02-04,81.127365,28.366497,14.947927,51.893604
2005-02-07,81.019417,28.187366,14.995069,51.903690
2005-02-08,81.113884,28.187366,15.024077,51.933903
2005-02-09,80.506531,28.115715,14.975482,52.074890
2005-02-10,80.796730,28.407711,15.048010,51.808064
2005-02-11,81.491737,28.604753,15.194516,51.878521
2005-02-14,81.431007,28.826895,15.303305,51.888599
2005-02-15,81.734657,29.020348,15.339572,51.787895
2005-02-16,81.788651,28.764179,15.292428,51.727467
2005-02-17,81.127365,28.823309,15.267045,51.702324
2005-02-18,81.235344,28.966612,15.454887,51.717461
2005-02-22,80.027504,28.898546,15.398319,51.571392
2005-02-23,80.601059,28.912878,15.469395,51.596600
2005-02-24,81.134125,28.957661,15.709467,51.546215
2005-02-25,81.937080,29.294436,15.998849,51.591541
2005-02-28,81.397278,29.226362,15.972010,51.455635
2005-03-01,81.802139,29.387585,16.016985,51.418724
2005-03-02,81.761627,29.167250,15.752975,51.353134
2005-03-03,81.795380,29.181583,15.796498,51.393517
2005-03-04,82.814278,29.692129,15.985072,51.539959
2005-03-07,82.854759,29.566734,16.090227,51.555061
2005-03-08,82.544395,29.647337,15.967661,51.444042
2005-03-09,81.626701,29.512978,15.876278,51.131012
2005-03-10,81.808891,29.609718,15.723964,51.070435
2005-03-11,81.235344,29.602560,15.635487,51.110821
2005-03-14,81.741409,29.507607,15.515813,51.090607
2005-03-15,81.066635,29.324894,15.129239,51.100735
2005-03-16,80.378357,29.358929,15.000865,51.136051
2005-03-17,80.540314,29.324894,15.274301,51.125969
2005-03-18,80.301201,29.265774,15.205395,51.090607
2005-03-21,80.003159,29.066942,14.985643,51.090607
2005-03-22,79.190247,28.733732,14.708578,50.812962
2005-03-23,79.257973,28.542053,14.522188,50.878605
2005-03-24,79.352806,28.536682,14.506232,50.908901
2005-03-28,79.467979,28.536682,14.606316,50.807869
2005-03-29,78.939575,28.241110,14.228452,50.777603
2005-03-30,80.057343,28.472198,14.552651,50.929092
2005-03-31,79.908325,28.459658,14.708578,50.954250
2005-04-01,79.549271,28.393366,14.795621,51.254677
2005-04-04,79.684738,28.402334,14.828254,51.193909
2005-04-05,80.064079,28.554602,14.824624,51.092602
2005-04-06,80.341835,28.635212,15.027706,51.224331
2005-04-07,80.775352,28.751654,15.179284,51.163490
2005-04-08,79.935394,28.751654,15.107477,51.163490
2005-04-11,79.996338,28.859135,14.962430,51.259792
2005-04-12,80.409561,28.930780,15.151002,51.401592
2005-04-13,79.461212,28.626249,14.849286,51.472534
2005-04-14,78.424728,28.250059,14.469240,51.518108
2005-04-15,77.327339,27.904320,14.164627,51.700451
2005-04-18,77.564407,27.802212,14.332165,51.639713
2005-04-19,78.180840,28.171238,14.572231,51.705521
2005-04-20,77.090233,27.811180,14.228452,51.741016
2005-04-21,78.587326,28.314550,14.638231,51.614338
2005-04-22,78.289307,28.214237,14.476499,51.720764
2005-04-25,78.804070,28.362930,14.750649,51.700451
2005-04-26,78.038612,28.008232,14.599792,51.573845
2005-04-27,78.343452,27.932981,14.467789,51.786617
2005-04-28,77.361198,27.556797,14.237154,51.918316
2005-04-29,78.411194,27.999269,14.525092,51.832172
2005-05-02,78.851532,27.990313,14.621546,51.834187
2005-05-03,78.987007,28.051216,14.607769,51.798676
2005-05-04,79.596680,28.384418,15.005945,51.854527
2005-05-05,79.569572,28.425615,15.085000,51.890152
2005-05-06,79.318947,28.302013,15.125618,51.697037
2005-05-09,79.813416,28.366497,15.139400,51.656338
2005-05-10,78.987007,27.972395,14.799240,51.712269
2005-05-11,79.420532,28.097797,14.868143,51.798676
2005-05-12,78.546677,27.748482,14.614296,51.920605
2005-05-13,78.390884,27.587252,14.464164,51.971447
2005-05-16,79.122467,27.698322,14.636057,51.895248
2005-05-17,79.650864,27.694727,14.639683,51.956207
2005-05-18,80.470535,28.008232,14.931242,52.093437
2005-05-19,80.809250,28.027937,14.985643,51.966358
2005-05-20,80.694069,27.909691,14.947927,51.905365
2005-05-23,81.141190,28.140791,14.997248,52.078159
2005-05-24,80.951523,28.067337,14.953726,52.169678
2005-05-25,80.890541,27.990313,14.846387,52.159500
2005-05-26,81.324104,28.008232,15.013201,52.154415
2005-05-27,81.459564,28.124655,15.114739,52.118816
2005-05-31,80.937950,27.757435,14.984193,52.261131
2005-06-01,81.628937,27.925819,15.161156,52.647682
2005-06-02,81.805038,28.164080,15.276473,52.611954
2005-06-03,81.391838,27.900749,15.197424,52.479374
2005-06-06,81.317322,28.085257,15.350449,52.489578
2005-06-07,81.378273,28.228559,15.274301,52.627270
2005-06-08,81.229248,28.124655,15.216276,52.530380
2005-06-09,81.615372,28.235731,15.296058,52.525272
2005-06-10,81.425728,28.128244,15.339572,52.321281
2005-06-13,81.683144,28.031517,15.400495,52.275379
2005-06-14,81.872803,27.999269,15.463594,52.209118
2005-06-15,82.028595,28.165871,15.578913,52.178509
2005-06-16,82.238617,28.257227,15.718166,52.336594
2005-06-17,82.543335,28.681772,15.907461,52.336594
2005-06-20,82.570511,28.413080,15.763861,52.219311
2005-06-21,82.618118,28.628040,15.687702,52.433479
2005-06-22,82.686157,28.542053,15.835655,52.657909
2005-06-23,81.523087,28.219610,15.557150,52.606876
2005-06-24,80.924538,28.214237,15.502760,52.688477
2005-06-27,81.040184,28.149742,15.600671,52.729271
2005-06-28,81.720329,28.310965,15.718166,52.576283
2005-06-29,81.502686,28.192736,15.626781,52.550785
2005-06-30,81.060577,28.155125,15.578913,52.719067
2005-07-01,81.298622,28.117504,15.635487,52.531330
2005-07-05,81.951576,28.149742,15.705110,52.336903
2005-07-06,81.264610,28.074501,15.628955,52.418758
2005-07-07,81.584312,27.918653,15.674645,52.485264
2005-07-08,82.516113,28.294855,15.837837,52.398308
2005-07-11,82.937790,28.499071,16.079351,52.403465
2005-07-12,83.155464,28.794649,16.270826,52.377819
2005-07-13,83.271080,28.563553,16.259949,52.306225
2005-07-14,83.597542,28.644165,16.353504,52.306225
2005-07-15,83.549942,28.568928,16.264301,52.331776
2005-07-18,83.216675,28.488316,16.214247,52.239712
2005-07-19,83.672386,28.552799,16.399199,52.265278
2005-07-20,83.958061,28.746279,16.401377,52.352280
2005-07-21,83.468338,28.805384,16.579792,52.081070
2005-07-22,84.026070,28.778521,16.540627,52.157860
2005-07-25,83.788017,28.697905,16.397024,52.157860
2005-07-26,83.890038,28.611921,16.490580,52.214176
2005-07-27,84.196114,28.939739,16.579792,52.183449
2005-07-28,84.726624,29.138588,16.786501,52.336903
2005-07-29,84.162094,28.998865,16.775614,52.173195
2005-08-01,84.100861,29.283691,17.049767,52.142918
2005-08-02,84.604172,29.493280,17.352205,52.030018
2005-08-03,84.828621,29.713617,17.308693,52.199356
2005-08-04,84.148453,29.471781,17.156382,52.148018
2005-08-05,83.577156,29.364307,16.840887,51.891392
2005-08-08,83.420715,29.434172,16.956205,51.881168
2005-08-09,83.924019,29.810366,17.297815,51.973522
2005-08-10,83.883224,30.014570,17.482759,51.978699
2005-08-11,84.216507,30.498247,17.384846,52.117226
2005-08-12,83.699577,30.310152,17.199902,52.266102
2005-08-15,84.216507,30.363888,17.319571,52.219906
2005-08-16,83.121468,30.036066,17.019314,52.343102
2005-08-17,83.114609,29.960836,17.030190,52.235306
2005-08-18,83.107849,29.638388,16.716873,52.379025
2005-08-19,83.298294,29.783482,16.651594,52.327705
2005-08-22,83.298294,30.111300,16.858297,52.373859
2005-08-23,83.141853,29.982325,16.699459,52.409809
2005-08-24,82.400490,29.665249,16.481878,52.476540
2005-08-25,82.699768,29.778109,16.666824,52.476540
2005-08-26,82.135208,29.681385,16.645069,52.435482
2005-08-29,82.767754,29.665249,16.827841,52.456028
2005-08-30,82.332489,29.579264,16.651594,52.584358
2005-08-31,83.373085,30.111300,16.997549,52.789646
2005-09-01,83.311897,30.471373,17.232540,52.861736
2005-09-02,83.162300,30.578857,17.384846,52.835938
2005-09-06,84.134857,30.955053,17.602434,52.732986
2005-09-07,84.277702,30.869061,17.624184,52.645451
2005-09-08,83.998848,30.632597,17.595900,52.640285
2005-09-09,84.747009,31.035660,17.854828,52.624836
2005-09-12,84.576988,30.793810,17.828712,52.552750
2005-09-13,84.107689,30.584229,17.628542,52.681450
2005-09-14,83.801575,30.605732,17.565445,52.624836
2005-09-15,83.760818,30.627222,17.667702,52.496071
2005-09-16,84.356400,30.971174,17.939684,52.377674
2005-09-19,84.076340,30.766949,17.913570,52.423977
2005-09-20,83.365997,30.654100,17.961439,52.387947
2005-09-21,82.587318,30.686338,18.131163,52.506409
2005-09-22,82.881012,30.654100,17.950563,52.552750
2005-09-23,82.949318,30.525112,17.935333,52.460064
2005-09-26,83.044968,30.858311,18.094164,52.331291
2005-09-27,83.024490,30.740074,17.974491,52.295246
2005-09-28,83.106430,31.057152,18.179029,52.439411
2005-09-29,83.782639,31.427967,18.498865,52.320972
2005-09-30,84.042213,31.223747,18.468412,52.295246
2005-10-03,83.741653,31.116270,18.585903,52.118050
2005-10-04,82.799042,30.912056,18.411833,52.190388
2005-10-05,81.713013,30.643339,17.852650,52.273048
2005-10-06,81.419296,30.498247,17.228191,52.236877
2005-10-07,81.699341,30.605732,17.654648,52.185207
2005-10-10,81.009468,30.455257,17.595900,52.252396
2005-10-11,80.893372,30.492870,17.672056,52.097378
2005-10-12,80.258125,30.288645,17.130280,52.076687
2005-10-13,80.210342,30.224171,17.023663,51.942375
2005-10-14,81.057266,30.508989,16.958384,51.926888
2005-10-17,81.357811,30.202665,17.145512,52.009521
2005-10-18,80.476700,29.853336,16.710344,51.988869
2005-10-19,81.815483,30.095184,17.036716,52.081856
2005-10-20,80.374245,29.407297,16.351332,52.092194
2005-10-21,80.688431,29.536276,16.786501,52.216190
2005-10-24,81.938423,29.998436,17.239069,52.107685
2005-10-25,81.774513,30.030689,16.899637,51.952698
2005-10-26,81.535416,29.976950,16.960564,51.746029
2005-10-27,80.667946,29.917833,16.558037,51.864845
2005-10-28,81.829132,30.175797,16.993198,51.782196
2005-10-31,82.054550,30.229536,17.297815,51.777031
2005-11-01,82.300438,30.487495,17.602434,51.794682
2005-11-02,83.161064,30.906677,17.874405,51.748009
2005-11-03,83.516273,30.890564,17.893993,51.571690
2005-11-04,83.406937,30.605732,17.857002,51.623558
2005-11-07,83.488945,30.783070,17.870056,51.628731
2005-11-08,83.488945,30.707825,17.702522,51.805035
2005-11-09,83.598228,30.686338,17.967974,51.670216
2005-11-10,84.247116,30.648718,17.996254,51.851681
2005-11-11,84.534019,30.809938,18.035418,51.903561
2005-11-14,84.486206,30.627222,17.987556,51.727257
2005-11-15,84.178802,30.460629,17.885286,51.799835
2005-11-16,84.349571,30.406878,18.037596,51.919147
2005-11-17,85.135086,30.928173,18.303045,51.934666
2005-11-18,85.469772,31.143137,18.353092,51.913944
2005-11-21,85.900078,31.186136,18.363972,52.079838
2005-11-22,86.268921,31.288244,18.355270,52.214695
2005-11-23,86.767563,31.438721,18.548910,52.178402
2005-11-25,86.835876,31.137766,18.535860,52.225071
2005-11-28,86.221123,31.218388,18.418362,52.152443
2005-11-29,86.125511,31.170004,18.255177,52.079838
2005-11-30,85.661041,30.928173,18.298695,51.970989
2005-12-01,86.535332,31.508581,18.777376,51.897552
2005-12-02,86.644623,31.626823,18.755615,51.897552
2005-12-05,86.460190,31.766531,18.907928,51.923611
2005-12-06,86.624138,31.863279,19.081995,52.012089
2005-12-07,86.118668,31.653683,18.901400,51.944427
2005-12-08,86.064003,31.648306,18.759970,52.209885
2005-12-09,86.289452,31.965384,18.951441,52.032928
2005-12-12,86.371391,32.368446,19.060234,51.923611
2005-12-13,86.958839,32.524292,19.310455,52.121445
2005-12-14,87.300339,32.508167,19.182079,52.261948
2005-12-15,87.047630,32.207233,19.103750,52.209885
2005-12-16,86.767456,32.459812,19.038477,52.204720
2005-12-19,86.321114,32.400688,18.994957,52.246307
2005-12-20,86.403511,32.406063,19.158144,52.261948
2005-12-21,86.540863,32.561913,19.469290,52.261948
2005-12-22,86.994064,32.750004,19.473644,52.376484
2005-12-23,87.042091,32.733589,19.589808,52.511791
2005-12-27,86.156334,32.432526,19.371992,52.647144
2005-12-28,86.348595,32.667904,19.424799,52.461143
2005-12-29,85.964058,32.678856,19.426998,52.497726
2005-12-30,85.497147,32.531055,19.415993,52.560417
2006-01-03,87.000954,33.620342,20.142033,52.586529
2006-01-04,87.412865,33.899525,20.324642,52.711952
2006-01-05,87.467873,33.729828,20.428041,52.711952
2006-01-06,88.195724,34.184162,20.854868,52.591736
2006-01-09,88.422325,34.200577,21.059481,52.649246
2006-01-10,88.511566,33.894043,20.806471,52.544731
2006-01-11,88.793106,34.184162,21.050682,52.508163
2006-01-12,88.442947,33.904984,20.758068,52.644032
2006-01-13,88.360565,34.036354,20.780067,52.790287
2006-01-17,88.120193,33.609406,20.417049,52.816494
2006-01-18,87.769997,33.155079,20.406052,52.879124
2006-01-19,88.106468,33.532768,21.066086,52.800743
2006-01-20,86.499664,33.023712,20.439054,52.826942
2006-01-23,86.808670,33.483498,21.033083,52.826942
2006-01-24,86.897949,33.653187,21.363096,52.738075
2006-01-25,86.973480,33.768139,21.374096,52.607433
2006-01-26,87.454109,34.167740,21.880123,52.445469
2006-01-27,88.264412,34.348366,22.130936,52.513412
2006-01-30,88.195724,34.375732,22.027531,52.518620
2006-01-31,87.550262,34.408581,22.172743,52.529064
2006-02-01,88.161392,34.512589,22.161736,52.382759
2006-02-02,87.138268,34.123940,21.591915,52.419453
2006-02-03,86.705681,34.036354,21.297089,52.566303
2006-02-06,86.932259,33.987091,21.803118,52.555828
2006-02-07,86.163177,33.735302,21.231094,52.519100
2006-02-08,86.945992,33.855721,21.297089,52.492897
2006-02-09,86.801773,33.921406,21.352098,52.524315
2006-02-10,86.959686,33.844776,21.319096,52.414207
2006-02-13,86.801773,33.609406,20.793262,52.450909
2006-02-14,87.721901,33.981628,21.319096,52.367008
2006-02-15,88.030914,33.675087,21.209085,52.424698
2006-02-16,88.690117,33.998047,21.759117,52.372246
2006-02-17,88.449814,33.899525,21.730516,52.587265
2006-02-21,88.230080,33.904984,21.539104,52.393208
2006-02-22,88.765678,34.162258,21.655714,52.603012
2006-02-23,88.635208,34.249840,21.649111,52.571495
2006-02-24,88.861832,34.364796,21.690918,52.613499
2006-02-27,88.896156,34.485210,21.888924,52.503365
2006-02-28,88.051514,34.167740,21.319096,52.613499
2006-03-01,88.834320,34.518066,21.908724,52.615086
2006-03-02,88.827454,34.452374,21.926329,52.483429
2006-03-03,88.415474,34.310062,21.561110,52.378162
2006-03-06,88.010330,34.178677,21.231094,52.088654
2006-03-07,87.872978,33.762653,20.483055,52.220238
2006-03-08,88.058380,33.877621,20.604053,52.246578
2006-03-09,87.467873,33.839298,20.395044,52.178116
2006-03-10,88.298721,34.353851,20.824070,52.199184
2006-03-13,88.463524,34.638477,20.802067,52.293953
2006-03-14,89.390511,35.005234,21.451107,52.467693
2006-03-15,89.788773,35.131142,21.699717,52.325569
2006-03-16,89.974197,35.246090,21.506104,52.546619
2006-03-17,90.049370,35.415783,21.657915,52.430820
2006-03-20,89.904564,35.486942,21.781120,52.409790
2006-03-21,89.339256,35.120182,21.341097,52.272945
2006-03-22,89.883873,35.448612,21.576508,52.367653
2006-03-23,89.697746,35.021656,21.376297,52.325569
2006-03-24,89.766693,35.300823,21.561110,52.415051
2006-03-27,89.635689,35.240612,21.693113,52.457153
2006-03-28,89.084183,34.901241,21.297089,52.325569
2006-03-29,89.642609,35.361038,21.704115,52.220238
2006-03-30,89.484001,35.787975,21.814116,51.983410
2006-03-31,89.504730,35.536194,21.781120,52.157078
2006-04-03,89.435768,35.924847,22.397156,52.105820
2006-04-04,90.007957,36.209484,22.529156,52.174534
2006-04-05,90.318230,36.329903,22.760172,52.211521
2006-04-06,90.221687,36.362759,22.643562,52.169239
2006-04-07,89.304802,35.946735,22.298151,51.994831
2006-04-10,89.442680,36.012421,22.221142,51.947319
2006-04-11,88.684326,35.771564,22.031935,52.052952
2006-04-12,88.849777,35.596413,22.159536,52.005424
2006-04-13,88.732613,35.689465,22.265150,51.899734
2006-04-17,88.698120,35.853676,22.529156,51.984295
2006-04-18,90.104500,36.587173,23.277193,51.947319
2006-04-19,90.276840,36.838978,23.420210,51.994831
2006-04-20,90.400932,36.674759,23.336594,51.915611
2006-04-21,90.414703,36.921085,23.519205,51.910294
2006-04-24,90.249268,36.959393,23.211195,52.105820
2006-04-25,89.877014,36.937500,22.892172,51.931465
2006-04-26,89.897682,37.167385,23.343199,51.841621
2006-04-27,90.332008,37.233086,22.975784,51.963158
2006-04-28,90.635307,37.238575,23.200195,52.079422
2006-05-01,89.897682,37.222145,23.193592,51.875160
2006-05-02,90.573318,37.791420,23.602814,51.928257
2006-05-03,90.235497,37.566998,23.629213,51.891113
2006-05-04,90.559494,37.857109,23.860235,51.864532
2006-05-05,91.359200,38.437336,24.245243,51.960037
2006-05-08,91.248909,38.404484,24.421261,51.997177
2006-05-09,91.428139,38.634384,24.443258,51.970707
2006-05-10,91.379875,38.513966,24.179239,51.912323
2006-05-11,90.276840,38.125332,23.563210,51.880478
2006-05-12,89.097969,37.632675,22.947180,51.769093
2006-05-15,89.277222,37.309719,22.397156,51.800892
2006-05-16,89.146217,37.254990,22.509356,52.055561
2006-05-17,87.450294,36.067146,21.737118,51.907036
2006-05-18,87.009109,35.957684,21.319096,52.124496
2006-05-19,87.622658,36.138329,21.778921,52.113914
2006-05-22,86.953949,35.344608,20.753670,52.124496
2006-05-23,86.292107,35.355556,20.527058,51.981274
2006-05-24,86.981499,35.333660,20.384048,51.991905
2006-05-25,88.056976,35.809887,21.250893,51.986588
2006-05-26,88.505096,36.099995,21.187084,52.209389
2006-05-30,86.933228,35.552624,20.274044,52.092682
2006-05-31,87.905334,35.815361,20.615063,51.975964
2006-06-01,88.746384,36.045258,21.037479,51.934948
2006-06-02,88.932526,36.395592,21.253096,52.334393
2006-06-05,87.636421,35.607361,20.351044,52.163940
2006-06-06,87.422722,35.174927,20.201439,52.302399
2006-06-07,86.767799,34.693222,19.757017,52.137325
2006-06-08,86.691971,33.926899,19.404999,52.313068
2006-06-09,86.416206,33.888565,19.151978,52.387623
2006-06-12,85.478615,33.598446,18.439144,52.227871
2006-06-13,84.485909,32.547478,18.029930,52.376991
2006-06-14,85.140823,33.018234,18.546955,52.179935
2006-06-15,86.947021,34.156792,19.627211,52.094749
2006-06-16,86.313484,33.883091,19.515003,52.062767
2006-06-19,85.634850,33.713406,18.788965,51.924278
2006-06-20,85.925682,33.915943,19.019972,51.956257
2006-06-21,86.562759,34.353851,19.636003,51.972252
2006-06-22,86.181923,34.173210,19.283991,51.748569
2006-06-23,86.168053,34.074684,19.250988,51.775219
2006-06-26,86.548874,34.342903,19.250988,51.626049
2006-06-27,85.801025,33.707935,18.887972,51.769871
2006-06-28,86.382698,34.091099,19.479801,51.716595
2006-06-29,88.127678,35.350086,20.637058,51.897678
2006-06-30,88.134605,35.793468,20.659060,51.892372
2006-07-03,88.494637,35.979572,21.116676,51.971481
2006-07-05,87.989174,35.295349,20.461054,51.816429
2006-07-06,88.245377,35.667580,20.879074,51.864571
2006-07-07,87.670616,35.503345,20.483055,52.057022
2006-07-10,87.836838,35.798943,20.648054,52.105164
2006-07-11,88.224564,35.897476,20.747068,52.190693
2006-07-12,87.282875,35.224182,20.285038,52.222801
2006-07-13,85.863335,34.605644,19.481998,52.265564
2006-07-14,85.531006,34.310062,19.581007,52.335052
2006-07-17,85.406311,33.828350,19.272991,52.222801
2006-07-18,85.842598,33.773609,19.541403,52.185364
2006-07-19,87.033592,34.605644,20.747068,52.388554
2006-07-20,86.438087,34.419533,20.150835,52.442020
2006-07-21,85.828743,34.419533,19.759212,52.409920
2006-07-24,87.393684,35.043552,20.648054,52.490170
2006-07-25,87.705307,35.032604,20.703066,52.447384
2006-07-26,87.822975,35.278919,20.615063,52.479427
2006-07-27,87.739914,35.497868,20.898878,52.564930
2006-07-28,88.619316,36.209484,21.347698,52.677246
2006-07-31,88.529274,36.083595,21.143087,52.613136
2006-08-01,88.093025,35.831783,20.802067,52.741402
2006-08-02,88.688515,36.225903,21.077082,52.762962
2006-08-03,88.923981,36.165691,21.055080,52.773659
2006-08-04,88.771637,36.193047,21.099081,52.940090
2006-08-07,88.563919,35.968628,20.967077,52.945484
2006-08-08,88.224564,35.842731,20.967077,52.945484
2006-08-09,87.926857,36.017899,21.046278,52.988422
2006-08-10,88.196884,36.099995,21.261887,52.961575
2006-08-11,87.947632,35.787975,21.004478,52.870289
2006-08-14,88.016853,35.908421,21.088081,52.811241
2006-08-15,89.069382,36.685707,21.605104,52.940090
2006-08-16,89.810326,37.019585,21.816324,53.117310
2006-08-17,90.038834,36.882755,21.847118,53.122635
2006-08-18,90.495827,37.036034,21.640318,53.160225
2006-08-21,90.108055,36.921085,21.528114,53.289112
2006-08-22,90.101112,36.817070,21.521507,53.299805
2006-08-23,89.851807,36.685707,21.132092,53.278362
2006-08-24,89.775734,36.581696,21.074881,53.273029
2006-08-25,89.886482,36.554329,21.134287,53.326653
2006-08-28,90.315796,36.707592,21.374096,53.278362
2006-08-29,90.419655,37.003181,21.446699,53.299805
2006-08-30,90.475044,37.003181,21.539104,53.380379
2006-08-31,90.461243,37.003181,21.477501,53.450153
2006-09-01,91.001320,37.276878,21.717314,53.457176
2006-09-05,91.174408,37.473934,21.836119,53.392506
2006-09-06,90.371193,36.844444,21.209085,53.403297
2006-09-07,89.955727,36.401070,20.967077,53.387123
2006-09-08,90.211891,36.412022,21.138689,53.457176
2006-09-11,90.301949,36.193047,20.683262,53.419453
2006-09-12,91.188240,36.609070,21.037479,53.548786
2006-09-13,91.555267,36.537914,21.352098,53.591930
2006-09-14,91.562210,36.587173,21.176086,53.516483
2006-09-15,91.777107,36.510540,21.301498,53.500332
2006-09-18,91.902290,36.663803,21.541306,53.489548
2006-09-19,91.672768,36.324429,21.209085,53.613529
2006-09-20,92.159615,36.680229,21.644711,53.672810
2006-09-21,91.714531,36.767811,21.116676,53.904579
2006-09-22,91.436287,36.587173,20.848269,53.936924
2006-09-25,92.138771,36.740444,21.090286,54.044720
2006-09-26,92.903786,36.828030,21.338900,54.039349
2006-09-27,93.015060,37.063396,21.290491,54.017773
2006-09-28,92.980309,37.167385,21.462105,54.033928
2006-09-29,92.903786,37.085289,21.290491,53.990852
2006-10-02,92.556023,37.189304,21.255291,54.041710
2006-10-03,92.750793,37.222145,20.967077,54.030880
2006-10-04,93.835747,37.577950,21.528114,54.241959
2006-10-05,94.016556,37.621735,21.814116,54.074196
2006-10-06,93.898338,37.287838,21.759117,53.873909
2006-10-09,93.954018,37.315197,21.677713,53.987568
2006-10-10,94.079132,37.358990,21.873526,53.776493
2006-10-11,93.967873,37.331619,21.756918,53.716972
2006-10-12,94.781654,37.731205,22.287153,53.771046
2006-10-13,95.025040,37.796890,22.419157,53.635750
2006-10-16,95.171082,37.939201,22.480753,53.722374
2006-10-17,94.872025,37.703854,22.185940,53.803532
2006-10-18,94.997261,37.796890,22.403744,53.868500
2006-10-19,95.150246,38.081535,22.502754,53.841427
2006-10-20,95.171082,38.201965,22.397156,53.825222
2006-10-23,95.609283,38.234806,22.377346,53.668205
2006-10-24,95.894447,38.240280,22.504955,53.727757
2006-10-25,96.221275,38.508488,22.766775,53.857689
2006-10-26,96.520332,38.804096,22.821777,54.041710
2006-10-27,95.915268,38.535881,22.441156,54.149956
2006-10-30,95.845734,38.453754,22.364147,54.160793
2006-10-31,95.831818,38.475647,22.793177,54.361084
2006-11-01,95.185028,38.409966,22.564362,54.454544
2006-11-02,95.129364,38.552296,22.634758,54.394791
2006-11-03,94.962448,38.404484,22.705172,54.112133
2006-11-06,96.033501,38.973770,23.244196,54.112133
2006-11-07,96.402122,39.017563,23.145189,54.247993
2006-11-08,96.610794,39.028515,23.204594,54.394791
2006-11-09,96.103058,38.831459,23.283796,54.411087
2006-11-10,96.144798,38.984718,23.316799,54.530636
2006-11-13,96.381264,38.738400,23.396002,54.465408
2006-11-14,97.104553,39.165359,23.761221,54.541523
2006-11-15,97.382759,39.154411,23.805227,54.438248
2006-11-16,97.633118,39.072304,23.565413,54.389339
2006-11-17,97.660965,38.957352,23.539013,54.530636
2006-11-20,97.716606,38.661758,23.446609,54.568729
2006-11-21,97.813965,38.853355,23.820625,54.639381
2006-11-22,98.008705,39.231037,23.987829,54.715492
2006-11-24,97.612289,39.023033,23.983440,54.731777
2006-11-27,96.269943,38.700069,23.530209,54.704575
2006-11-28,96.687263,39.044937,23.666616,54.851353
2006-11-29,97.695747,39.488323,24.049437,54.769875
2006-11-30,97.737450,39.658005,24.157240,54.938377
2006-12-01,97.521820,39.608738,24.058241,55.040947
2006-12-04,98.266014,39.866009,24.559858,55.095528
2006-12-05,98.690285,40.090443,24.988888,55.062771
2006-12-06,98.606842,40.002853,24.817284,55.019066
2006-12-07,98.175606,40.139713,24.729275,54.969982
2006-12-08,98.356476,40.041168,24.619267,54.855370
2006-12-11,98.641617,40.205379,24.630272,54.844460
2006-12-12,98.565125,40.369595,24.333252,54.997269
2006-12-13,98.669418,40.522873,24.465258,54.828068
2006-12-14,99.538803,40.687077,24.883287,54.751701
2006-12-15,99.547882,40.522873,24.993288,54.740742
2006-12-18,99.275146,40.462666,24.819475,54.773540
2006-12-19,99.463913,40.643299,24.663261,54.811760
2006-12-20,99.408012,40.572132,24.936169,54.789894
2006-12-21,99.044296,40.551445,24.891539,54.899025
2006-12-22,98.435905,40.456440,24.980801,54.849957
2006-12-26,99.016357,40.439663,25.212870,54.833530
2006-12-27,99.666779,40.942703,25.572132,54.685150
2006-12-28,99.456955,40.970661,25.523046,54.613911
2006-12-29,99.044296,40.925945,25.476183,54.608444
2007-01-03,98.869453,41.088036,25.692625,54.723450
2007-01-04,99.079285,40.970661,25.337830,54.838436
2007-01-05,98.289032,40.355816,24.596992,54.800144
2007-01-08,98.743622,40.411732,24.775511,54.833008
2007-01-09,98.659683,40.450848,24.222116,54.833008
2007-01-10,98.988419,40.143429,24.166327,54.772766
2007-01-11,99.422005,40.400536,24.472033,54.668682
2007-01-12,100.177299,40.858868,24.969639,54.592010
2007-01-16,99.981453,40.808563,25.058899,54.663177
2007-01-17,100.023438,40.830929,24.954021,54.630352
2007-01-18,99.687729,40.691189,24.690712,54.707001
2007-01-19,99.883636,41.188652,25.134769,54.685150
2007-01-22,99.575874,40.981850,25.105762,54.712482
2007-01-23,99.869576,41.345158,25.677004,54.608444
2007-01-24,100.673851,41.613449,25.900137,54.592010
2007-01-25,99.491936,40.937138,25.103529,54.520836
2007-01-26,99.401001,41.015381,25.257490,54.515331
2007-01-29,99.345085,41.060097,24.922781,54.444164
2007-01-30,99.862602,41.339558,25.308817,54.526253
2007-01-31,100.534012,41.496071,25.505186,54.570061
2007-02-01,101.135429,41.842613,25.817585,54.599205
2007-02-02,101.275337,41.758770,25.739483,54.676216
2007-02-05,101.303276,41.624626,25.764030,54.764202
2007-02-06,101.331299,41.948807,26.018415,54.868679
2007-02-07,101.555092,42.066189,25.917999,54.934734
2007-02-08,101.422195,41.898510,25.779650,54.967659
2007-02-09,100.666862,41.719650,25.471714,54.841137
2007-02-12,100.324165,41.557552,25.297665,54.786201
2007-02-13,101.170418,42.088547,25.699320,54.780693
2007-02-14,101.834816,42.658684,26.252714,54.989712
2007-02-15,101.967728,42.708981,26.268332,55.066673
2007-02-16,101.918732,42.692207,26.328579,55.105141
2007-02-20,102.135551,42.753689,26.397747,55.132641
2007-02-21,102.093575,42.535709,26.475855,55.127144
2007-02-22,102.016670,42.725750,26.408911,55.017170
2007-02-23,101.618027,42.859898,26.219242,55.149174
2007-02-26,101.527077,42.882248,26.208086,55.270142
2007-02-27,97.561707,41.155113,24.077074,55.495548
2007-02-28,98.561752,41.445770,24.679564,55.457104
2007-03-01,98.268028,41.020966,24.324762,55.448277
2007-03-02,96.981186,40.467609,24.099386,55.564190
2007-03-05,96.058052,39.629200,23.481276,55.531044
2007-03-06,97.701569,40.858868,24.512203,55.492382
2007-03-07,97.603630,40.870060,24.362692,55.536633
2007-03-08,98.428925,41.350750,24.991955,55.486927
2007-03-09,98.456848,41.417824,25.036594,55.332333
2007-03-12,98.603760,41.686127,25.159309,55.503437
2007-03-13,96.687477,40.691189,24.427404,55.646992
2007-03-14,97.407784,40.707951,24.628241,55.580761
2007-03-15,97.540688,40.892406,24.829056,55.520027
2007-03-16,97.267563,40.942703,24.617079,55.525513
2007-03-19,98.440147,41.574318,25.157085,55.486927
2007-03-20,98.980789,41.926456,25.322210,55.542076
2007-03-21,100.609726,42.820778,26.080893,55.613865
2007-03-22,100.532516,42.658684,25.969322,55.508953
2007-03-23,100.679993,42.759285,26.089819,55.431725
2007-03-26,100.546539,42.776058,26.074211,55.398563
2007-03-27,100.307808,42.586018,25.958164,55.409618
2007-03-28,99.577637,42.211521,25.494022,55.437195
2007-03-29,99.682938,42.580418,26.000568,55.348885
2007-03-30,99.704002,42.647499,25.996107,55.348885
2007-04-02,99.816338,42.759285,26.174618,55.420410
2007-04-03,100.890640,43.117008,26.603045,55.364971
2007-04-04,101.002998,43.295872,26.770405,55.425907
2007-04-05,101.276787,43.452377,26.794945,55.376064
2007-04-09,101.417213,43.418850,26.948906,55.165474
2007-04-10,101.536552,43.743038,27.076111,55.248550
2007-04-11,101.122353,43.530624,26.826185,55.215282
2007-04-12,101.571686,43.821289,27.274704,55.281811
2007-04-13,102.035103,43.966599,27.408587,55.193134
2007-04-16,103.004021,44.430531,27.734386,55.304012
2007-04-17,103.277885,44.436115,27.584869,55.464657
2007-04-18,103.404266,44.419353,27.379581,55.547844
2007-04-19,103.376198,44.251652,27.158672,55.525700
2007-04-20,104.352173,44.760303,27.482233,55.497982
2007-04-23,103.958946,44.324329,27.372894,55.553345
2007-04-24,104.001091,44.296375,27.368431,55.581112
2007-04-25,104.956024,44.709995,27.707598,55.603230
2007-04-26,105.075386,44.503193,27.633957,55.497982
2007-04-27,104.991089,44.408180,27.495617,55.486908
2007-04-30,104.120461,44.246082,26.964535,55.675255
2007-05-01,104.387268,44.201370,27.071646,55.643047
2007-05-02,104.998184,44.536739,27.609419,55.659763
2007-05-03,105.566887,44.598213,27.841488,55.598545
2007-05-04,105.967026,45.017414,27.832567,55.670811
2007-05-07,105.988190,45.084496,28.013304,55.726494
2007-05-08,105.847725,44.715584,27.649595,55.665279
2007-05-09,106.135597,44.961533,28.095865,55.598545
2007-05-10,105.026222,44.072803,27.408587,55.693119
2007-05-11,105.924965,44.816200,28.104803,55.581848
2007-05-14,105.693253,44.648518,27.825878,55.592953
2007-05-15,105.721390,44.726772,27.859341,55.570713
2007-05-16,106.444527,44.793839,28.263224,55.581848
2007-05-17,106.233902,44.564674,28.160582,55.487244
2007-05-18,107.160713,44.905636,28.305630,55.325954
2007-05-21,107.104584,44.698826,28.356949,55.437195
2007-05-22,107.020302,44.737957,28.361420,55.325954
2007-05-23,107.034332,44.967121,28.316782,55.281460
2007-05-24,106.065384,44.536739,27.636190,55.303699
2007-05-25,106.507729,44.821793,28.060169,55.275864
2007-05-29,106.893898,44.877686,27.964222,55.220211
2007-05-30,107.764557,45.067722,28.249840,55.286949
2007-05-31,107.652252,45.291302,28.330172,55.164574
2007-06-01,108.185860,45.587543,29.037531,55.107597
2007-06-04,108.199959,45.710506,28.908096,55.174671
2007-06-05,107.771576,45.475750,28.807699,55.018230
2007-06-06,106.613014,44.821793,28.082483,55.040516
2007-06-07,104.689201,44.056038,27.649595,54.660645
2007-06-08,106.051353,44.536739,28.138268,54.593616
2007-06-11,106.233902,44.687641,28.379269,54.632702
2007-06-12,105.075386,43.893944,27.886112,54.308628
2007-06-13,106.648117,44.464062,28.443970,54.392452
2007-06-14,107.329277,44.793839,28.890249,54.498600
2007-06-15,107.939941,45.157166,29.548523,54.694160
2007-06-18,107.813004,45.408684,29.575304,54.733284
2007-06-19,108.080994,45.453400,29.608780,54.906452
2007-06-20,106.578918,44.916805,29.356627,54.738857
2007-06-21,107.171272,45.324841,29.722576,54.671833
2007-06-22,106.162926,44.698826,29.329847,54.800339
2007-06-25,105.655212,44.687641,29.106714,54.850586
2007-06-26,104.569237,44.464062,28.852325,54.783539
2007-06-27,106.057129,44.782669,29.262905,54.889706
2007-06-28,106.043007,44.816200,29.269594,54.850586
2007-06-29,106.078262,45.145985,29.372248,54.956802
2007-07-02,107.037308,45.799953,29.968029,55.103230
2007-07-03,107.425140,46.017937,30.206791,55.041500
2007-07-05,107.312302,45.788757,30.340685,54.811432
2007-07-06,107.876457,46.118542,30.860603,54.716038
2007-07-09,107.961082,46.230347,31.159616,54.811432
2007-07-10,106.423767,45.665794,30.545979,55.047077
2007-07-11,107.178352,46.096191,30.798124,54.923649
2007-07-12,108.870758,46.738968,31.474251,54.867573
2007-07-13,109.195099,46.705429,31.864744,54.934925
2007-07-16,109.181007,46.599236,31.552341,55.047077
2007-07-17,109.124596,46.442726,31.527798,54.946072
2007-07-18,108.927155,46.280632,31.141768,55.086365
2007-07-19,109.350304,46.543354,31.451933,55.086365
2007-07-20,108.243118,46.062653,31.235487,55.215431
2007-07-23,108.574547,46.342136,32.139210,55.181759
2007-07-24,106.691788,45.643448,31.039129,55.293987
2007-07-25,106.910370,45.520481,31.217636,55.260342
2007-07-26,104.378830,44.005730,29.626629,55.456726
2007-07-27,102.326744,43.396484,29.242825,55.400642
2007-07-30,103.927498,44.167816,30.200096,55.372589
2007-07-31,102.756912,44.111938,29.582008,55.546482
2007-08-01,103.257584,44.184605,29.465965,55.417446
2007-08-02,104.082672,44.318741,29.791750,55.389275
2007-08-03,101.402992,43.519444,28.506453,55.631603
2007-08-06,103.102463,43.994534,29.015207,55.541470
2007-08-07,104.202553,44.145473,29.231665,55.501980
2007-08-08,105.655212,44.860924,30.213495,55.434368
2007-08-09,102.524261,43.580940,28.963894,55.501980
2007-08-10,102.044746,42.831936,28.461834,55.316029
2007-08-13,102.411407,42.915779,28.742977,55.417446
2007-08-14,100.845909,42.502167,27.999926,55.569584
2007-08-15,99.456741,41.507252,26.899832,55.642902
2007-08-16,100.204239,41.328396,26.442389,55.609085
2007-08-17,102.044746,41.708469,27.279173,55.733067
2007-08-20,101.995415,41.842613,27.334951,55.682369
2007-08-21,102.199821,41.814671,27.234537,55.941589
2007-08-22,103.412720,42.803997,28.406042,55.896519
2007-08-23,103.321091,42.994045,28.551079,55.964176
2007-08-24,104.597443,43.743038,29.231665,55.823280
2007-08-27,103.624329,43.279102,29.365543,55.992336
2007-08-28,101.346619,42.407150,28.171745,56.217682
2007-08-29,103.335175,43.379719,29.287458,56.104992
2007-08-30,103.060135,43.077885,29.137943,56.223408
2007-08-31,104.075615,43.832458,29.889936,56.257191
2007-09-04,105.126289,44.234890,30.394228,56.194351
2007-09-05,104.216606,43.592110,29.934563,56.375500
2007-09-06,104.456390,43.754211,30.168850,56.364189
2007-09-07,103.003723,43.223202,29.488279,56.715088
2007-09-10,102.806282,43.044342,29.510595,56.850975
2007-09-11,104.005112,43.787743,30.106388,56.749077
2007-09-12,104.273041,43.832458,30.213495,56.669842
2007-09-13,105.006432,44.016903,30.548210,56.505665
2007-09-14,104.999313,43.759785,30.608446,56.545280
2007-09-17,104.435280,43.144958,30.414330,56.567936
2007-09-18,107.509735,44.547897,31.887060,56.686783
2007-09-19,108.144440,44.950340,32.032108,56.675468
2007-09-20,107.382843,44.911209,31.931688,56.273602
2007-09-21,107.672653,45.106865,32.355663,56.437756
2007-09-24,107.474251,45.207466,32.757320,56.443398
2007-09-25,107.261688,45.263367,32.634590,56.488708
2007-09-26,107.828491,45.486942,33.069714,56.432056
2007-09-27,108.466141,46.090595,33.560619,56.528351
2007-09-28,108.104836,46.163261,33.348637,56.613178
2007-10-01,109.323448,46.755753,34.397415,56.422222
2007-10-02,109.174622,46.638355,34.631710,56.638268
2007-10-03,108.955009,46.425972,33.582947,56.666645
2007-10-04,109.125084,46.588058,33.917656,56.643898
2007-10-05,110.421631,47.063156,35.048992,56.194916
2007-10-08,109.833580,46.627186,34.676327,56.638268
2007-10-09,110.867989,47.146996,35.216351,56.518875
2007-10-10,110.683784,47.057579,35.263203,56.592758
2007-10-11,110.152428,47.275562,34.953053,56.632553
2007-10-12,110.761765,47.482357,35.591228,56.524548
2007-10-15,109.826454,47.096684,35.156097,56.541569
2007-10-16,108.955009,46.370064,34.504517,56.632553
2007-10-17,109.288002,46.861946,35.301144,56.825779
2007-10-18,108.891289,46.973721,35.479656,56.990620
2007-10-19,106.043022,45.939678,33.962280,57.252113
2007-10-22,106.659454,45.883789,34.207737,57.235023
2007-10-23,107.523872,46.532154,35.156097,57.217960
2007-10-24,107.325462,46.431549,34.926247,57.468014
2007-10-25,107.580521,46.643932,35.370319,57.320259
2007-10-26,108.841698,47.487949,36.372227,57.269127
2007-10-29,109.203026,47.834507,37.209003,57.269127
2007-10-30,108.444916,47.454430,36.506111,57.342983
2007-10-31,109.571396,48.125149,37.307190,57.183849
2007-11-01,107.006653,47.113453,35.800980,57.324848
2007-11-02,107.127052,47.376167,36.004040,57.387623
2007-11-05,106.312279,46.621593,34.752205,57.336224
2007-11-06,107.743477,47.325859,36.070992,57.262093
2007-11-07,104.796021,46.504208,34.921791,57.273453
2007-11-08,104.264694,46.588058,35.100307,57.330540
2007-11-09,102.833511,45.682579,34.274677,57.530277
2007-11-12,101.813248,44.933575,32.377987,57.450363
2007-11-13,104.916496,46.140911,34.665192,57.456100
2007-11-14,104.625984,46.068241,34.698650,57.433258
2007-11-15,103.116936,45.308071,33.899803,57.678696
2007-11-16,103.294014,45.453400,34.319317,57.638760
2007-11-19,101.855713,44.251652,32.737225,57.764305
2007-11-20,102.479218,45.240986,33.636494,57.644451
2007-11-21,100.382027,44.218124,31.942846,58.083900
2007-11-23,102.117889,45.330433,32.886734,57.787117
2007-11-26,99.864838,44.620564,31.581354,58.312202
2007-11-27,101.012627,45.224232,32.790779,58.072487
2007-11-28,104.243416,46.509808,34.587082,57.929779
2007-11-29,104.278854,46.129723,34.163109,58.095367
2007-11-30,105.327431,46.381248,34.453205,58.215187
2007-12-03,104.633072,46.207970,34.154194,58.522907
2007-12-04,103.697830,45.917336,34.064926,58.299427
2007-12-05,105.433769,46.448311,35.577827,58.190548
2007-12-06,106.942841,46.889877,36.137917,58.127476
2007-12-07,106.921577,46.705429,35.709503,57.795158
2007-12-10,107.750572,47.186134,35.720654,57.680542
2007-12-11,104.796021,45.956448,34.207737,57.961357
2007-12-12,105.830490,46.878696,35.234188,57.904076
2007-12-13,105.610878,45.922901,34.265762,57.680542
2007-12-14,104.271767,44.682056,33.449051,57.520126
2007-12-17,102.783913,43.731850,32.023174,57.606026
2007-12-18,103.357803,44.279621,32.902355,57.909782
2007-12-19,103.357803,43.916294,33.116570,58.030098
2007-12-20,104.009598,44.229301,33.297314,57.978554
2007-12-21,105.508926,44.860924,34.301456,57.726414
2007-12-24,106.292419,45.044342,34.881607,57.743557
2007-12-26,106.520370,45.170452,35.062416,57.565937
2007-12-27,105.181305,44.895309,34.253326,57.881824
2007-12-28,104.917755,45.279373,34.382145,58.192505
2007-12-31,104.141327,44.998501,33.968548,58.209743
2008-01-02,103.229645,44.837978,33.408062,58.485943
2008-01-03,103.179810,44.912502,33.708649,58.641289
2008-01-04,100.651260,43.892162,32.696144,58.762150
2008-01-07,100.565781,43.938026,32.935715,58.836914
2008-01-08,98.941803,43.691528,32.680336,58.986557
2008-01-09,99.981750,44.006809,33.751591,58.848454
2008-01-10,100.636993,43.960949,34.149357,58.727585
2008-01-11,99.825005,43.083908,33.188843,58.980755
2008-01-14,100.629890,43.771797,33.677017,59.026791
2008-01-15,98.414742,42.350163,32.153732,59.239712
2008-01-16,97.567093,41.496063,30.815790,59.061348
2008-01-17,95.038559,40.871250,29.918543,59.418056
2008-01-18,94.062721,41.106255,30.601080,59.406548
2008-01-22,93.108269,39.959808,29.832674,59.498638
2008-01-23,95.344818,39.724785,30.022520,59.320236
2008-01-24,96.149696,41.117737,30.605604,59.170658
2008-01-25,94.760727,40.521580,30.140039,59.274273
2008-01-28,96.327728,40.974430,30.885841,59.389297
2008-01-29,96.804977,41.220917,30.734426,59.205143
2008-01-30,96.092743,41.031746,30.329868,59.297249
2008-01-31,97.844879,41.467400,30.937834,59.556149
2008-02-01,99.419052,42.161022,31.554813,59.495487
2008-02-04,98.165405,41.731087,31.652008,59.460819
2008-02-05,95.537094,39.816498,29.947927,59.645687
2008-02-06,94.767868,39.782108,29.457497,59.599533
2008-02-07,95.394630,39.581467,29.956963,59.073803
2008-02-08,94.782135,39.174488,29.900461,59.356819
2008-02-11,95.266457,39.380848,30.271107,59.483944
2008-02-12,96.149696,40.229225,30.759285,59.460819
2008-02-13,97.132622,40.504395,31.450865,59.108498
2008-02-14,96.277855,40.320950,31.046314,58.923584
2008-02-15,96.256516,40.469982,31.267801,58.894676
2008-02-19,96.527191,40.865509,31.676861,58.611618
2008-02-20,96.812111,40.653412,31.941290,58.519226
2008-02-21,96.007225,40.578892,31.493807,58.998692
2008-02-22,96.598434,41.094807,31.916433,58.686672
2008-02-25,97.816429,41.748280,32.510826,58.478710
2008-02-26,98.550041,42.367371,32.940220,58.761826
2008-02-27,98.450340,42.504955,33.218216,58.883148
2008-02-28,97.488762,42.097950,32.861134,59.235519
2008-02-29,95.316330,41.043221,31.554813,59.460819
2008-03-03,95.088394,41.163601,31.726583,59.451004
2008-03-04,94.725166,40.538776,30.989813,59.195843
2008-03-05,95.323433,41.026028,31.640703,58.818943
2008-03-06,93.350464,40.441334,30.555866,58.731998
2008-03-07,92.388893,39.965542,30.133247,58.911743
2008-03-10,91.170891,39.764912,29.604403,59.224895
2008-03-11,94.447365,41.020279,31.595507,58.865326
2008-03-12,93.564117,41.020279,31.010149,59.468384
2008-03-13,93.770691,41.089069,30.727646,59.213223
2008-03-14,92.317657,40.097374,29.638296,59.462540
2008-03-17,91.384621,39.489758,28.906042,59.717686
2008-03-18,95.180954,40.699261,30.408978,59.578556
2008-03-19,92.823380,39.226078,28.582848,59.758282
2008-03-20,94.542709,39.816498,29.064251,59.967087
2008-03-24,96.432381,40.544498,30.178455,59.526344
2008-03-25,96.525505,41.134937,30.641764,59.636513
2008-03-26,95.344414,41.134937,30.393164,59.462540
2008-03-27,95.043800,41.100536,30.246256,59.485737
2008-03-28,94.134697,41.066143,30.192011,59.630711
2008-03-31,94.463966,41.215187,30.370552,59.537945
2008-04-01,97.785309,42.516403,31.536736,59.133301
2008-04-02,97.849709,42.608120,31.559340,59.162411
2008-04-03,98.093079,42.734238,31.943542,59.348755
2008-04-04,97.985741,42.877548,31.814726,59.651493
2008-04-07,98.035767,43.141228,32.237350,59.645626
2008-04-08,97.935638,42.688381,32.061069,59.639858
2008-04-09,97.226936,42.338715,31.561596,59.901821
2008-04-10,97.362976,42.206871,32.013618,59.715546
2008-04-11,95.473274,41.639366,31.491543,59.843594
2008-04-14,95.151154,41.731087,31.416958,59.773727
2008-04-15,95.373047,42.023430,31.785349,59.453522
2008-04-16,97.957062,43.347591,32.725521,59.238125
2008-04-17,98.100258,42.866081,32.488228,59.226505
2008-04-18,99.123825,43.169891,32.978653,59.383652
2008-04-21,99.173943,43.508083,33.145901,59.389519
2008-04-22,98.737328,43.055256,32.838528,59.476818
2008-04-23,98.579819,43.278793,33.310886,59.418552
2008-04-24,99.009308,42.997921,32.883739,59.197376
2008-04-25,99.925529,43.353325,33.125557,59.139091
2008-04-28,99.946991,43.605545,33.062271,59.284702
2008-04-29,99.553322,43.221489,32.476929,59.372013
2008-04-30,98.966354,43.456512,33.145901,59.732994
2008-05-01,101.013535,43.720200,33.498459,59.631348
2008-05-02,101.292679,43.840576,33.819397,59.532078
2008-05-05,100.805939,43.915100,33.794533,59.555443
2008-05-06,101.679237,44.241829,34.171959,59.362690
2008-05-07,99.868248,43.467976,33.154938,59.532078
2008-05-08,99.610535,43.846298,33.496212,59.683872
2008-05-09,99.424484,43.496632,33.222740,59.707275
2008-05-12,100.541130,43.932289,33.649895,59.602161
2008-05-13,100.555435,43.783241,33.810352,59.263412
2008-05-14,100.763000,43.783241,33.891712,59.350990
2008-05-15,102.022789,44.528458,34.612671,59.666401
2008-05-16,102.115891,45.009953,35.053387,59.520409
2008-05-19,102.395020,44.826538,35.060154,59.619663
2008-05-20,101.564682,44.413803,34.452202,59.748158
2008-05-21,99.846802,43.909348,34.101894,59.666401
2008-05-22,99.861069,44.419525,34.201347,59.310108
2008-05-23,98.522560,43.915100,33.604683,59.537930
2008-05-27,99.252670,43.829098,33.550442,59.205013
2008-05-28,99.710831,43.823380,34.002460,58.930508
2008-05-29,100.211838,43.725925,34.077038,58.766937
2008-05-30,100.462372,43.972416,34.194553,58.977264
2008-06-02,99.424484,43.513832,33.787746,59.196491
2008-06-03,98.844673,43.422123,33.177540,59.307922
2008-06-04,98.794556,43.169891,32.888252,59.096806
2008-06-05,100.770195,43.886429,33.934647,58.879890
2008-06-06,97.556236,42.625328,32.705189,59.208267
2008-06-09,97.792435,42.568005,32.621574,58.909199
2008-06-10,97.305725,41.845722,31.868967,58.598434
2008-06-11,95.874123,41.312641,31.392099,58.674683
2008-06-12,96.239174,41.169331,31.575163,58.311142
2008-06-13,97.456017,41.547646,31.916433,58.164509
2008-06-16,97.513290,41.759747,32.024914,58.229053
2008-06-17,97.040871,41.885857,32.160519,58.428402
2008-06-18,96.096016,41.541927,32.004581,58.674683
2008-06-19,96.217690,41.461666,32.054302,58.375660
2008-06-20,94.655891,40.555965,31.007891,58.551521
2008-06-23,94.562393,40.550236,31.098297,58.475292
2008-06-24,94.375343,40.366802,30.960428,58.592590
2008-06-25,94.821365,40.797855,31.580381,58.621906
2008-06-26,92.245995,39.764038,30.496834,58.698143
2008-06-27,91.742416,39.869164,30.791723,58.838829
2008-06-30,92.066139,40.108631,31.024893,58.868191
2008-07-01,92.353897,39.676422,30.471697,58.664528
2008-07-02,90.771278,39.045620,29.603041,58.593868
2008-07-03,90.864799,39.296780,29.518442,58.611549
2008-07-07,89.936790,38.958004,29.413303,58.817535
2008-07-08,91.533806,39.162434,29.774490,59.047077
2008-07-09,89.771324,38.654289,29.173271,59.276669
2008-07-10,90.138214,38.987213,29.701330,59.329571
2008-07-11,89.087921,38.373920,29.502451,58.994118
2008-07-14,88.282211,38.292168,29.465872,59.082394
2008-07-15,87.037712,37.678871,28.974400,59.311977
2008-07-16,89.174248,38.373920,29.811049,58.858704
2008-07-17,90.066269,38.958004,29.950485,58.599773
2008-07-18,90.627403,39.209156,29.692181,58.258408
2008-07-21,90.677734,39.436943,30.060225,58.564465
2008-07-22,91.706436,39.571289,30.078512,58.364376
2008-07-23,92.202835,39.717319,30.121943,58.434967
2008-07-24,90.289291,38.993057,29.008684,58.841114
2008-07-25,90.267677,39.074825,29.207565,58.540924
2008-07-28,88.944046,38.420650,28.713810,58.805782
2008-07-29,90.843178,38.800308,30.304832,58.735142
2008-07-30,92.461800,39.162434,29.989359,58.799885
2008-07-31,91.238861,38.776943,29.317287,59.100040
2008-08-01,90.756905,38.198708,29.118412,59.030312
2008-08-04,89.915207,37.836575,28.226902,58.858963
2008-08-05,92.339531,38.794456,28.590357,58.758484
2008-08-06,92.749527,38.806149,29.159555,58.693489
2008-08-07,91.368317,38.029327,28.158314,59.000782
2008-08-08,93.066086,38.187016,28.226902,58.912136
2008-08-11,94.030067,38.151974,27.931999,58.764393
2008-08-12,93.051720,37.877453,27.698828,59.012581
2008-08-13,92.490555,37.281712,27.691977,58.912136
2008-08-14,93.188416,37.135693,28.055452,59.053989
2008-08-15,93.641579,36.890373,27.616537,59.225330
2008-08-18,92.361115,36.703465,27.150209,59.325817
2008-08-19,91.353973,36.288761,26.923901,59.278557
2008-08-20,91.778404,36.504879,27.609686,59.373093
2008-08-21,91.936668,36.650913,27.568535,59.384899
2008-08-22,93.267502,36.820286,27.547966,59.319889
2008-08-25,91.375557,36.242043,26.978767,59.503105
2008-08-26,91.641716,36.423100,27.026768,59.432182
2008-08-27,92.533745,36.767727,27.602823,59.503105
2008-08-28,93.655983,37.240814,27.794847,59.556271
2008-08-29,92.648849,37.129833,27.465673,59.538555
2008-09-02,92.073357,36.557434,26.635876,59.736668
2008-09-03,91.994217,36.405590,26.196968,59.724815
2008-09-04,89.224594,34.846100,24.989990,59.944347
2008-09-05,89.505127,34.717594,25.346594,59.766384
2008-09-08,91.353973,35.494434,25.662056,60.140144
2008-09-09,88.641922,34.343781,24.221910,60.407078
2008-09-10,89.001579,34.676708,24.612806,60.365612
2008-09-11,90.289291,34.600788,24.249340,60.288464
2008-09-12,90.706543,35.278320,25.058559,60.045200
2008-09-15,86.390266,33.777241,23.090370,60.282501
2008-09-16,87.836197,33.526070,23.289244,59.671440
2008-09-17,83.886780,32.246956,21.636503,59.819771
2008-09-18,86.375839,33.712982,23.460693,59.653652
2008-09-19,89.806190,36.101864,26.382132,59.920612
2008-09-22,87.773018,34.869465,24.660812,58.983261
2008-09-23,85.776024,34.378830,23.892731,58.894245
2008-09-24,86.050980,34.478111,24.167053,58.965454
2008-09-25,87.396790,35.272476,25.408323,58.858654
2008-09-26,87.440170,34.898663,24.544228,58.562031
2008-09-29,80.588211,31.002863,21.677654,58.295052
2008-09-30,83.923767,32.883587,23.433256,58.490807
2008-10-01,83.974396,32.638283,23.714428,58.073875
2008-10-02,80.928299,31.213127,21.636503,58.300251
2008-10-03,79.835747,31.090481,21.067299,58.740990
2008-10-06,75.769424,29.332397,19.483133,58.758869
2008-10-07,72.375992,27.959814,17.967556,57.543804
2008-10-08,70.552704,27.334854,17.967556,56.388275
2008-10-09,65.625359,25.699438,16.643991,56.519260
2008-10-10,64.033554,24.741547,16.836008,52.653683
2008-10-13,73.331100,28.672394,20.669544,54.690716
2008-10-14,72.245804,28.082472,19.640871,55.840290
2008-10-15,65.133301,25.086159,16.465681,56.733742
2008-10-16,67.846642,26.563869,17.274908,55.840290
2008-10-17,67.441467,25.997318,16.733141,56.042812
2008-10-20,71.493286,27.656099,17.905832,57.043453
2008-10-21,69.358849,26.096609,16.479404,57.543804
2008-10-22,65.581932,24.192516,14.744370,58.210876
2008-10-23,66.341637,24.724030,15.155842,57.186398
2008-10-24,62.977184,23.123644,13.592248,56.703915
2008-10-27,60.741421,21.908772,13.235640,56.138103
2008-10-28,67.839401,24.928453,16.006210,56.334660
2008-10-29,67.347397,24.986864,15.498731,57.406780
2008-10-30,69.677200,25.862984,17.590370,57.335335
2008-10-31,70.060661,26.032362,17.439505,57.156628
2008-11-03,70.263290,26.137491,17.281769,56.247452
2008-11-04,72.650963,27.930611,18.859081,57.150620
2008-11-05,69.597656,26.412014,16.458828,58.017929
2008-11-06,65.741135,24.706507,15.629031,57.778671
2008-11-07,67.911774,26.102451,16.897724,58.071728
2008-11-10,67.021812,25.711117,17.055460,57.700909
2008-11-11,64.952446,24.864199,15.992497,58.137573
2008-11-12,62.094471,23.526663,14.806089,57.635174
2008-11-13,65.965401,25.530050,16.856585,57.832474
2008-11-14,62.673298,24.064020,15.238140,58.006004
2008-11-17,61.841236,23.625967,14.984390,58.161446
2008-11-18,63.006123,23.666843,14.764943,58.077740
2008-11-19,58.968781,22.083992,13.489384,58.245213
2008-11-20,54.591339,20.869108,12.522427,58.257160
2008-11-21,57.536129,22.352667,14.326035,57.790646
2008-11-24,61.522873,23.690210,15.196983,57.784657
2008-11-25,61.978699,24.122427,14.908960,59.226154
2008-11-26,64.373634,24.385262,16.047363,58.998825
2008-11-28,65.183998,24.373577,15.738757,58.885201
2008-12-01,59.410126,22.381876,14.223172,59.715794
2008-12-02,61.696487,23.596758,15.121547,59.775864
2008-12-03,63.179825,23.912151,15.244991,59.781879
2008-12-04,61.718201,23.176222,14.593494,59.980053
2008-12-05,63.621166,23.468254,15.457587,59.649704
2008-12-08,65.842422,24.583834,16.445116,59.571655
2008-12-09,64.757126,24.356056,16.218798,60.130219
2008-12-10,65.198471,24.998547,17.185760,60.022110
2008-12-11,63.628410,24.887566,16.746859,60.334404
2008-12-12,64.388115,25.132872,16.980026,60.352432
2008-12-15,63.490902,25.197126,16.753714,60.496517
2008-12-16,66.479172,26.645636,18.090994,60.736828
2008-12-17,65.835213,26.511299,17.775532,61.061092
2008-12-18,64.605171,25.699438,17.384636,61.445496
2008-12-19,64.327301,25.325623,17.446358,61.247318
2008-12-22,63.503021,25.150398,16.794868,61.577614
2008-12-23,62.846527,24.961714,16.655775,62.178215
2008-12-24,63.211266,25.292953,16.774000,62.472466
2008-12-26,63.575966,25.411261,16.718365,62.262241
2008-12-29,63.393623,25.417179,16.690546,62.742092
2008-12-30,64.896210,26.180216,17.135628,62.766212
2008-12-31,65.822586,26.535130,17.365122,62.808384
2009-01-02,67.806580,26.878202,18.192694,62.416553
2009-01-05,67.726357,26.446394,18.429148,63.411160
2009-01-06,68.178581,26.730326,18.846411,63.055504
2009-01-07,66.136208,26.268942,17.761528,62.476849
2009-01-08,66.406105,26.659346,17.685024,62.000660
2009-01-09,64.983734,25.736578,17.302540,61.789696
2009-01-12,63.422783,25.115505,16.572329,62.115162
2009-01-13,63.539482,24.654123,16.621000,62.217648
2009-01-14,61.540894,23.642643,15.814293,62.133282
2009-01-15,61.562786,23.855591,15.995110,62.127262
2009-01-16,62.044182,23.997549,16.168966,62.446693
2009-01-20,58.769093,22.240763,14.965858,62.121220
2009-01-21,61.307484,23.329136,15.779528,61.795727
2009-01-22,60.359226,22.784950,15.257940,61.530521
2009-01-23,60.621841,22.625250,15.452663,61.434078
2009-01-26,61.037601,23.068880,15.633479,61.373753
2009-01-27,61.657608,23.518417,15.911652,61.687206
2009-01-28,63.743748,24.210493,16.718365,61.723408
2009-01-29,61.672207,23.110277,15.869925,61.174866
2009-01-30,60.417587,22.891424,15.751705,61.560650
2009-02-02,60.235210,22.666656,15.591753,61.455368
2009-02-03,61.081379,23.317318,16.057703,61.183147
2009-02-04,60.782303,23.199015,16.175920,61.098499
2009-02-05,61.686752,23.530256,16.516689,60.904926
2009-02-06,63.444656,24.074446,17.344259,61.068241
2009-02-09,63.532196,24.068527,17.253855,61.074245
2009-02-10,60.621841,22.873684,16.210691,61.449326
2009-02-11,60.979233,23.122118,16.697498,61.437233
2009-02-12,61.023022,23.051132,16.593185,61.763878
2009-02-13,60.366543,22.802698,16.676634,61.576374
2009-02-17,57.784389,21.590105,15.612613,61.624775
2009-02-18,57.645790,21.572359,15.501347,61.497761
2009-02-19,57.025795,21.542782,15.355304,61.400913
2009-02-20,56.471436,21.229282,14.965858,61.086365
2009-02-23,54.450962,20.418909,14.597274,61.400913
2009-02-24,56.515224,21.270693,15.397031,61.279930
2009-02-25,56.070267,20.685101,15.132764,61.225517
2009-02-26,55.158504,20.513557,15.000628,60.904926
2009-02-27,53.925766,20.513557,14.764182,60.910961
2009-03-02,51.496807,19.336451,13.867066,61.115463
2009-03-03,51.110237,19.259556,14.061784,61.036549
2009-03-04,52.321056,20.117247,15.049302,60.751354
2009-03-05,50.183868,19.306881,14.430369,60.951569
2009-03-06,50.271393,19.271387,14.673775,61.115463
2009-03-09,49.680580,18.750856,14.388640,60.696705
2009-03-10,52.642006,20.010775,15.556981,60.836304
2009-03-11,52.984833,20.123163,15.556981,60.981949
2009-03-12,55.070965,20.578621,16.155060,61.036549
2009-03-13,55.501316,20.714670,16.245468,61.097286
2009-03-16,55.333527,20.939449,16.259371,60.909122
2009-03-17,57.025795,21.489546,16.614050,60.727051
2009-03-18,58.302265,22.104713,16.961769,61.692024
2009-03-19,57.580162,22.092888,16.850498,61.843746
2009-03-20,56.354050,21.785311,16.621000,61.497849
2009-03-23,60.401905,23.352802,18.157930,61.497849
2009-03-24,59.211784,22.619331,17.594622,61.079041
2009-03-25,59.836216,22.968321,17.858885,60.811981
2009-03-26,61.055744,23.275902,18.345697,60.933411
2009-03-27,59.953770,22.530602,17.803253,60.981949
2009-03-30,57.882088,21.672918,16.885267,61.267212
2009-03-31,58.418362,22.234842,17.253855,61.582802
2009-04-01,59.549717,22.814524,17.824114,61.552933
2009-04-02,61.290825,23.843758,18.790768,61.358082
2009-04-03,61.900570,23.979803,19.020271,61.157063
2009-04-06,61.415691,23.482929,18.783819,61.144924
2009-04-07,59.983173,22.991982,18.352652,61.047474
2009-04-08,60.629665,23.222666,18.623873,61.248413
2009-04-09,63.039257,23.843758,19.437534,61.157063
2009-04-13,63.053959,24.080366,19.555758,61.601688
2009-04-14,61.966679,23.849676,19.242817,61.589493
2009-04-15,62.627861,24.163172,19.520985,61.760078
2009-04-16,63.546158,24.316957,19.687895,61.650337
2009-04-17,63.972210,24.234146,19.548809,61.309368
2009-04-20,61.290825,23.240416,18.596046,61.662571
2009-04-21,62.488266,23.772772,18.992456,61.467686
2009-04-22,62.106270,23.583490,18.832500,61.632088
2009-04-23,62.716022,24.175003,19.124590,61.711311
2009-04-24,63.663704,24.547649,19.486212,61.778309
2009-04-27,63.061279,24.257811,18.832500,61.875729
2009-04-28,62.862972,24.027126,18.769911,61.857452
2009-04-29,64.199997,24.642298,19.757431,61.601688
2009-04-30,64.222038,24.796085,19.938251,61.900070
2009-05-01,64.567314,25.085928,20.230333,61.661179
2009-05-04,66.763847,26.126986,21.628166,61.710060
2009-05-05,66.536110,25.866711,21.433449,61.838367
2009-05-06,67.689514,26.493723,21.802023,61.978962
2009-05-07,66.749161,26.050087,21.259583,61.703949
2009-05-08,68.306618,27.179880,21.968929,61.820015
2009-05-11,67.028313,26.487801,21.454306,61.862827
2009-05-12,66.829979,26.771725,21.607304,62.204975
2009-05-13,65.147621,25.860807,20.814505,62.259953
2009-05-14,65.705971,26.115156,21.113544,62.296631
2009-05-15,65.169701,25.878551,20.918818,62.437134
2009-05-18,67.020981,26.866373,22.080198,62.253849
2009-05-19,66.940193,27.108891,22.330563,62.308807
2009-05-20,66.492027,27.286341,22.400106,62.498272
2009-05-21,65.537018,27.079321,21.982847,62.302708
2009-05-22,65.397423,27.233116,22.080198,62.137741
2009-05-26,67.072388,27.777300,22.344469,61.997276
2009-05-27,65.874954,27.239019,22.087158,61.655083
2009-05-28,66.793259,27.517031,22.768688,61.679546
2009-05-29,67.976006,28.067142,23.116405,62.339401
2009-06-01,69.621597,28.759207,24.090019,61.565990
2009-06-02,69.680351,29.007637,23.742306,61.988792
2009-06-03,68.798798,28.144035,22.900822,62.160473
2009-06-04,69.445297,28.321482,23.325035,61.645630
2009-06-05,69.459969,27.972498,23.373722,61.326984
2009-06-08,69.173485,27.913334,23.012094,61.161488
2009-06-09,69.526123,28.256413,23.053820,61.437263
2009-06-10,69.349800,28.309654,23.345901,61.265644
2009-06-11,69.658356,28.794685,23.846621,61.480213
2009-06-12,69.849335,28.646816,23.464125,61.780479
2009-06-15,68.247826,27.617592,22.622639,62.013351
2009-06-16,67.322189,27.298164,22.281881,62.099182
2009-06-17,67.256088,27.375069,22.031527,62.221733
2009-06-18,67.748268,27.327745,21.968929,61.817242
2009-06-19,67.997963,27.759548,22.080198,62.043991
2009-06-22,65.958946,26.866373,21.280441,62.135944
2009-06-23,66.010651,27.219749,21.418558,62.338161
2009-06-24,66.579529,27.243929,21.888300,62.172676
2009-06-25,68.027542,27.817793,22.540329,62.460735
2009-06-26,67.850204,27.763430,22.659512,62.644539
2009-06-29,68.485596,27.999016,22.827768,62.589397
2009-06-30,67.931488,27.672821,22.596409,62.601707
2009-07-01,68.212212,28.131908,23.010059,62.578323
2009-07-02,66.350487,27.322443,22.379068,62.725864
2009-07-06,66.343109,27.358700,22.329992,62.676701
2009-07-07,65.057625,26.694208,21.804169,62.879608
2009-07-08,65.013283,26.585474,21.551773,63.224014
2009-07-09,65.138870,26.911673,21.937382,63.045696
2009-07-10,64.983727,26.597557,21.677975,63.260883
2009-07-13,66.564720,27.062695,21.832209,63.230106
2009-07-14,66.941521,27.207678,22.070589,63.039497
2009-07-15,68.899307,28.137953,23.255445,62.627495
2009-07-16,68.788475,28.385624,23.297510,62.824318
2009-07-17,69.542068,28.282934,23.535881,62.824318
2009-07-20,70.280823,28.832651,24.377195,62.898106
2009-07-21,70.605904,29.013865,24.307089,63.334641
2009-07-22,70.591118,29.086363,24.251005,63.119423
2009-07-23,72.149979,29.575663,24.938076,62.959545
2009-07-24,72.445473,29.756884,24.818901,62.959545
2009-07-27,72.659721,29.787104,25.036232,62.768909
2009-07-28,72.319870,29.660238,24.924061,62.885757
2009-07-29,72.142586,29.418600,24.363180,62.996418
2009-07-30,72.896179,29.992481,24.966125,63.076412
2009-07-31,72.999580,30.451580,25.085310,63.396160
2009-08-03,74.203773,31.158342,26.024780,63.262886
2009-08-04,74.395897,31.110020,25.786407,63.071697
2009-08-05,74.181641,30.983162,25.569069,63.016098
2009-08-06,73.797455,30.789865,25.358738,63.046936
2009-08-07,74.765266,30.759655,25.611132,62.670662
2009-08-10,74.610107,30.572386,25.323685,63.157967
2009-08-11,73.679260,30.397211,24.846939,63.380089
2009-08-12,74.469780,30.741528,25.071285,63.349236
2009-08-13,75.038658,31.212713,25.505976,63.509644
2009-08-14,74.462372,30.946924,25.043245,63.620689
2009-08-17,72.630180,29.950209,24.061703,63.885933
2009-08-18,73.206436,30.469702,24.587526,63.676201
2009-08-19,73.849197,30.729452,24.650627,63.805779
2009-08-20,74.610107,30.946924,25.078291,63.910625
2009-08-21,76.072960,31.623487,25.456892,63.540497
2009-08-24,76.065559,31.617441,25.569069,63.799625
2009-08-25,76.213287,31.931566,25.512981,63.904495
2009-08-26,76.220680,31.798670,25.435854,63.996948
2009-08-27,76.390610,32.040302,25.386782,63.947643
2009-08-28,76.375854,32.058426,25.253574,63.904495
2009-08-31,75.696144,31.822834,24.755795,64.169769
2009-09-01,74.026489,31.031487,24.286049,64.059570
2009-09-02,73.745735,30.995245,24.545465,64.399979
2009-09-03,74.358948,31.236870,25.036232,64.282372
2009-09-04,75.400620,31.714096,25.519991,64.158592
2009-09-08,76.050743,32.342342,26.045815,64.065735
2009-09-09,76.634377,32.741039,26.186028,64.189568
2009-09-10,77.417519,33.030987,26.529568,64.517540
2009-09-11,77.402748,32.988701,26.543596,64.511322
2009-09-14,77.779510,33.055149,26.445444,64.418541
2009-09-15,78.104607,33.061180,26.760935,64.319489
2009-09-16,79.286667,33.713596,27.433990,64.368973
2009-09-17,79.168449,33.496136,27.286762,64.672234
2009-09-18,79.218925,33.586742,27.363876,64.511322
2009-09-21,79.018494,33.230343,27.125500,64.461815
2009-09-22,79.478745,33.689434,27.539154,64.418541
2009-09-23,78.818100,33.399479,27.125500,64.579453
2009-09-24,77.949570,32.910172,26.592676,64.659882
2009-09-25,77.533897,32.771240,26.704844,64.851692
2009-09-28,78.921982,33.218254,27.048388,64.845543
2009-09-29,78.684456,33.018909,27.111486,64.814560
2009-09-30,78.380104,33.030987,27.279745,64.932159
2009-10-01,76.435310,32.167149,26.536583,65.082405
2009-10-02,76.078979,31.810753,26.543596,64.958252
2009-10-05,77.214706,32.269844,27.160563,65.001732
2009-10-06,78.320740,32.813522,27.609272,64.908592
2009-10-07,78.535988,32.934345,27.581211,65.169342
2009-10-08,79.137268,33.411549,27.917749,65.125862
2009-10-09,79.619766,33.326988,27.938774,64.672638
2009-10-12,79.931526,33.526329,28.170145,64.821625
2009-10-13,79.768265,33.453842,28.219219,64.983109
2009-10-14,81.141518,34.257267,29.130653,64.827835
2009-10-15,81.438431,34.414333,28.969400,64.728539
2009-10-16,80.829765,33.894825,28.569771,64.722290
2009-10-19,81.497810,34.438480,29.116625,64.852715
2009-10-20,81.067284,34.257267,28.731018,65.007935
2009-10-21,80.339821,34.142487,28.576782,64.964508
2009-10-22,81.156342,34.474747,28.815159,64.865112
2009-10-23,80.228455,33.931072,28.576782,64.784416
2009-10-26,79.359962,33.417591,28.219219,64.610565
2009-10-27,78.996239,33.151817,27.728447,64.865112
2009-10-28,77.504204,32.354424,26.459465,64.958252
2009-10-29,79.166992,33.308865,27.630297,64.827835
2009-10-30,76.873230,32.197365,26.340275,65.076180
2009-11-02,77.437363,32.511494,26.732891,64.972847
2009-11-03,77.682343,32.384624,26.774958,64.885651
2009-11-04,77.882759,32.710827,27.272732,64.779755
2009-11-05,79.315430,33.133671,27.833616,64.947922
2009-11-06,79.523293,33.230343,27.798565,65.003990
2009-11-09,81.334511,34.160610,28.822165,65.091194
2009-11-10,81.349335,33.979389,28.688957,65.109848
2009-11-11,81.765030,34.082085,28.934341,65.134796
2009-11-12,80.933678,33.586742,28.289326,65.265587
2009-11-13,81.371605,34.057922,28.773087,65.334030
2009-11-16,82.551880,34.601593,29.495226,65.489769
2009-11-17,82.648354,34.372044,29.390057,65.545799
2009-11-18,82.596443,34.263313,29.158689,65.408798
2009-11-19,81.520081,33.616936,28.618851,65.477333
2009-11-20,81.230568,33.429680,28.499660,65.502312
2009-11-23,82.262405,34.027725,29.095594,65.489769
2009-11-24,82.388565,33.888779,28.934341,65.682800
2009-11-25,82.678078,34.341827,29.270864,65.745125
2009-11-27,81.334511,33.351143,28.135084,65.801186
2009-11-30,81.609131,33.459881,28.408520,65.913277
2009-12-01,82.618698,34.378086,29.221785,65.752716
2009-12-02,82.581566,34.432457,29.340982,65.627678
2009-12-03,81.935768,34.353924,29.067551,65.633957
2009-12-04,82.403412,34.233097,29.333961,65.502731
2009-12-07,82.277214,34.045837,29.081570,65.565178
2009-12-08,81.364189,33.453842,28.541727,65.652679
2009-12-09,81.668556,33.411549,28.717007,65.583984
2009-12-10,82.128754,33.514256,28.885267,65.533997
2009-12-11,82.477661,33.502171,28.990425,65.377769
2009-12-14,83.041786,33.828369,29.186737,65.415230
2009-12-15,82.655800,33.453842,28.885267,65.234024
2009-12-16,82.781990,33.846497,29.053518,65.352760
2009-12-17,81.787300,33.049107,28.219219,65.459007
2009-12-18,82.250046,33.127647,28.296347,65.459007
2009-12-21,83.085884,33.224293,28.261292,65.184006
2009-12-22,83.384399,33.435204,28.546118,64.996521
2009-12-23,83.548584,33.739990,28.828819,65.021545
2009-12-24,83.944122,33.874104,29.118591,64.909096
2009-12-28,84.123238,34.020401,29.217539,64.515373
2009-12-29,84.003815,34.075260,29.112898,64.591827
2009-12-30,83.973969,33.935055,29.240166,64.754761
2009-12-31,83.167984,33.697327,29.339134,64.673340
2010-01-04,84.578476,34.581211,30.194561,64.748535
2010-01-05,84.802368,34.611687,30.413725,65.043106
2010-01-06,84.862068,34.757984,30.477358,65.005486
2010-01-07,85.220322,34.623886,30.300610,64.930298
2010-01-08,85.503922,34.898197,30.540979,64.967896
2010-01-11,85.623283,35.184685,30.477358,64.917770
2010-01-12,84.824799,34.770176,29.989548,65.331367
2010-01-13,85.541206,35.062778,30.081446,65.055595
2010-01-14,85.772568,35.330982,30.003687,65.224854
2010-01-15,84.809814,34.776276,29.657272,65.350174
2010-01-19,85.869576,35.117641,30.258198,65.243683
2010-01-20,84.996407,34.221561,29.530016,65.412910
2010-01-21,83.362045,33.490074,28.639235,65.431656
2010-01-22,81.503731,32.837833,28.002974,65.469269
2010-01-25,81.921646,33.240147,28.207981,65.463028
2010-01-26,81.578331,33.051170,27.621197,65.544518
2010-01-27,81.966415,33.014610,27.550510,65.494354
2010-01-28,81.026077,32.459881,27.359631,65.437927
2010-01-29,80.145447,31.990505,27.062700,65.588379
2010-02-01,81.391777,32.575710,27.790878,65.498451
2010-02-02,82.376900,33.118229,28.017103,65.573868
2010-02-03,81.966415,32.770767,27.854504,65.454506
2010-02-04,79.436462,31.435804,26.596100,65.611618
2010-02-05,79.600639,31.380936,26.299175,65.636742
2010-02-08,79.025986,30.759174,26.037598,65.762466
2010-02-09,80.018555,31.728394,26.885954,65.643051
2010-02-10,79.861839,31.527231,26.815264,65.492195
2010-02-11,80.697701,31.819822,27.522223,65.385307
2010-02-12,80.630539,31.545519,27.175814,65.397858
2010-02-16,81.899246,32.246532,27.875713,65.561310
2010-02-17,82.287369,32.289196,27.974684,65.360153
2010-02-18,82.772423,32.472080,28.080730,65.334991
2010-02-19,82.944084,32.270916,27.840372,65.385307
2010-02-22,82.959030,32.331882,27.875713,65.272125
2010-02-23,81.951500,31.874701,27.232370,65.504761
2010-02-24,82.705276,32.075844,27.493956,65.573868
2010-02-25,82.593300,31.880791,27.267721,65.705948
2010-02-26,82.645531,32.075844,27.543432,65.718544
2010-03-01,83.503815,32.325775,28.010029,65.814995
2010-03-02,83.735176,32.569603,28.328173,65.840240
2010-03-03,83.809769,32.959732,28.363522,65.840240
2010-03-04,84.063515,32.874397,28.215055,65.960060
2010-03-05,85.265068,33.514450,28.950302,65.833885
2010-03-08,85.280006,33.514450,28.971506,65.878044
2010-03-09,85.421799,33.435204,29.134117,65.953720
2010-03-10,85.802414,33.575405,29.339134,65.909584
2010-03-11,86.160622,33.703426,29.346205,65.909584
2010-03-12,86.168106,33.928963,29.247229,65.915863
2010-03-15,86.190521,33.691227,29.035130,65.997826
2010-03-16,86.877090,34.117931,29.409822,66.117729
2010-03-17,87.392052,34.300800,29.727962,66.168114
2010-03-18,87.347252,34.099644,29.501734,66.111427
2010-03-19,86.905121,33.752186,29.119972,66.060944
2010-03-22,87.369720,33.849716,29.226023,66.111427
2010-03-23,87.984238,34.087452,29.431038,66.124023
2010-03-24,87.557068,33.526649,28.992722,65.789772
2010-03-25,87.414703,33.508366,28.914948,65.619537
2010-03-26,87.362259,33.837524,29.056353,65.726662
2010-03-29,87.916748,34.124027,29.579496,65.651039
2010-03-30,87.976730,34.124027,29.692612,65.676292
2010-03-31,87.676964,34.124027,29.777456,65.714111
2010-04-01,88.276474,34.727516,30.555119,65.689392
2010-04-05,88.995895,34.764076,30.830832,65.284515
2010-04-06,89.205711,34.666550,30.922743,65.366798
2010-04-07,88.696152,34.422710,30.654102,65.645164
2010-04-08,89.003387,34.386150,30.760139,65.581856
2010-04-09,89.587898,34.837231,30.951025,65.651443
2010-04-12,89.730270,34.946960,30.703569,65.803284
2010-04-13,89.797714,34.916477,30.639957,65.910835
2010-04-14,90.816879,35.379745,31.092415,65.834930
2010-04-15,90.891777,35.355366,30.922743,65.955109
2010-04-16,89.445511,34.575108,30.017828,66.056328
2010-04-19,89.782738,34.483673,29.897638,65.936119
2010-04-20,90.584572,34.697029,30.251120,66.043694
2010-04-21,90.419708,34.471478,30.152145,66.157562
2010-04-22,90.689499,34.160599,30.279402,66.024673
2010-04-23,91.281487,34.416626,30.442003,65.942444
2010-04-26,90.936745,34.453194,30.442003,65.936119
2010-04-27,88.786064,33.069469,29.353275,66.144936
2010-04-28,89.460518,33.075565,29.600714,66.043694
2010-04-29,90.569580,33.587601,30.088520,66.068977
2010-04-30,89.033379,33.167004,29.727962,66.353622
2010-05-03,90.187401,33.404728,29.890572,66.228058
2010-05-04,88.066666,32.081951,28.519049,66.494514
2010-05-05,87.542099,31.466278,28.002974,66.443726
2010-05-06,84.634521,30.064260,26.857677,66.538979
2010-05-07,83.375580,29.997204,26.999071,66.247093
2010-05-10,87.047523,31.941748,28.943235,66.240723
2010-05-11,86.800209,31.423609,28.420078,66.488205
2010-05-12,88.014221,31.777168,28.773563,66.418365
2010-05-13,86.920120,31.362656,28.504906,66.513519
2010-05-14,85.346420,30.472675,27.918133,66.754677
2010-05-17,85.391388,30.515341,27.748455,66.703842
2010-05-18,84.229866,29.857002,27.168755,66.932312
2010-05-19,83.750267,29.972807,26.907169,66.964066
2010-05-20,80.587868,28.930447,25.570997,66.906952
2010-05-21,81.764420,29.637562,26.398151,67.192451
2010-05-24,80.715294,28.954826,26.122438,67.154411
2010-05-25,80.797729,28.845102,25.839651,67.236824
2010-05-26,80.310623,28.418400,25.825504,67.160690
2010-05-27,83.000862,30.033775,27.387905,67.002098
2010-05-28,81.959274,29.454683,26.935434,67.071930
2010-06-01,80.580414,29.162088,26.440571,67.182632
2010-06-02,82.678650,29.942341,27.366701,67.112625
2010-06-03,82.963402,29.850906,27.267721,67.080811
2010-06-04,80.048347,28.576895,26.299175,67.252663
2010-06-07,79.051651,28.217243,25.889132,67.449921
2010-06-08,79.898468,28.668320,26.482986,67.373543
2010-06-09,79.471313,28.564692,26.341587,67.411781
2010-06-10,81.794373,29.771662,27.260654,67.208084
2010-06-11,82.191551,29.814323,27.402040,67.246284
2010-06-14,82.064171,30.003298,27.409115,67.341751
2010-06-15,83.930084,30.954227,28.236259,67.341751
2010-06-16,83.900108,30.807941,28.236259,67.443604
2010-06-17,84.035027,30.905466,28.094870,67.602646
2010-06-18,84.126122,30.850605,28.222126,67.494492
2010-06-21,83.885201,30.844515,28.709934,67.640877
2010-06-22,82.499802,30.454378,28.158506,67.710907
2010-06-23,82.243759,30.658443,28.231089,67.882706
2010-06-24,80.880928,30.125031,27.732937,67.825462
2010-06-25,81.219795,30.298708,28.060297,67.920914
2010-06-28,80.963783,30.075415,27.868137,68.048187
2010-06-29,78.464005,29.045818,26.736618,68.251869
2010-06-30,77.718628,28.847343,26.558710,68.258194
2010-07-01,77.372238,29.269108,26.750860,68.222488
2010-07-02,76.950592,29.207087,26.864717,68.126755
2010-07-06,77.455063,29.790110,27.362881,68.337364
2010-07-07,79.894592,30.720463,27.967773,68.247993
2010-07-08,80.685173,31.018188,28.102987,68.235207
2010-07-09,81.287514,31.049189,28.444578,68.133133
2010-07-12,81.340248,30.931339,28.216856,68.209686
2010-07-13,82.567543,31.501965,28.544212,68.037384
2010-07-14,82.560005,31.613607,28.487282,68.267128
2010-07-15,82.582596,31.768675,28.352068,68.362892
2010-07-16,80.308723,30.751484,27.505205,68.573517
2010-07-19,80.783058,30.949949,27.868137,68.509720
2010-07-20,81.679108,31.160845,28.522861,68.458633
2010-07-21,80.617439,30.596428,28.231089,68.758591
2010-07-22,82.416954,31.626020,29.085062,68.694839
2010-07-23,83.132240,31.998159,29.284330,68.573517
2010-07-26,83.998116,32.221439,29.483593,68.560829
2010-07-27,83.990585,32.314476,29.433784,68.535217
2010-07-28,83.448463,32.147030,29.270098,68.662895
2010-07-29,83.041862,32.295879,29.319916,68.726730
2010-07-30,83.026833,32.196640,29.462238,68.841591
2010-08-02,84.901665,33.282055,30.223698,68.748230
2010-08-03,84.495087,33.232441,30.081366,68.792976
2010-08-04,85.059784,33.263447,30.124071,68.671364
2010-08-05,84.969406,33.238640,29.988867,68.754608
2010-08-06,84.623077,33.337875,29.946156,68.889015
2010-08-09,85.074806,33.375095,30.102732,68.889015
2010-08-10,84.615547,33.108379,29.689966,69.004166
2010-08-11,82.296478,31.601202,28.743469,69.068237
2010-08-12,81.792007,31.563990,28.793285,68.959389
2010-08-13,81.551102,31.452343,28.949852,69.119415
2010-08-16,81.513428,31.706646,29.220285,69.349823
2010-08-17,82.514847,32.060181,29.526289,69.266594
2010-08-18,82.665421,32.047783,29.504936,69.189743
2010-08-19,81.227310,31.532982,29.277203,69.413841
2010-08-20,80.963783,31.204245,29.191801,69.317848
2010-08-23,80.655052,31.142231,28.928501,69.388268
2010-08-24,79.457901,30.714264,28.558441,69.663475
2010-08-25,79.766594,30.745272,28.373417,69.503418
2010-08-26,79.232018,30.732866,28.195496,69.593002
2010-08-27,80.459328,31.334503,28.814646,69.209038
2010-08-30,79.292252,30.881739,28.337841,69.676262
2010-08-31,79.292252,30.974770,28.508625,69.727501
2010-09-01,81.664017,32.078789,29.512060,69.578575
2010-09-02,82.424454,32.258656,29.561867,69.488724
2010-09-03,83.493668,32.556374,29.910576,69.328293
2010-09-07,82.552505,32.103600,29.476480,69.527237
2010-09-08,83.132240,32.351696,29.796709,69.475883
2010-09-09,83.516251,32.655617,29.967508,69.142128
2010-09-10,83.937897,32.754848,30.074259,68.994537
2010-09-13,84.871552,33.350285,30.793026,69.148552
2010-09-14,84.818832,33.573566,30.778790,69.398849
2010-09-15,85.142586,33.585976,30.821480,69.270493
2010-09-16,85.120010,33.424713,30.664928,69.154922
2010-09-17,85.151825,33.263447,30.615116,69.244835
2010-09-20,86.453827,33.840267,31.099028,69.270493
2010-09-21,86.279678,33.834061,31.006517,69.565704
2010-09-22,85.855766,33.784458,31.027863,69.584999
2010-09-23,85.159370,33.418499,30.828615,69.662018
2010-09-24,86.915550,34.348866,31.397924,69.405243
2010-09-27,86.499214,34.175201,31.340992,69.642731
2010-09-28,86.802010,34.373680,31.568716,69.809647
2010-09-29,86.650589,34.317856,31.675467,69.758293
2010-09-30,86.393257,34.063557,31.860500,69.732544
2010-10-01,86.756599,34.404697,32.330181,69.652191
2010-10-04,86.105583,33.908497,32.230545,69.767967
2010-10-05,87.839050,34.869865,32.814106,69.767967
2010-10-06,87.831482,35.161377,32.799862,69.838799
2010-10-07,87.725487,35.043533,32.508099,69.870926
2010-10-08,88.217552,35.273022,32.899502,70.012451
2010-10-11,88.300812,35.229607,32.878147,69.973869
2010-10-12,88.573326,35.155170,32.742935,69.903053
2010-10-13,89.262154,35.552124,33.347836,69.896606
2010-10-14,88.913948,35.800232,33.290913,69.639328
2010-10-15,89.095650,35.682384,33.248211,69.497787
2010-10-18,89.534660,35.763012,33.262444,69.742203
2010-10-19,88.361359,34.975315,32.209206,69.800156
2010-10-20,89.224312,35.632759,32.721581,69.883774
2010-10-21,89.421097,35.440483,32.721581,69.774391
2010-10-22,89.587631,35.533524,32.757168,69.806541
2010-10-25,89.852585,35.669971,33.112999,69.812996
2010-10-26,89.867744,35.440483,33.084534,69.652191
2010-10-27,89.610344,35.099354,32.522335,69.517090
2010-10-28,89.625542,35.372257,32.728699,69.690781
2010-10-29,89.693626,35.359852,32.821220,69.838799
2010-11-01,89.723900,35.229607,33.184155,69.810364
2010-11-02,90.435440,35.812634,33.596916,69.932907
2010-11-03,90.798836,36.060730,33.803295,69.920021
2010-11-04,92.547417,36.879444,34.571869,70.255424
2010-11-05,92.895638,36.718185,34.507828,70.061928
2010-11-08,92.721558,36.494904,34.365501,70.029678
2010-11-09,92.055389,36.128967,33.931393,69.687820
2010-11-10,92.426323,36.234394,34.180473,69.629738
2010-11-11,92.078094,35.924271,33.845993,69.623329
2010-11-12,90.988098,35.626556,33.027599,69.345970
2010-11-15,90.859383,35.601753,33.013359,68.965378
2010-11-16,89.443817,34.764423,32.145145,69.133087
2010-11-17,89.489250,34.956696,32.308834,69.152466
2010-11-18,90.806381,35.831242,33.077415,69.133087
2010-11-19,91.056168,35.831242,33.098766,69.210510
2010-11-22,90.980476,35.446697,32.999126,69.378265
2010-11-23,89.663376,34.379883,31.953009,69.449158
2010-11-24,90.988098,34.925690,32.693111,69.113731
2010-11-26,89.928261,34.342659,31.881844,69.255615
2010-11-29,90.200821,34.038746,32.130913,69.300789
2010-11-30,89.693626,33.654198,31.867619,69.255615
2010-12-01,91.601212,34.609367,32.778519,68.894539
2010-12-02,92.774521,35.266823,33.426121,68.758392
2010-12-03,93.024330,35.607944,33.547100,68.894539
2010-12-06,92.925911,35.446697,33.490166,69.147362
2010-12-07,92.978874,35.465294,33.333599,68.609215
2010-12-08,93.319504,35.570732,33.120110,68.278595
2010-12-09,93.682884,35.663776,33.006245,68.401779
2010-12-10,94.227867,35.744415,33.155697,68.272133
2010-12-13,94.288460,36.128967,33.369186,68.317482
2010-12-14,94.371742,36.184769,33.419010,67.934952
2010-12-15,93.940254,35.707191,32.878147,67.818268
2010-12-16,94.485260,35.905674,32.970669,67.947960
2010-12-17,94.586502,35.707191,33.020493,68.317482
2010-12-20,94.814774,35.787819,32.871033,68.362862
2010-12-21,95.415924,36.087086,33.350857,68.492577
2010-12-22,95.712700,36.155960,33.465611,68.414780
2010-12-23,95.575729,36.137173,33.429741,68.285095
2010-12-27,95.613770,36.062050,33.322174,68.479599
2010-12-28,95.750763,36.093349,33.350857,68.078850
2010-12-29,95.819229,36.406395,33.777836,68.560211
2010-12-30,95.667007,36.231075,33.950062,68.508148
2010-12-31,95.689873,36.450218,34.186867,68.787865
2011-01-03,96.679108,36.750732,34.516968,68.709854
2011-01-04,96.625839,36.638031,34.674843,68.729385
2011-01-05,97.128082,36.481522,34.588730,68.397629
2011-01-06,96.937813,36.062050,34.222748,68.410637
2011-01-07,96.747589,35.918049,33.907009,68.631805
2011-01-10,96.625839,35.855438,33.555374,68.813911
2011-01-11,96.968269,36.099606,33.914181,68.677315
2011-01-12,97.843376,36.894726,34.595901,68.670807
2011-01-13,97.683563,36.994904,34.294506,68.918022
2011-01-14,98.391243,37.220287,34.394985,68.774879
2011-01-18,98.558685,37.464462,34.344734,68.729385
2011-01-19,97.592239,37.207764,34.079231,68.742371
2011-01-20,97.462898,36.888462,33.706070,68.482170
2011-01-21,97.683563,37.088814,33.354446,68.696877
2011-01-24,98.239067,37.483238,33.612785,68.657799
2011-01-25,98.292320,37.408112,33.411858,68.872467
2011-01-26,98.672813,37.646027,33.706070,68.644836
2011-01-27,98.916306,37.733677,33.591259,68.761848
2011-01-28,97.188919,36.894726,32.529190,68.859451
2011-01-31,97.919449,37.214027,32.873634,68.729385
2011-02-01,99.487022,38.096798,33.670181,68.583237
2011-02-02,99.296791,38.065491,33.419033,68.504906
2011-02-03,99.517471,38.071762,33.375961,68.250450
2011-02-04,99.799004,38.059235,33.368797,68.022148
2011-02-07,100.422997,38.178185,33.411858,68.048187
2011-02-08,100.879578,38.428619,33.426208,67.852463
2011-02-09,100.651299,38.315926,32.658356,67.976425
2011-02-10,100.689331,38.065491,32.349804,67.780792
2011-02-11,101.290504,38.084274,32.744480,68.048187
2011-02-14,101.533966,38.159401,32.579430,68.080887
2011-02-15,101.214363,38.046711,32.644020,68.165695
2011-02-16,101.853607,38.503746,32.916706,68.165695
2011-02-17,102.157959,38.635220,33.031521,68.328720
2011-02-18,102.371040,38.766697,33.232449,68.302658
2011-02-22,100.316444,37.658546,32.170387,68.550591
2011-02-23,99.700073,37.708618,32.199093,68.602791
2011-02-24,99.631599,37.739929,32.278027,68.615799
2011-02-25,100.696945,38.190708,32.665550,68.798561
2011-02-28,101.320946,38.535049,32.859291,68.928986
2011-03-01,99.631599,37.996620,32.522015,68.873383
2011-03-02,99.844643,38.196964,32.966934,68.762161
2011-03-03,101.564461,38.685303,33.619965,68.520142
2011-03-04,100.803436,38.334713,33.655842,68.703331
2011-03-07,100.012054,37.965317,33.182224,68.736038
2011-03-08,100.887199,38.084274,33.627144,68.683678
2011-03-09,100.742615,38.096798,33.691723,68.847198
2011-03-10,98.878265,37.151421,32.694256,69.089279
2011-03-11,99.563103,37.151421,33.031521,69.102364
2011-03-14,98.961952,36.487785,33.225277,69.141586
2011-03-15,97.828140,35.723961,32.672726,69.167793
2011-03-16,96.017105,34.615803,32.005344,69.364014
2011-03-17,97.287857,35.767784,32.400028,69.318268
2011-03-18,97.641754,36.262386,32.457436,69.292084
2011-03-21,99.154976,37.157681,33.081760,69.128532
2011-03-22,98.811035,37.051254,33.182224,69.135063
2011-03-23,99.093811,37.095070,33.619965,69.102364
2011-03-24,100.041496,37.589672,34.007458,68.912643
2011-03-25,100.347191,37.176464,33.971588,68.853821
2011-03-28,100.102623,37.157681,33.799370,68.821068
2011-03-29,100.775200,37.351765,34.186867,68.736038
2011-03-30,101.470665,37.796276,34.624615,68.853821
2011-03-31,101.333099,37.614716,34.925999,68.775299
2011-04-01,101.761078,37.971584,35.485744,68.869057
2011-04-04,101.845131,38.021652,35.787144,68.980675
2011-04-05,101.829857,37.927761,35.715374,68.836266
2011-04-06,102.150864,38.240799,35.909130,68.632881
2011-04-07,101.890991,38.052975,35.873249,68.737862
2011-04-08,101.539459,38.366001,35.909130,68.606636
2011-04-11,101.233696,38.290886,35.485744,68.672226
2011-04-12,100.477127,37.934021,34.818363,68.934700
2011-04-13,100.469482,38.046711,35.105408,69.006859
2011-04-14,100.545883,38.215763,35.213043,68.941299
2011-04-15,100.912712,38.159401,35.256119,69.190643
2011-04-18,99.781639,37.376804,34.373451,69.308678
2011-04-19,100.354820,37.652287,34.868595,69.446526
2011-04-20,101.722862,38.610180,35.693848,69.348083
2011-04-21,102.242554,38.860619,36.009586,69.394012
2011-04-25,102.135536,38.860619,35.715374,69.433380
2011-04-26,103.014442,39.161121,36.023949,69.689278
2011-04-27,103.686996,39.649460,35.959366,69.630234
2011-04-28,104.023285,39.918682,35.665142,69.794243
2011-04-29,104.267830,39.730862,35.880436,69.853317
2011-05-02,104.107353,39.987545,35.887600,69.890121
2011-05-03,103.732857,39.661983,35.091061,69.909927
2011-05-04,103.045029,39.323902,34.509789,70.041573
2011-05-05,102.112640,38.547577,34.179695,70.199463
2011-05-06,102.563568,38.566349,34.624615,70.192886
2011-05-09,102.960930,38.841827,34.689198,70.271858
2011-05-10,103.839874,39.211220,35.098236,70.146805
2011-05-11,102.746964,38.422359,34.323223,70.271858
2011-05-12,103.236107,38.547577,34.423687,70.166550
2011-05-13,102.441254,37.946537,33.670181,70.278473
2011-05-16,101.791641,37.877666,33.619965,70.429825
2011-05-17,101.776344,37.959053,33.727604,70.508789
2011-05-18,102.685806,38.190708,34.272984,70.396896
2011-05-19,102.930389,38.409836,34.050537,70.344269
2011-05-20,102.112640,37.865154,33.777836,70.410011
2011-05-23,100.928024,36.988651,33.074574,70.469284
2011-05-24,100.843994,37.201504,33.404682,70.495651
2011-05-25,101.180222,37.439411,33.476444,70.482475
2011-05-26,101.646408,37.790016,33.907009,70.633820
2011-05-27,102.036240,38.065491,34.265804,70.699615
2011-05-31,103.098511,38.854347,34.825546,70.719360
2011-06-01,100.782837,37.934021,34.201221,71.024948
2011-06-02,100.675827,38.128101,34.524155,70.741158
2011-06-03,99.674660,38.146889,34.351917,70.833542
2011-06-06,98.619980,37.652287,33.799370,70.846710
2011-06-07,98.558846,37.996620,34.064877,70.991913
2011-06-08,98.146149,37.508282,33.820904,71.051384
2011-06-09,98.895119,37.896458,34.086407,70.945747
2011-06-10,97.519409,37.019939,33.347275,70.939140
2011-06-13,97.595879,37.076286,33.289856,70.846710
2011-06-14,98.833969,37.733677,33.792179,70.655342
2011-06-15,97.076149,36.494038,33.067406,70.833542
2011-06-16,97.290146,36.368828,32.816235,70.879753
2011-06-17,97.580467,36.725689,32.859291,70.945747
2011-06-20,98.079735,36.681862,32.809071,70.853302
2011-06-21,99.423790,37.476982,33.411858,70.919350
2011-06-22,98.824715,37.113827,33.079174,70.873154
2011-06-23,98.540550,36.794697,33.035706,71.104202
2011-06-24,97.396172,36.443657,32.977703,71.038170
2011-06-27,98.264038,36.743649,33.361843,70.912735
2011-06-28,99.546700,37.184021,33.818466,70.628975
2011-06-29,100.399261,37.835030,34.130112,70.417732
2011-06-30,101.359261,38.383923,34.499748,70.404549
2011-07-01,102.856956,38.805168,34.905643,70.427032
2011-07-05,102.772476,38.575390,34.891136,70.698433
2011-07-06,102.895409,38.332874,34.659210,70.738159
2011-07-07,103.962952,38.664757,35.137566,70.539581
2011-07-08,103.225616,38.186069,34.738945,70.903679
2011-07-11,101.359261,37.030857,33.767723,71.095558
2011-07-12,100.921471,36.781933,33.427078,71.155136
2011-07-13,101.259438,37.330822,33.970657,71.294128
2011-07-14,100.560501,37.005318,33.608276,71.115417
2011-07-15,101.144211,37.132961,33.818466,71.214699
2011-07-18,100.314735,36.584072,33.427078,71.108864
2011-07-19,101.943001,37.132961,33.912674,71.261002
2011-07-20,101.881554,37.573353,34.014149,71.148514
2011-07-21,103.294785,38.371151,34.557747,71.036026
2011-07-22,103.363853,38.409451,34.535999,71.188232
2011-07-25,102.787849,38.166916,34.463516,70.983086
2011-07-26,102.403847,38.396690,34.579475,71.148514
2011-07-27,100.307076,37.464859,33.970657,71.029381
2011-07-28,100.015221,37.375500,33.999657,71.168373
2011-07-29,99.331627,37.471237,34.144604,71.592026
2011-08-01,98.909210,36.998928,34.115616,71.764587
2011-08-02,96.382317,36.022415,33.064682,72.069908
2011-08-03,96.904587,36.233047,32.948719,72.142929
2011-08-04,92.365425,33.705597,31.064276,72.527901
2011-08-05,92.227196,34.299175,30.861336,72.049973
2011-08-08,86.221062,31.739809,28.288347,72.083199
2011-08-09,90.230278,33.877937,29.948112,72.507996
2011-08-10,86.244102,31.854700,28.360832,73.098709
2011-08-11,90.115036,33.380104,29.926357,72.189392
2011-08-12,90.721817,33.763046,29.911867,72.507996
2011-08-15,92.641922,34.548073,30.607658,72.620819
2011-08-16,91.850883,34.043873,30.346731,72.773491
2011-08-17,91.912300,34.241734,30.564171,72.892952
2011-08-18,87.949173,32.575912,29.121849,72.999146
2011-08-19,86.512909,32.020641,28.759457,73.032349
2011-08-22,86.582054,32.224880,28.730467,72.939423
2011-08-23,89.431519,33.271599,29.737919,72.766869
2011-08-24,90.691124,33.284359,29.448004,72.355331
2011-08-25,89.308609,32.480171,28.875429,72.501343
2011-08-26,90.606598,32.990772,29.368286,72.600960
2011-08-29,93.210297,33.775803,30.317747,72.521233
2011-08-30,93.456062,33.577961,30.361229,72.746956
2011-08-31,93.870789,34.190666,30.984549,72.680527
2011-09-01,92.887711,33.769428,30.817865,72.914711
2011-09-02,90.514458,33.016300,30.122061,73.134216
2011-09-06,89.853897,31.931286,29.810404,73.327118
2011-09-07,92.388474,32.882267,30.694639,73.154175
2011-09-08,91.428406,32.231262,30.013340,73.174110
2011-09-09,89.032097,31.114338,28.998636,73.273926
2011-09-12,89.608131,30.980301,28.940655,73.127541
2011-09-13,90.429947,31.312189,28.984148,73.154175
2011-09-14,91.681870,31.784494,28.904423,73.167419
2011-09-15,93.264038,32.473785,29.324789,72.954597
2011-09-16,93.816063,32.486557,29.375523,73.061035
2011-09-19,92.881882,31.593014,28.505793,73.220673
2011-09-20,92.773811,31.720667,28.295597,73.367020
2011-09-21,90.040855,30.776070,27.244659,73.486725
2011-09-22,87.130325,29.780407,25.331230,73.699562
2011-09-23,87.655304,30.118677,26.005289,73.320374
2011-09-26,89.739754,30.737776,26.396656,73.154175
2011-09-27,90.743408,31.497280,27.237415,73.054367
2011-09-28,88.890564,30.961151,26.418409,72.994476
2011-09-29,89.593063,31.567497,26.780802,72.967888
2011-09-30,87.354233,30.495243,25.439939,73.240623
2011-10-03,84.868317,29.691055,24.903608,73.539886
2011-10-04,86.728859,30.188879,25.287737,73.313232
2011-10-05,88.334679,30.654812,25.874813,73.066658
2011-10-06,89.932747,31.478134,26.730061,72.946716
2011-10-07,89.330605,31.261127,26.411160,72.800072
2011-10-10,92.318336,32.454643,27.592562,72.653450
2011-10-11,92.410950,32.397202,27.607050,72.826714
2011-10-12,93.221603,32.869507,28.382572,72.686775
2011-10-13,93.036308,32.882267,28.128897,72.726784
2011-10-14,94.626671,33.265224,28.694235,72.606796
2011-10-17,92.820129,32.499325,27.723021,72.893425
2011-10-18,94.634392,32.965244,28.462305,72.813377
2011-10-19,93.514961,32.371670,27.918709,72.920059
2011-10-20,93.924164,32.454643,27.382372,72.880043
2011-10-21,95.707520,33.239689,28.165144,72.920059
2011-10-24,96.880959,33.737507,29.266806,72.806725
2011-10-25,94.997238,33.156708,28.686979,73.179985
2011-10-26,95.962265,33.609863,29.216076,72.980019
2011-10-27,99.305130,35.467155,30.991793,72.700180
2011-10-28,99.281960,35.262913,30.730875,72.986694
2011-10-31,96.888680,33.431171,29.578466,73.333260
2011-11-01,94.186592,32.384438,28.860928,73.685432
2011-11-02,95.722923,32.658882,29.745167,73.685432
2011-11-03,97.467720,33.482212,30.049578,73.525063
2011-11-04,96.873260,33.060974,29.853878,73.504974
2011-11-07,97.475426,33.201389,30.107553,73.565125
2011-11-08,98.726097,33.603485,30.462715,73.464905
2011-11-09,95.082161,31.880228,28.679729,73.591835
2011-11-10,95.977707,32.256783,28.868187,73.451530
2011-11-11,97.784241,33.060974,29.563967,73.364700
2011-11-14,96.857826,32.473785,29.158094,73.424767
2011-11-15,97.336464,32.384438,29.339285,73.331245
2011-11-16,95.792419,31.765341,28.549274,73.304512
2011-11-17,94.271568,31.420694,27.824493,73.264465
2011-11-18,94.171173,31.529194,27.933212,73.251106
2011-11-21,92.380089,30.731394,27.034464,73.237694
2011-11-22,92.017250,30.642042,27.128698,73.291161
2011-11-23,89.986816,29.799559,26.251701,73.357979
2011-11-25,89.816956,29.646381,26.164732,73.257767
2011-11-28,92.418686,30.910099,27.418606,73.251106
2011-11-29,92.681183,31.114338,27.295399,73.277740
2011-11-30,96.494949,32.703564,28.998636,73.090729
2011-12-01,96.479515,32.422729,28.911661,73.116211
2011-12-02,96.394623,32.416355,28.824692,73.304329
2011-12-05,97.444557,32.786537,29.295799,73.384911
2011-12-06,97.475426,32.633362,28.897167,73.317764
2011-12-07,97.838280,32.863121,29.013138,73.452110
2011-12-08,95.692055,31.784494,27.969444,73.526016
2011-12-09,97.313309,32.575912,28.534773,73.485703
2011-12-12,95.892784,31.624928,27.462093,73.505859
2011-12-13,94.997238,31.197311,27.208418,73.653664
2011-12-14,93.985916,30.827135,26.817034,73.834999
2011-12-15,94.325569,30.980301,26.990980,73.680527
2011-12-16,94.465416,30.852650,27.193928,73.929123
2011-12-19,93.455452,30.565449,26.490889,74.002991
2011-12-20,96.283417,31.643484,27.600931,73.902260
2011-12-21,96.469856,31.475546,27.688726,73.714165
2011-12-22,97.324471,31.759754,28.054592,73.828323
2011-12-23,98.194611,31.979364,28.164351,73.740982
2011-12-27,98.272331,31.837263,27.893623,73.874008
2011-12-28,96.982635,31.262392,27.425308,74.001671
2011-12-29,97.984901,31.837263,27.739946,74.176353
2011-12-30,97.503189,31.992273,27.761906,74.082336
2012-01-03,99.056999,32.864265,28.610712,73.934525
2012-01-04,99.212395,32.670494,28.449728,73.833664
2012-01-05,99.476547,32.186062,28.325329,73.934525
2012-01-06,99.220139,31.746822,27.966784,73.994957
2012-01-09,99.460968,31.869556,28.259474,73.934525
2012-01-10,100.323395,32.353996,28.874136,73.914330
2012-01-11,100.377785,32.250641,28.896090,74.176353
2012-01-12,100.618607,32.386292,29.013170,74.115906
2012-01-13,100.098083,32.037498,28.749744,74.283951
2012-01-17,100.486542,32.418579,29.298542,74.304070
2012-01-18,101.597542,32.961155,30.037594,74.210022
2012-01-19,102.133614,33.368080,30.301012,74.089066
2012-01-20,102.514320,33.542480,30.279062,73.900925
2012-01-23,102.250114,33.671673,30.571751,73.840454
2012-01-24,102.133614,33.484344,30.615658,73.900925
2012-01-25,102.988205,33.833145,30.959574,74.008400
2012-01-26,102.459915,33.846062,30.835169,74.156250
2012-01-27,102.413277,33.904194,30.996155,74.277214
2012-01-30,102.063675,33.503723,30.549795,74.492256
2012-01-31,102.024834,33.678116,30.813219,74.619896
2012-02-01,102.918289,34.207779,31.493742,74.488548
2012-02-02,103.081444,34.278831,31.581539,74.508759
2012-02-03,104.526512,34.814941,32.108387,74.475044
2012-02-06,104.456589,34.646996,31.837652,74.528931
2012-02-07,104.720741,34.860146,31.903503,74.454880
2012-02-08,105.031532,34.982864,32.130344,74.394234
2012-02-09,105.163605,35.073311,32.115704,74.272980
2012-02-10,104.386642,34.408009,31.405924,74.373985
2012-02-13,105.163605,34.802017,31.918139,74.400963
2012-02-14,105.031532,34.543648,31.654716,74.461594
2012-02-15,104.542061,34.582409,31.742516,74.434654
2012-02-16,105.699661,35.060387,32.086445,74.421143
2012-02-17,105.979332,35.215397,32.144974,74.326881
2012-02-21,106.025955,35.221859,32.013260,74.212318
2012-02-22,105.684143,35.118519,32.071793,74.421143
2012-02-23,106.150284,35.409176,32.013260,74.481796
2012-02-24,106.383324,35.622334,32.335220,74.502022
2012-02-27,106.562035,35.441471,32.013260,74.737785
2012-02-28,106.872787,35.770889,32.459621,74.683846
2012-02-29,106.453270,35.305836,32.437672,74.609810
2012-03-01,107.004829,35.706295,32.744999,74.459175
2012-03-02,106.678581,35.376888,32.664505,74.621223
2012-03-05,106.243477,35.189571,32.101070,74.513199
2012-03-06,104.689636,34.065674,31.025431,74.661781
2012-03-07,105.419991,34.485516,31.398619,74.594261
2012-03-08,106.468788,35.228329,32.057175,74.425423
2012-03-09,106.880562,35.112053,32.042538,74.411896
2012-03-12,106.888329,35.021637,31.691307,74.479462
2012-03-13,108.815109,35.590031,32.554741,74.229591
2012-03-14,108.698570,35.273537,32.042538,73.824371
2012-03-15,109.327873,35.609417,32.298645,73.790611
2012-03-16,109.479256,35.854851,32.262054,73.797379
2012-03-19,109.908447,36.042179,32.137653,73.561058
2012-03-20,109.588509,35.615883,31.581539,73.669060
2012-03-21,109.409012,35.383343,31.640083,73.844650
2012-03-22,108.620903,35.137901,31.157137,73.912186
2012-03-23,108.972069,35.383343,31.391293,74.081039
2012-03-26,110.501457,35.835491,31.940100,74.027000
2012-03-27,110.158134,35.609417,31.771790,74.108009
2012-03-28,109.611893,35.363972,31.237627,74.094528
2012-03-29,109.424622,35.137901,31.201033,74.297096
2012-03-30,109.877197,35.454388,31.427872,74.182289
2012-04-02,110.680939,35.867779,31.859602,74.191116
2012-04-03,110.228363,35.241234,31.676664,73.873032
2012-04-04,109.135902,34.453220,31.105911,74.028694
2012-04-05,109.081268,34.246536,31.274208,74.197906
2012-04-09,107.856171,34.097980,30.813219,74.522774
2012-04-10,106.045815,33.368080,30.213198,74.529503
2012-04-11,106.904205,33.833145,30.542486,74.536247
2012-04-12,108.300949,34.453220,31.325434,74.461807
2012-04-13,107.013405,33.794384,30.849812,74.691963
2012-04-16,106.943169,34.039841,30.696154,74.705460
2012-04-17,108.527252,34.582409,31.047380,74.719032
2012-04-18,108.160522,34.401550,30.901026,74.813843
2012-04-19,107.466026,34.194862,30.762001,74.759613
2012-04-20,107.645493,34.524269,30.974207,74.773163
2012-04-23,106.740303,33.833145,30.381495,74.847588
2012-04-24,107.146080,34.104427,30.447359,74.739258
2012-04-25,108.613098,34.569485,30.725410,74.773163
2012-04-26,109.370026,34.776180,30.915667,74.888237
2012-04-27,109.549461,34.918289,30.959574,74.881454
2012-04-30,109.143761,34.718048,30.893723,74.854393
2012-05-01,109.822601,34.860146,31.098602,74.827263
2012-05-02,109.494858,34.588867,31.040060,74.901840
2012-05-03,108.659897,34.285286,30.805908,74.983223
2012-05-04,106.904205,33.762100,30.264431,75.057808
2012-05-07,106.982239,34.007542,30.374184,75.084946
2012-05-08,106.553062,33.484344,29.891241,75.139221
2012-05-09,105.920944,33.096798,29.503424,75.159569
2012-05-10,106.139442,33.251816,29.627819,75.084946
2012-05-11,105.819504,33.045128,29.247313,75.139221
2012-05-14,104.649055,32.412132,28.581442,75.308777
2012-05-15,104.048172,32.005196,28.332651,75.268074
2012-05-16,103.650238,31.688702,27.930204,75.254478
2012-05-17,102.112976,31.301146,27.549700,75.302010
2012-05-18,101.239059,31.075073,27.286283,75.281654
2012-05-21,102.979141,31.759754,27.937515,75.268074
2012-05-22,103.158607,31.643484,27.644825,75.084946
2012-05-23,103.213257,31.385118,27.454573,75.173134
2012-05-24,103.416153,31.178425,27.315542,75.112083
2012-05-25,103.080559,31.068619,27.183838,75.227386
2012-05-29,104.329109,31.462620,27.952154,75.186691
2012-05-30,102.815269,30.719826,27.469212,75.437637
2012-05-31,102.589012,30.849001,27.586283,75.661453
2012-06-01,100.006172,30.067440,26.847240,75.850380
2012-06-04,99.959312,30.319355,26.964314,75.673676
2012-06-05,100.716232,30.538965,27.037491,75.517365
2012-06-06,102.979141,31.391582,27.827755,75.293053
2012-06-07,103.041573,31.436783,27.996061,75.408630
2012-06-08,103.860954,31.333437,27.754587,75.374634
2012-06-11,102.542206,31.029861,27.352125,75.442589
2012-06-12,103.720459,31.546600,27.922878,75.381424
2012-06-13,103.057198,31.294687,27.820438,75.578545
2012-06-14,104.149651,31.527224,28.018003,75.524094
2012-06-15,105.214821,31.972893,28.530224,75.700859
2012-06-18,105.418732,31.882475,28.588760,75.680489
2012-06-19,106.438385,32.412132,29.049747,75.592133
2012-06-20,106.265862,32.599442,28.954624,75.476585
2012-06-21,103.881409,31.746136,27.894243,75.578545
2012-06-22,104.681458,32.017136,27.983103,75.469734
2012-06-25,103.002907,31.303293,27.464752,75.707664
2012-06-26,103.520599,31.508186,27.701717,75.626106
2012-06-27,104.454002,31.805622,27.879440,75.660057
2012-06-28,104.155891,31.871725,27.746145,75.748459
2012-06-29,106.752205,33.021790,28.975363,75.646484
2012-07-02,107.073753,33.239914,28.975363,75.791565
2012-07-03,107.779663,33.543957,29.552946,75.737076
2012-07-05,107.293350,32.988754,29.241934,75.934601
2012-07-06,106.273735,32.678104,28.708790,75.989052
2012-07-09,106.140396,32.605389,28.605118,76.138885
2012-07-10,105.214821,32.387268,28.286707,76.172905
2012-07-11,105.230476,32.486420,28.434799,76.166107
2012-07-12,104.720673,32.162540,27.960886,76.302345
2012-07-13,106.477623,32.618603,28.501446,76.329559
2012-07-16,106.226631,32.612007,28.434799,76.390862
2012-07-17,106.956116,32.704540,28.812452,76.363609
2012-07-18,107.748314,32.962311,28.738405,76.513451
2012-07-19,108.030670,33.266354,29.004978,76.452141
2012-07-20,107.042381,32.486420,28.575499,76.561119
2012-07-23,105.959969,31.818846,27.827602,76.629272
2012-07-24,105.050064,31.475134,27.709122,76.724556
2012-07-25,105.073654,31.640375,27.842409,76.751801
2012-07-26,106.807053,32.605389,28.471828,76.704140
2012-07-27,108.775833,33.292793,29.271559,76.472588
2012-07-30,108.775833,33.253136,29.101236,76.601959
2012-07-31,108.014977,33.048233,28.967951,76.676865
2012-08-01,107.920898,33.054852,29.019779,76.588173
2012-08-02,107.175735,32.592167,28.679163,76.601807
2012-08-03,109.301392,33.702599,29.567757,76.417587
2012-08-06,109.513107,33.940536,29.752876,76.533577
2012-08-07,110.062195,34.224747,29.834328,76.328911
2012-08-08,110.195511,34.204922,29.893570,76.233376
2012-08-09,110.289619,34.224747,30.019449,76.212860
2012-08-10,110.470070,34.284241,30.160141,76.335739
2012-08-13,110.415176,34.118999,29.893570,76.328911
2012-08-14,110.430824,34.198322,29.886168,76.151459
2012-08-15,110.556358,34.099174,29.841738,75.905846
2012-08-16,111.372070,34.522179,30.115709,75.810295
2012-08-17,111.521111,34.568451,29.967615,75.899017
2012-08-20,111.528961,34.528793,29.952812,75.871712
2012-08-21,111.191658,34.727093,29.908375,75.974037
2012-08-22,111.238770,34.687428,29.923187,76.301613
2012-08-23,110.328873,34.489136,29.649206,76.356140
2012-08-24,110.995544,34.436260,29.656610,76.301613
2012-08-27,111.019104,34.456093,29.353003,76.403976
2012-08-28,110.909302,34.423038,29.293770,76.465355
2012-08-29,110.995544,34.317287,29.153076,76.390289
2012-08-30,110.195511,33.808346,28.812452,76.438080
2012-08-31,110.721092,34.105778,29.086435,76.676926
2012-09-04,110.619118,33.933929,28.923525,76.662544
2012-09-05,110.524948,33.841393,28.775421,76.662544
2012-09-06,112.768272,34.680817,29.412254,76.484749
2012-09-07,113.207504,35.202980,30.093494,76.498444
2012-09-10,112.564308,34.925377,29.708448,76.512070
2012-09-11,112.878075,35.321957,30.063879,76.423256
2012-09-12,113.254539,35.553291,30.197163,76.279663
2012-09-13,114.980164,36.095280,31.011707,76.457443
2012-09-14,115.489983,36.452202,31.374554,76.142906
2012-09-17,115.097801,36.260517,31.033922,76.266045
2012-09-18,115.003723,36.108509,31.048731,76.313820
2012-09-19,115.066475,36.260517,31.048731,76.464264
2012-09-20,115.074310,36.029194,30.863607,76.416412
2012-09-21,115.026207,36.049023,30.937662,76.539436
2012-09-24,114.852699,35.923424,30.908045,76.621498
2012-09-25,113.630478,35.672268,30.448936,76.744583
2012-09-26,112.991669,35.315350,30.308245,76.819763
2012-09-27,114.056274,35.738373,30.789568,76.771927
2012-09-28,113.527916,35.031136,30.604435,76.881287
2012-10-01,113.827621,35.315350,30.908045,76.851868
2012-10-02,113.945877,35.454155,30.952465,76.913513
2012-10-03,114.411140,35.308731,30.745129,76.886108
2012-10-04,115.231224,35.738373,31.063538,76.776512
2012-10-05,115.239098,35.784630,31.063538,76.618988
2012-10-08,114.844849,35.573135,30.789568,76.735405
2012-10-09,113.709320,35.057568,30.560009,76.653229
2012-10-10,112.983826,34.958427,30.374887,76.776512
2012-10-11,113.046906,35.183147,30.656269,76.872437
2012-10-12,112.676277,35.143490,30.560009,76.934036
2012-10-15,113.614716,35.487186,30.737730,76.975136
2012-10-16,114.765953,36.075451,31.056128,76.851868
2012-10-17,115.286400,36.412548,31.300493,76.612091
2012-10-18,114.986771,36.273743,31.211645,76.584702
2012-10-19,113.070549,35.784630,30.730314,76.680588
2012-10-22,113.086349,36.035805,31.026524,76.577873
2012-10-23,111.517166,35.262470,30.389696,76.749130
2012-10-24,111.201721,35.282288,30.419317,76.694290
2012-10-25,111.525002,35.493809,30.752542,76.529900
2012-10-26,111.461967,35.440933,30.515585,76.735405
2012-10-31,111.461967,35.414494,30.471157,76.845055
2012-11-01,112.628975,35.830898,30.967268,76.744133
2012-11-02,111.627518,35.487186,30.804373,76.792130
2012-11-05,111.856255,35.401253,30.952465,76.922607
2012-11-06,112.731514,35.738373,31.196817,76.702942
2012-11-07,110.176613,35.202980,30.685883,76.881401
2012-11-08,108.851822,34.885723,30.300833,76.977501
2012-11-09,108.946419,34.898941,30.360077,76.936287
2012-11-12,109.033180,34.872498,30.471157,76.915756
2012-11-13,108.654694,34.700649,30.197163,77.053032
2012-11-14,107.187973,34.337120,29.730656,77.073624
2012-11-15,107.006569,34.449490,29.834328,76.998093
2012-11-16,107.534943,34.429649,29.923187,77.025558
2012-11-19,109.711342,35.176544,30.448936,77.080490
2012-11-20,109.758659,35.229412,30.389696,76.936287
2012-11-21,109.963669,35.288914,30.330454,76.805893
2012-11-23,111.461967,36.049023,30.826591,76.853920
2012-11-26,111.225342,35.963089,30.826591,76.881401
2012-11-27,110.657578,35.784630,30.567402,76.984375
2012-11-28,111.548683,36.042400,30.737730,76.998093
2012-11-29,112.069099,36.353058,30.959877,77.094223
2012-11-30,112.092728,36.399330,30.945063,77.053032
2012-12-03,111.540802,36.445599,30.930260,77.064049
2012-12-04,111.383133,36.538124,31.019106,77.112358
2012-12-05,111.580185,36.591011,31.352331,77.181458
2012-12-06,111.958710,36.663723,31.589285,77.174561
2012-12-07,112.297821,36.676937,31.685556,77.105484
2012-12-10,112.345123,36.716591,31.863272,77.119247
2012-12-11,113.109985,36.928093,32.026180,77.091667
2012-12-12,113.165199,37.047070,32.122440,76.877594
2012-12-13,112.471291,36.934704,31.981743,76.753311
2012-12-14,112.053345,37.066898,32.122440,76.891388
2012-12-17,113.370239,37.218929,32.203896,76.704971
2012-12-18,114.631927,37.606480,32.428879,76.525436
2012-12-19,113.780304,37.740124,32.413975,76.656654
2012-12-20,114.434807,37.994041,32.607670,76.663551
2012-12-21,113.396042,37.760162,32.235184,76.732597
2012-12-24,113.046623,37.659939,32.168140,76.739510
2012-12-26,112.570152,37.653259,32.264984,76.843269
2012-12-27,112.419235,37.826996,32.446808,76.884865
2012-12-28,111.204193,37.426067,32.566055,77.002434
2012-12-31,113.094276,37.994041,33.050446,76.864090
2013-01-02,115.992905,38.582054,33.698788,76.774109
2013-01-03,115.730827,38.207867,33.460312,76.580330
2013-01-04,116.239052,38.401646,33.527382,76.663422
2013-01-07,115.921440,38.234604,33.274002,76.621864
2013-01-08,115.587868,38.020771,32.975922,76.691055
2013-01-09,115.881706,38.214546,33.117508,76.635674
2013-01-10,116.802940,38.702332,33.408142,76.628784
2013-01-11,116.795013,38.782524,33.139877,76.704926
2013-01-14,116.715591,38.829288,33.281460,76.774109
2013-01-15,116.795013,38.769154,33.139877,76.794861
2013-01-16,116.779083,38.582054,33.110062,76.836349
2013-01-17,117.533539,38.896114,33.296368,76.670280
2013-01-18,117.795593,38.856033,33.370888,76.760246
2013-01-22,118.430954,38.876068,33.318710,76.718712
2013-01-23,118.621490,38.835972,33.139877,76.801743
2013-01-24,118.653305,39.023071,33.020638,76.697998
2013-01-25,119.320358,39.444035,32.908855,76.511139
2013-01-28,119.177383,39.250267,32.677830,76.400459
2013-01-29,119.645996,39.517544,33.042984,76.352020
2013-01-30,119.177383,39.557640,32.886494,76.317398
2013-01-31,118.883560,39.410633,32.953571,76.386528
2013-02-01,120.106606,39.724686,33.169685,76.220901
2013-02-04,118.756569,39.009712,32.729996,76.435791
2013-02-05,119.955688,39.190125,32.767265,76.276344
2013-02-06,120.043015,39.183445,32.729996,76.408104
2013-02-07,119.884209,38.862709,32.439354,76.435791
2013-02-08,120.551300,39.109936,32.677830,76.456627
2013-02-11,120.527435,39.069847,32.662918,76.380379
2013-02-12,120.726013,39.263630,32.752354,76.366501
2013-02-13,120.829216,39.357178,32.916313,76.290230
2013-02-14,120.940422,39.143353,32.901402,76.428886
2013-02-15,120.797462,39.043121,32.782162,76.435791
2013-02-19,121.702789,39.504185,32.849236,76.345680
2013-02-20,120.186012,39.116634,32.558594,76.394234
2013-02-21,119.455345,38.528595,32.111473,76.435791
2013-02-22,120.622734,39.083206,32.253056,76.477394
2013-02-25,118.327705,38.147728,31.820833,76.768600
2013-02-26,119.137688,38.455101,31.999676,76.747765
2013-02-27,120.638649,38.942894,32.349934,76.768600
2013-02-28,120.400406,38.902790,32.200893,76.837944
2013-03-01,120.797462,38.822613,32.275414,76.865044
2013-03-04,121.440758,38.989662,31.969875,76.809418
2013-03-05,122.528755,39.377220,32.357384,76.746948
2013-03-06,122.695480,39.477455,32.513889,76.663628
2013-03-07,122.917854,39.591045,32.603310,76.503807
2013-03-08,123.442017,39.677910,32.886494,76.281532
2013-03-11,123.910530,39.798191,32.707642,76.323212
2013-03-12,123.632561,39.597717,32.335030,76.462112
2013-03-13,123.807259,39.537586,32.029484,76.399651
2013-03-14,124.466377,39.925148,32.163631,76.482986
2013-03-15,124.302109,40.005329,31.872993,76.552437
2013-03-18,123.616081,39.564316,31.515295,76.621902
2013-03-19,123.328941,39.444035,31.291727,76.733070
2013-03-20,124.190422,39.684597,31.470581,76.649643
2013-03-21,123.129478,39.323761,31.150135,76.663628
2013-03-22,124.118629,39.664551,31.269373,76.691383
2013-03-25,123.600136,39.170071,31.239555,76.663628
2013-03-26,124.589203,39.417316,31.686686,76.753891
2013-03-27,124.589203,39.223534,31.805933,76.913658
2013-03-28,124.972160,39.410633,31.872993,76.913658
2013-04-01,124.477631,38.882751,31.530203,76.983238
2013-04-02,125.091827,39.297039,31.545095,76.899704
2013-04-03,123.823509,39.103260,31.172491,76.983238
2013-04-04,124.326042,39.450718,31.083067,77.199120
2013-04-05,123.767700,39.270317,31.008541,77.421898
2013-04-08,124.605225,39.424004,31.060703,77.289612
2013-04-09,125.035973,39.564316,31.366241,77.317444
2013-04-10,126.567474,40.152344,31.664331,77.157295
2013-04-11,126.982307,40.466385,31.694147,77.171227
2013-04-12,126.671242,40.366161,31.209759,77.421898
2013-04-15,123.735771,39.571003,30.449633,77.456711
2013-04-16,125.562477,40.132298,31.075609,77.456711
2013-04-17,123.727791,39.297039,30.583775,77.456711
2013-04-18,122.954056,39.176758,30.583775,77.442802
2013-04-19,124.022911,39.490810,31.030899,77.449722
2013-04-22,124.573318,39.657864,31.179943,77.547218
2013-04-23,125.857605,40.219151,31.328989,77.512413
2013-04-24,125.937309,40.566624,31.515295,77.498520
2013-04-25,126.447830,40.780453,31.798464,77.463676
2013-04-26,126.224495,40.813858,31.478039,77.623795
2013-04-29,127.070084,41.335064,31.805933,77.672569
2013-04-30,127.373123,41.388515,32.260509,77.658653
2013-05-01,126.256401,41.141273,31.910254,77.694847
2013-05-02,127.429016,41.268242,32.163631,77.701859
2013-05-03,128.721191,41.796124,32.431908,77.415916
2013-05-06,129.048279,41.742657,32.476631,77.290337
2013-05-07,129.702408,41.809486,32.707642,77.248497
2013-05-08,130.292618,42.250496,32.961010,77.318253
2013-05-09,129.925735,41.842884,32.722546,77.213585
2013-05-10,130.348480,41.889660,32.469173,77.060181
2013-05-13,130.452164,41.869614,32.171085,76.990433
2013-05-14,131.800247,41.949799,32.320126,76.809082
2013-05-15,132.510239,42.130219,32.327576,76.920647
2013-05-16,131.888016,41.842884,32.215794,77.129913
2013-05-17,133.164291,42.130219,32.357384,76.941589
2013-05-20,133.156342,42.364090,32.439354,76.864883
2013-05-21,133.347809,42.450958,32.372292,76.927658
2013-05-22,132.358612,42.023308,32.014591,76.669556
2013-05-23,131.975739,41.421921,31.776121,76.641640
2013-05-24,131.864029,41.061089,31.500383,76.641640
2013-05-28,132.653839,41.168003,31.671789,76.167358
2013-05-29,131.792313,40.773766,31.269373,76.271996
2013-05-30,132.278854,40.934128,31.269373,76.251053
2013-05-31,130.380402,40.138977,30.703001,76.104546
2013-06-03,131.098389,40.292660,31.157591,76.143021
2013-06-04,130.468155,40.439663,30.777527,75.975334
2013-06-05,128.641449,39.537586,30.226063,75.933395
2013-06-06,129.806030,39.758095,30.479443,76.129036
2013-06-07,131.457275,40.292660,30.322935,75.891441
2013-06-10,131.457275,40.332752,29.913073,75.737709
2013-06-11,130.101273,39.838291,29.346712,75.744705
2013-06-12,129.024384,39.791508,29.145506,75.618919
2013-06-13,130.986603,40.399570,29.764017,75.989265
2013-06-14,130.165009,39.958565,29.294548,76.010239
2013-06-17,131.170090,40.533215,29.562824,75.954308
2013-06-18,132.207077,40.820538,29.689503,75.926445
2013-06-19,130.380402,40.058792,28.772892,75.416313
2013-06-20,127.149849,38.588737,27.483660,74.913200
2013-06-21,127.558014,38.715706,27.878624,74.493980
2013-06-24,125.946228,38.107639,27.312258,74.193466
2013-06-25,127.157013,38.595417,27.893530,74.277405
2013-06-26,128.416031,38.749115,28.333199,74.591774
2013-06-27,129.169769,39.139069,28.901735,74.906242
2013-06-28,128.640564,39.064075,29.067837,74.913200
2013-07-01,129.394318,39.432217,29.158430,75.016808
2013-07-02,129.273956,39.234512,28.637478,75.016808
2013-07-03,129.330200,39.248154,28.373230,74.911827
2013-07-05,130.725494,39.432217,28.192019,74.092766
2013-07-08,131.471268,39.677643,28.229774,74.477791
2013-07-09,132.417480,39.895805,28.599728,74.554771
2013-07-10,132.465637,40.011700,28.327925,74.358788
2013-07-11,134.269882,41.047966,29.717134,74.855820
2013-07-12,134.326019,40.775265,29.400032,74.771812
2013-07-15,134.839218,41.027508,29.702038,74.932762
2013-07-16,134.334015,41.000240,29.822851,75.051796
2013-07-17,134.678802,41.122948,30.094643,75.212852
2013-07-18,135.416580,41.395657,29.739788,75.072800
2013-07-19,135.657135,41.361572,29.656729,75.268814
2013-07-22,135.921768,41.593349,29.951200,75.366859
2013-07-23,135.633072,41.681980,30.275850,75.324814
2013-07-24,135.135910,41.627445,29.966299,75.079834
2013-07-25,135.464630,41.709251,30.139940,75.107796
2013-07-26,135.609070,41.450191,30.071995,75.086845
2013-07-29,135.192123,41.054775,29.694490,75.086845
2013-07-30,135.192123,41.047966,29.626541,75.058784
2013-07-31,135.288284,41.143402,29.452879,75.114784
2013-08-01,136.851974,41.702435,29.988945,74.690483
2013-08-02,137.084549,42.043304,29.981401,74.942978
2013-08-05,136.884064,41.954685,29.792643,74.978035
2013-08-06,136.106232,41.893330,29.415138,74.900887
2013-08-07,135.665131,41.709251,29.098034,74.999077
2013-08-08,136.162399,42.084217,29.656729,75.104263
2013-08-09,135.769409,42.159210,29.717134,75.153419
2013-08-12,135.609070,42.043304,29.996492,75.104263
2013-08-13,136.009949,42.316017,30.177691,74.802734
2013-08-14,135.312347,42.336452,30.275850,74.704529
2013-08-15,133.419861,41.981956,29.928532,74.437965
2013-08-16,132.978821,42.056938,29.671841,74.227562
2013-08-19,132.128830,41.756989,29.113138,73.996117
2013-08-20,132.778290,41.702435,29.060286,74.213509
2013-08-21,131.960403,41.211582,28.380779,73.940033
2013-08-22,133.163300,41.613819,28.841339,74.031242
2013-08-23,133.612305,41.975132,29.181084,74.276695
2013-08-26,133.115128,41.668350,28.863987,74.409912
2013-08-27,130.974045,40.959339,28.199574,74.606316
2013-08-28,131.439178,40.911602,28.259968,74.466049
2013-08-29,131.647675,40.843441,28.486469,74.613335
2013-08-30,131.230621,40.338936,28.705423,74.494102
2013-09-03,131.824036,41.116135,28.886627,74.309982
2013-09-04,132.914642,41.484272,29.400032,74.204582
2013-09-05,133.083069,41.450191,29.747343,73.705673
2013-09-06,133.147217,41.675167,30.185246,73.979706
2013-09-09,134.422211,42.247833,30.978001,74.127335
2013-09-10,135.416580,42.725052,31.212061,73.993790
2013-09-11,135.841629,42.875042,31.234705,74.246750
2013-09-12,135.480713,42.629620,30.872303,74.162445
2013-09-13,135.785507,42.834141,31.076162,74.267830
2013-09-16,136.571259,43.168190,31.423452,74.422417
2013-09-17,137.180801,43.195454,31.355503,74.492661
2013-09-18,138.768539,44.347618,32.669220,75.118073
2013-09-19,138.535980,44.136272,32.495571,75.026711
2013-09-20,137.567383,43.815849,31.770767,75.026711
2013-09-23,136.930756,43.802223,31.884027,75.082932
2013-09-24,136.608490,43.734047,31.612209,75.258629
2013-09-25,136.213669,43.781765,31.370613,75.364052
2013-09-26,136.737381,43.965832,31.498968,75.349960
2013-09-27,136.108902,43.809044,31.129004,75.392181
2013-09-30,135.383636,43.495422,30.774151,75.328934
2013-10-01,136.455414,43.727219,31.385708,75.273354
2013-10-02,136.326401,43.713593,31.506512,75.371841
2013-10-03,135.069366,43.427261,31.385708,75.428154
2013-10-04,136.092789,43.529518,31.793413,75.364792
2013-10-07,134.916245,43.079559,31.521603,75.350746
2013-10-08,133.345016,42.745510,31.219604,75.315521
2013-10-09,133.441681,42.929577,31.453663,75.259201
2013-10-10,136.318375,43.699951,32.193573,75.343681
2013-10-11,137.196716,43.931747,32.337021,75.371841
2013-10-14,137.744690,44.081734,32.525776,75.231094
2013-10-15,136.745468,43.870384,32.208660,75.195877
2013-10-16,138.655243,44.197624,32.465370,75.519669
2013-10-17,139.581909,44.783936,32.669220,75.730820
2013-10-18,140.524719,45.049816,32.699425,75.857521
2013-10-21,140.532745,45.117985,32.646568,75.787178
2013-10-22,141.346619,45.567944,32.963676,76.054680
2013-10-23,140.669754,45.124805,32.193573,76.033501
2013-10-24,141.137131,45.438404,32.125610,76.005402
2013-10-25,141.781738,45.308876,32.276623,76.033501
2013-10-28,142.007355,45.233883,32.465370,75.998375
2013-10-29,142.764893,45.329323,32.571068,76.089851
2013-10-30,142.055725,45.165718,32.389874,75.949081
2013-10-31,141.652878,44.913471,32.057663,75.956085
2013-11-01,141.991257,44.695309,32.072773,75.772789
2013-11-04,142.490845,44.913471,32.269062,75.850311
2013-11-05,142.039612,44.524872,31.619761,75.624687
2013-11-06,142.764893,44.913471,31.717911,75.744514
2013-11-07,140.959824,44.204441,31.144112,75.800980
2013-11-08,142.861542,44.463516,31.076162,75.328461
2013-11-11,142.885696,44.558960,30.917606,75.286209
2013-11-12,142.595703,44.408974,30.751511,75.257996
2013-11-13,143.739853,44.552139,30.804352,75.455376
2013-11-14,144.457031,44.756653,31.302654,75.688148
2013-11-15,145.085556,45.117985,31.899115,75.709335
2013-11-18,144.577881,45.117985,32.186024,75.857368
2013-11-19,144.263626,45.002087,31.989714,75.652878
2013-11-20,143.812424,44.688488,31.551805,75.441307
2013-11-21,144.972763,44.967999,31.521603,75.518890
2013-11-22,145.698029,45.097538,31.748116,75.624687
2013-11-25,145.552963,44.961178,31.340406,75.681107
2013-11-26,145.593201,44.961178,31.446115,75.702255
2013-11-27,145.947769,45.070267,31.649967,75.737511
2013-11-29,145.851120,45.158894,31.974611,75.765747
2013-12-02,145.472382,44.824837,31.302654,75.478195
2013-12-03,144.843842,44.511238,31.196957,75.569977
2013-12-04,144.827728,44.272617,31.159206,75.372131
2013-12-05,144.191101,44.020367,30.978001,75.209702
2013-12-06,145.802704,44.565773,31.665062,75.336884
2013-12-09,146.173401,44.518051,31.710363,75.428719
2013-12-10,145.649643,44.443054,31.725466,75.548790
2013-12-11,144.013824,44.027195,31.023304,75.428719
2013-12-12,143.538467,43.706772,30.842106,75.315636
2013-12-13,143.522308,43.679504,30.917606,75.350975
2013-12-16,144.416779,43.993103,31.121454,75.407494
2013-12-17,143.957443,43.802223,30.849659,75.534714
2013-12-18,146.415146,44.491238,31.463682,75.499306
2013-12-19,146.245987,44.491238,30.884699,75.372131
2013-12-20,147.096603,44.745678,30.838989,75.499306
2013-12-23,147.882523,45.206402,31.067535,75.464043
2013-12-24,148.206543,45.295799,31.250381,75.358063
2013-12-26,148.960037,45.543354,30.983736,75.315559
2013-12-27,148.951950,45.777153,31.463682,75.343895
2013-12-30,148.927673,45.969696,31.600813,75.414703
2013-12-31,149.632507,46.141621,31.844604,75.343895
2014-01-02,148.198471,45.323303,30.618050,75.393456
2014-01-03,148.174210,45.371452,30.564722,75.421761
2014-01-06,147.744797,45.316433,30.275229,75.520836
2014-01-07,148.652222,45.570862,30.404741,75.556259
2014-01-08,148.684570,45.557114,30.305696,75.329712
2014-01-09,148.781769,45.522724,30.145710,75.435921
2014-01-10,149.186920,45.942200,30.679003,75.818184
2014-01-13,147.201904,45.543354,30.313320,75.889023
2014-01-14,148.806122,45.907814,30.640911,75.775696
2014-01-15,149.608215,46.100346,30.633291,75.711983
2014-01-16,149.413757,46.079727,30.465687,75.889023
2014-01-17,148.781769,45.942200,30.313320,75.924408
2014-01-21,149.219284,46.162243,30.267611,75.959763
2014-01-22,149.316544,46.162243,30.671383,75.797028
2014-01-23,148.093170,45.852798,29.917175,75.995193
2014-01-24,144.933426,44.594395,29.132481,76.158012
2014-01-27,144.220444,44.388100,29.018204,75.995193
2014-01-28,145.079300,44.773193,29.201048,76.122574
2014-01-29,143.685745,44.271206,28.782038,76.349129
2014-01-30,145.208908,44.498131,29.048677,76.363304
2014-01-31,144.358170,43.741699,29.094389,76.504898
2014-02-03,141.109421,42.847748,28.271616,76.764458
2014-02-04,142.097794,43.342854,28.842983,76.580055
2014-02-05,141.919540,43.432255,28.736336,76.388565
2014-02-06,143.791092,44.202427,29.338171,76.353081
2014-02-07,145.573486,44.780064,29.505779,76.473686
2014-02-10,145.840897,44.628773,29.178181,76.551674
2014-02-11,147.436905,45.337048,29.810511,76.402733
2014-02-12,147.509857,45.412701,29.818123,76.275085
2014-02-13,148.271362,45.550243,29.848608,76.438232
2014-02-14,149.089676,45.722145,30.214281,76.438232
2014-02-18,149.267944,46.114105,29.932404,76.487846
2014-02-19,148.279510,45.804661,29.726707,76.431129
2014-02-20,149.154480,45.962830,29.833363,76.388565
2014-02-21,148.984344,46.052227,30.039057,76.459503
2014-02-24,149.810730,46.451054,30.039057,76.388565
2014-02-25,149.754028,46.341042,29.696226,76.594215
2014-02-26,149.762115,46.182888,29.719095,76.757378
2014-02-27,150.548004,46.341042,30.282848,76.835396
2014-02-28,150.928757,46.423557,30.077152,76.792839
2014-03-03,149.867508,45.440208,29.543865,76.991783
2014-03-04,151.973938,46.341042,30.046679,76.707565
2014-03-05,152.111694,46.299774,30.069530,76.750191
2014-03-06,152.460022,46.781136,30.496162,76.579681
2014-03-07,152.524872,46.526711,30.107626,76.366463
2014-03-10,152.443817,46.237885,29.901934,76.366463
2014-03-11,151.690338,45.900940,29.566729,76.359367
2014-03-12,151.730881,45.729027,29.627674,76.529938
2014-03-13,150.029419,44.876335,29.094389,76.728920
2014-03-14,149.608215,44.780064,29.254366,76.693336
2014-03-17,150.961182,45.343941,29.612444,76.650734
2014-03-18,152.038727,45.625870,30.023827,76.743065
2014-03-19,151.228592,45.068871,29.383888,76.402008
2014-03-20,152.111694,44.896961,29.513393,76.345207
2014-03-21,151.521698,44.807571,29.696226,76.451759
2014-03-24,150.895065,44.924469,29.985733,76.565483
2014-03-25,151.611191,45.412701,30.328564,76.487282
2014-03-26,150.520798,45.405827,30.397127,76.728920
2014-03-27,150.203369,45.632748,30.793276,76.785767
2014-03-28,150.943954,45.976574,31.037058,76.672043
2014-03-31,152.180832,46.210369,31.242760,76.679146
2014-04-01,153.189850,46.506073,31.608435,76.561684
2014-04-02,153.702545,46.595470,31.669378,76.433563
2014-04-03,153.499100,46.464817,31.547489,76.490494
2014-04-04,151.684418,46.320404,31.463682,76.732544
2014-04-07,150.008118,46.100346,31.600813,76.846481
2014-04-08,150.626556,46.072845,31.966497,76.939026
2014-04-09,152.245911,46.664238,32.210285,76.946083
2014-04-10,149.047867,45.839050,31.867464,77.124100
2014-04-11,147.705139,45.563992,31.867464,77.195320
2014-04-14,148.868835,45.825294,31.798906,77.223793
2014-04-15,149.894150,45.632748,31.318943,77.230888
2014-04-16,151.464737,46.196629,31.715092,77.273636
2014-04-17,151.676331,46.437302,32.004585,77.024445
2014-04-21,152.205276,46.499203,31.806509,77.017273
2014-04-22,152.896957,46.691742,31.722706,77.003075
2014-04-23,152.538879,46.581711,31.494160,77.081398
2014-04-24,152.848099,46.574848,31.524635,77.152588
2014-04-25,151.594879,46.347916,31.098005,77.166801
2014-04-28,152.075058,46.492317,31.250381,77.116974
2014-04-29,152.783051,46.794888,31.547489,77.152588
2014-04-30,153.238693,46.980556,31.486542,77.309196
2014-05-01,153.255005,47.111210,31.524635,77.421913
2014-05-02,153.035248,47.035557,31.699862,77.514618
2014-05-05,153.328217,47.001183,31.524635,77.486122
2014-05-06,151.993637,46.918667,31.669378,77.543167
2014-05-07,152.888763,46.973682,31.836985,77.543167
2014-05-08,152.726059,46.980556,31.760801,77.593086
2014-05-09,152.953918,46.911789,31.707472,77.521729
2014-05-12,154.443054,47.221233,32.240765,77.457535
2014-05-13,154.581436,47.290005,32.362652,77.585945
2014-05-14,153.849014,47.200607,32.591198,77.807030
2014-05-15,152.498169,46.994305,32.286465,77.971092
2014-05-16,153.027176,47.097450,32.713093,77.885521
2014-05-19,153.588608,47.001183,32.713093,77.856964
2014-05-20,152.620285,46.705486,32.446449,77.892586
2014-05-21,153.905975,47.069950,32.697857,77.864098
2014-05-22,154.280289,47.131840,32.926414,77.828423
2014-05-23,154.898804,47.255608,32.865456,77.906906
2014-05-27,155.850906,47.592567,32.583584,77.978210
2014-05-28,155.736969,47.434410,32.774048,78.192169
2014-05-29,156.542572,47.723225,32.865456,78.149399
2014-05-30,156.794769,47.730099,32.415977,78.220772
2014-06-02,156.973846,47.826370,32.515022,77.982750
2014-06-03,156.892471,47.709469,32.697857,77.775558
2014-06-04,157.209854,47.695717,32.515022,77.746956
2014-06-05,158.235229,48.025791,32.857838,77.847008
2014-06-06,158.991989,48.287102,33.185436,77.804092
2014-06-09,159.154709,48.238968,33.307335,77.732651
2014-06-10,159.171021,48.135815,33.482552,77.618332
2014-06-11,158.617676,47.895145,33.368271,77.675529
2014-06-12,157.494614,47.908897,33.208282,77.825531
2014-06-13,157.974808,47.943272,33.223511,77.804092
2014-06-16,158.104935,47.957027,33.071159,77.761230
2014-06-17,158.544418,47.922642,33.078766,77.618332
2014-06-18,159.708084,48.335236,33.444458,77.825531
2014-06-19,159.887100,48.596539,33.253994,77.711197
2014-06-20,160.211685,48.514023,33.185436,77.847008
2014-06-23,160.162704,48.383369,33.116867,77.775558
2014-06-24,159.197784,48.080803,33.101635,77.911263
2014-06-25,159.917358,48.063889,33.171505,78.018486
2014-06-26,159.802902,48.099117,33.209904,78.168602
2014-06-27,160.113617,48.127312,33.286678,78.168602
2014-06-30,160.031830,48.169575,33.194534,78.175697
2014-07-01,161.102921,48.592297,33.509357,78.079765
2014-07-02,161.266510,48.669796,33.709015,77.807755
2014-07-03,162.059586,48.768433,33.908649,77.757637
2014-07-07,161.495422,48.387978,33.885609,77.779099
2014-07-08,160.456985,47.880714,33.732048,77.936638
2014-07-09,161.176559,48.035698,33.923996,78.000992
2014-07-10,160.538773,47.507305,33.739716,78.036850
2014-07-11,160.759491,47.535500,33.701317,78.144203
2014-07-14,161.569077,47.887756,33.962399,78.079765
2014-07-15,161.266510,47.767986,33.939365,77.979530
2014-07-16,161.863373,48.063889,34.023830,78.043961
2014-07-17,160.023651,47.450932,33.386505,78.273087
2014-07-18,161.658981,47.824348,33.908649,78.187172
2014-07-21,161.356415,47.648209,34.023830,78.215759
2014-07-22,162.059586,47.859577,34.338646,78.344666
2014-07-23,162.419434,47.958210,34.369362,78.358978
2014-07-24,162.427536,48.070938,34.522934,78.115601
2014-07-25,161.667175,47.873661,34.384724,78.265930
2014-07-28,161.732544,47.880714,34.622757,78.280212
2014-07-29,161.037537,47.782074,34.415440,78.358978
2014-07-30,161.062073,47.711620,34.246502,78.079765
2014-07-31,157.881348,46.915478,33.647583,77.979530
2014-08-01,157.398956,46.591393,33.831863,78.273567
2014-08-04,158.535507,46.809807,34.146683,78.259270
2014-08-05,156.998306,46.210934,33.624550,78.259270
2014-08-06,157.047363,46.098228,33.394184,78.266411
2014-08-07,156.197006,45.724815,33.263645,78.417038
2014-08-08,158.004028,45.992531,33.563107,78.445747
2014-08-11,158.461929,46.168667,33.993114,78.452896
2014-08-12,158.241135,46.133450,34.031502,78.417038
2014-08-13,159.312286,46.394127,34.215794,78.574783
2014-08-14,160.064545,46.640720,34.269547,78.617851
2014-08-15,160.031830,46.591393,34.177399,78.811516
2014-08-18,161.372757,46.894356,34.507572,78.646553
2014-08-19,162.214935,47.007084,34.668835,78.538956
2014-08-20,162.648361,46.859123,34.599720,78.452896
2014-08-21,163.122543,47.056396,34.453819,78.589195
2014-08-22,162.869064,46.830940,34.361679,78.574783
2014-08-25,163.694916,47.133892,34.615086,78.639389
2014-08-26,163.801239,47.140938,34.822403,78.646553
2014-08-27,163.735809,47.232525,34.999012,78.746941
2014-08-28,163.645828,47.021175,34.653477,78.904716
2014-08-29,164.111954,47.000034,34.599720,78.876060
2014-09-02,164.030182,47.091618,34.545971,78.635315
2014-09-03,163.940201,47.422756,34.999012,78.721558
2014-09-04,163.703094,47.197308,34.906860,78.620979
2014-09-05,164.438995,47.204357,35.206337,78.577904
2014-09-08,164.013809,46.704121,34.791683,78.498810
2014-09-09,162.975403,46.570255,34.361679,78.391068
2014-09-10,163.588623,46.837986,34.215794,78.283302
2014-09-11,163.776703,46.577297,33.985432,78.204292
2014-09-12,162.820053,46.513893,33.624550,78.046227
2014-09-15,162.697449,46.415264,33.455612,78.031860
2014-09-16,163.923874,46.612537,33.893291,78.031860
2014-09-17,164.144623,46.281403,33.578468,77.945633
2014-09-18,165.019501,46.640720,33.624550,77.952843
2014-09-19,164.870819,46.478668,33.371143,78.082138
2014-09-22,163.597549,46.274353,32.864365,78.189926
2014-09-23,162.661087,45.886860,32.680073,78.261719
2014-09-24,163.934357,46.119354,33.148468,78.211464
2014-09-25,161.289185,45.442989,32.426670,78.362389
2014-09-26,162.570709,45.633213,32.572571,78.355225
2014-09-29,162.274918,45.210491,31.912222,78.441353
2014-09-30,161.847794,45.175266,31.912222,78.391068
2014-10-01,159.654510,44.639812,31.259537,78.829353
2014-10-02,159.679123,44.160721,31.428459,78.699844
2014-10-03,161.437027,44.160721,31.697214,78.663818
2014-10-06,161.248093,44.442543,32.111851,78.735855
2014-10-07,158.759033,43.688683,31.827753,79.038094
2014-10-08,161.535629,44.379135,32.303814,79.261177
2014-10-09,158.331863,43.188454,31.797041,79.102867
2014-10-10,156.524658,42.540279,31.105955,79.160423
2014-10-13,153.953400,42.483913,31.420784,79.390739
2014-10-14,154.191559,42.589596,31.605078,79.570641
2014-10-15,153.148315,42.335968,31.205788,79.714638
2014-10-16,153.016922,41.941410,30.921673,79.649864
2014-10-17,154.824127,42.723454,31.267212,79.541908
2014-10-20,156.327438,42.991184,31.359358,79.635399
2014-10-21,159.424438,43.505497,31.489885,79.563477
2014-10-22,158.290817,43.188454,31.282574,79.520309
2014-10-23,160.130905,43.604145,31.274893,79.333191
2014-10-24,161.363144,43.843674,31.497572,79.361931
2014-10-27,161.141342,43.597095,31.251856,79.390739
2014-10-28,162.989685,44.259357,31.881493,79.268417
2014-10-29,162.743256,43.921177,31.927568,79.095627
2014-10-30,163.786514,44.238224,32.227039,79.225227
2014-10-31,165.659500,45.055500,32.365261,79.225227
2014-11-03,165.749832,44.667992,32.096497,79.075279
2014-11-04,165.174759,44.414360,32.127216,79.082443
2014-11-05,166.218033,44.498905,31.843107,79.111336
2014-11-06,166.883484,44.259357,31.451498,78.974312
2014-11-07,167.039536,44.280495,31.651138,79.241089
2014-11-10,167.565247,44.477772,31.735603,79.053619
2014-11-11,167.729599,44.745495,31.704889,79.089691
2014-11-12,167.548798,44.365040,31.643463,79.096909
2014-11-13,167.737823,44.576405,31.558998,79.132950
2014-11-14,167.778915,44.639812,31.820070,79.205025
2014-11-17,167.885681,44.463676,31.482206,79.111336
2014-11-18,168.854996,44.949806,31.651138,79.183441
2014-11-19,168.583969,44.815945,31.635792,78.995949
2014-11-20,168.879608,44.548225,31.582041,79.140129
2014-11-21,169.783234,44.935719,32.587933,79.233856
2014-11-24,170.259705,45.196400,32.319180,79.262703
2014-11-25,170.136505,45.273914,32.111851,79.435738
2014-11-26,170.571930,45.450043,32.518822,79.500603
2014-11-28,170.210434,45.083679,31.866138,79.745781
2014-12-01,169.027542,45.041401,31.320969,79.566483
2014-12-02,170.120087,45.168217,31.313282,79.407448
2014-12-03,170.777222,45.111866,31.397755,79.335213
2014-12-04,170.588333,44.963898,31.451498,79.573753
2014-12-05,170.867676,45.062546,31.390074,79.233994
2014-12-08,169.725769,44.667992,30.929352,79.429199
2014-12-09,169.610779,44.428448,30.637579,79.552071
2014-12-10,166.891708,43.864815,30.184542,79.689362
2014-12-11,167.737823,43.808449,29.931137,79.660469
2014-12-12,165.026932,42.963009,29.439703,79.913437
2014-12-15,163.893311,42.251408,29.017391,79.696587
2014-12-16,162.578873,42.554379,28.971313,79.891785
2014-12-17,165.766281,43.063049,29.637276,79.790565
2014-12-18,169.865479,43.831387,30.042313,79.580978
2014-12-19,170.588211,43.895416,30.252615,79.711060
2014-12-22,171.372925,44.108852,30.673214,79.833923
2014-12-23,171.604218,43.966568,30.392809,79.465309
2014-12-24,171.620697,44.165771,30.462921,79.551598
2014-12-26,172.174118,44.279598,30.704372,79.587845
2014-12-29,172.405426,43.959457,30.517439,79.754692
2014-12-30,171.480270,43.553936,30.579748,79.841736
2014-12-31,169.778778,43.283592,30.603113,79.863426
2015-01-02,169.687851,43.098618,30.198090,80.088295
2015-01-05,166.623367,42.081257,29.660643,80.262367
2015-01-06,165.053925,41.604603,29.536016,80.465416
2015-01-07,167.110672,42.067043,30.174717,80.450912
2015-01-08,170.076050,42.636189,30.688801,80.327614
2015-01-09,168.713165,42.429871,30.587538,80.523468
2015-01-12,167.391541,42.330265,30.338295,80.588692
2015-01-13,166.920715,42.543701,30.603113,80.610489
2015-01-14,165.912994,42.422756,30.431757,80.806290
2015-01-15,164.393127,42.693092,30.501863,81.176140
2015-01-16,166.549026,43.248020,30.758894,80.864265
2015-01-20,166.904190,43.397419,30.712158,81.002098
2015-01-21,167.746719,43.738907,31.389812,80.857018
2015-01-22,170.241302,43.902534,31.989563,80.813530
2015-01-23,169.307892,43.653538,31.748112,81.016609
2015-01-26,169.704407,44.251141,31.763683,80.980392
2015-01-27,167.465881,44.315163,31.592325,80.936813
2015-01-28,165.318192,43.653538,31.249609,81.277733
2015-01-29,166.846375,44.251141,31.249609,81.212387
2015-01-30,164.748322,43.553936,30.392809,81.502502
2015-02-02,166.788559,44.080395,30.938055,81.499603
2015-02-03,169.200500,44.784714,31.522221,81.187241
2015-02-04,168.556229,44.414764,31.366444,81.310722
2015-02-05,170.257797,45.026604,31.553381,81.143677
2015-02-06,169.786957,44.464569,31.015934,80.671501
2015-02-09,169.027069,44.251141,30.969204,80.657013
2015-02-10,170.827774,44.656666,30.891310,80.569817
2015-02-11,170.926865,44.414764,30.665426,80.533531
2015-02-12,172.570602,45.104855,31.319717,80.548073
2015-02-13,173.281052,45.403652,31.678005,80.453629
2015-02-17,173.553528,45.510384,31.607904,80.126762
2015-02-18,173.570129,45.780712,31.600121,80.351944
2015-02-19,173.446213,45.837635,31.467707,80.286568
2015-02-20,174.487000,46.264488,31.678005,80.301094
2015-02-23,174.462204,46.100864,31.358660,80.446381
2015-02-24,174.957809,46.385433,31.810423,80.802284
2015-02-25,174.809158,46.421013,31.748112,80.860390
2015-02-26,174.602661,46.292950,31.755899,80.569817
2015-02-27,174.007889,46.314297,31.732534,80.773270
2015-03-02,175.106476,46.385433,31.685799,80.362862
2015-03-03,174.387833,46.100864,31.444336,80.260994
2015-03-04,173.652725,45.915890,31.101610,80.304688
2015-03-05,173.842667,46.022614,31.054884,80.341064
2015-03-06,171.397675,45.396542,30.579748,79.817162
2015-03-09,172.108093,45.467690,30.462921,80.020882
2015-03-10,169.316177,44.478798,29.785271,80.210075
2015-03-11,168.919617,44.592617,30.011148,80.370155
2015-03-12,171.067276,45.147541,30.198090,80.435654
2015-03-13,170.018234,44.884312,29.832001,80.282867
2015-03-16,172.289795,45.389423,30.190302,80.457436
2015-03-17,171.777618,45.275600,30.540808,80.442902
2015-03-18,173.842667,46.243149,31.288557,81.032272
2015-03-19,173.049728,45.702457,30.758894,80.748505
2015-03-20,174.577209,46.712696,31.218447,80.995842
2015-03-23,174.237030,46.947472,31.311926,81.010445
2015-03-24,173.258011,46.847862,31.436550,81.228683
2015-03-25,170.719162,46.627323,30.938055,81.075920
2015-03-26,170.312576,46.221798,30.649847,80.784882
2015-03-27,170.702499,46.342754,30.735527,80.901321
2015-03-30,172.785049,46.371204,31.327496,80.937660
2015-03-31,171.274994,45.652657,31.257393,81.075920
2015-04-01,170.669266,45.979916,31.646854,81.339088
2015-04-02,171.283295,46.378319,32.121990,81.229683
2015-04-06,172.436569,46.847862,32.534801,81.280777
2015-04-07,171.980194,46.783848,32.371235,81.295334
2015-04-08,172.561035,46.983036,33.048882,81.302612
2015-04-09,173.324326,47.047066,33.376015,81.098511
2015-04-10,174.270248,47.139568,33.399372,81.098511
2015-04-13,173.481964,46.840752,33.204655,81.185989
2015-04-14,173.813904,47.189350,33.352650,81.273476
2015-04-15,174.593811,47.402779,33.586319,81.382797
2015-04-16,174.543991,47.530846,33.851139,81.339088
2015-04-17,172.536133,46.933239,33.259186,81.404701
2015-04-20,174.112579,46.983036,33.228020,81.346344
2015-04-21,173.905151,47.402779,33.422760,81.258904
2015-04-22,174.759689,47.495274,33.781052,81.018326
2015-04-23,175.199448,47.673134,34.030293,81.142250
2015-04-24,175.606003,47.950592,34.154926,81.280777
2015-04-27,174.875870,48.185364,34.287331,81.309853
2015-04-28,175.431778,48.242275,34.341854,80.996445
2015-04-29,174.709930,47.822533,33.913456,80.814178
2015-04-30,172.959290,47.317413,33.399372,80.814178
2015-05-01,174.834396,47.843876,33.601894,80.584869
2015-05-04,175.332260,47.794075,33.796623,80.431526
2015-05-05,173.324326,47.082642,33.430538,80.358475
2015-05-06,172.610779,47.203583,33.017719,80.088249
2015-05-07,173.299484,47.047066,32.970985,80.285431
2015-05-08,175.581146,48.135567,33.391594,80.548355
2015-05-11,174.743179,47.715820,33.072243,80.037132
2015-05-12,174.220428,47.687355,32.963200,80.029831
2015-05-13,174.253693,48.043076,33.025513,80.022514
2015-05-14,176.070709,48.619339,33.352650,80.146652
2015-05-15,176.261490,48.676247,33.609688,80.482651
2015-05-18,176.809097,48.512627,33.266964,80.175919
2015-05-19,176.751053,48.327652,33.321491,79.898369
2015-05-20,176.626602,48.420135,33.298126,80.022514
2015-05-21,177.140976,48.676247,33.181293,80.270805
2015-05-22,176.717834,48.363228,33.290325,80.183197
2015-05-26,174.817810,47.495274,32.760677,80.380394
2015-05-27,176.477173,47.957703,32.768459,80.460732
2015-05-28,176.278030,47.872330,32.340073,80.431526
2015-05-29,175.182831,47.409901,32.028503,80.460732
2015-06-01,175.539627,47.281845,31.903885,80.238289
2015-06-02,175.365402,47.502380,32.028503,79.923668
2015-06-03,175.830078,47.765617,31.864937,79.609047
2015-06-04,174.344894,47.253384,31.382015,79.777313
2015-06-05,174.046188,46.691349,31.241819,79.426094
2015-06-08,172.975891,46.627323,31.234034,79.543121
2015-06-09,172.950974,46.371204,31.047094,79.316353
2015-06-10,175.025192,47.345879,31.498859,79.118767
2015-06-11,175.589401,47.473927,31.343075,79.543121
2015-06-12,174.245316,47.096870,31.343075,79.447990
2015-06-15,173.498611,46.812309,30.992567,79.543121
2015-06-16,174.444427,46.798069,31.000359,79.674881
2015-06-17,174.726547,46.691349,31.187290,79.682190
2015-06-18,176.543610,47.111107,31.475494,79.660271
2015-06-19,175.759842,46.997269,31.202871,79.909035
2015-06-22,176.660294,47.886555,31.654642,79.513870
2015-06-23,176.785324,48.014626,31.966202,79.330971
2015-06-24,175.501434,47.601990,31.740311,79.455399
2015-06-25,174.967819,47.581001,31.631235,79.367561
2015-06-26,174.934479,47.559296,31.333059,79.177322
2015-06-29,171.266037,46.097950,30.634676,79.645592
2015-06-30,171.624496,45.931545,31.089796,79.594383
2015-07-01,173.000214,46.228168,31.066267,79.393539
2015-07-02,172.841812,46.286034,31.215355,79.503510
2015-07-06,172.349930,45.352791,30.344332,79.789421
2015-07-07,173.433762,45.367271,29.889212,79.899338
2015-07-08,170.524017,44.311035,28.861246,80.090004
2015-07-09,170.832474,45.041710,29.418394,79.796753
2015-07-10,172.983566,46.517544,30.163851,79.459503
2015-07-13,174.892822,46.691177,30.367882,79.342178
2015-07-14,175.651489,47.081833,30.422808,79.474136
2015-07-15,175.593124,46.908199,30.077543,79.686790
2015-07-16,177.002167,47.313339,30.454195,79.752792
2015-07-17,177.152222,47.233753,30.414955,79.760071
2015-07-20,177.243912,47.356739,30.218779,79.620804
2015-07-21,176.543625,47.219276,30.226633,79.752792
2015-07-22,176.226761,46.857559,29.795048,79.789421
2015-07-23,175.234619,46.734581,29.504709,80.016685
2015-07-24,173.417068,46.220928,29.080975,80.002014
2015-07-27,172.408249,45.880905,28.531685,80.104652
2015-07-28,174.525970,46.459671,28.822020,80.024040
2015-07-29,175.726517,46.626060,29.104513,79.957985
2015-07-30,175.768204,46.589893,28.814173,79.965355
2015-07-31,175.501434,46.864788,29.128046,80.280647
2015-08-03,174.909470,46.741810,28.641541,80.363655
2015-08-04,174.567612,46.777985,28.743544,80.128571
2015-08-05,175.142929,47.023956,28.751390,79.981621
2015-08-06,173.708893,46.828629,28.500294,80.077187
2015-08-07,173.375412,46.741810,28.484592,80.216721
2015-08-10,175.559753,47.313339,28.963266,80.113861
2015-08-11,173.975693,46.589893,28.327660,80.378334
2015-08-12,174.184113,46.257103,27.888229,80.326912
2015-08-13,173.967377,46.228168,27.841139,80.157951
2015-08-14,174.600998,46.300503,27.880373,80.121246
2015-08-17,175.576462,46.213699,27.574348,80.260788
2015-08-18,175.067871,45.866440,27.276157,80.113861
2015-08-19,173.683884,45.461311,26.938740,80.363655
2015-08-20,170.057083,44.361675,26.515001,80.488495
2015-08-21,164.938019,43.348846,25.698917,80.628113
2015-08-24,157.992935,41.851318,24.576799,80.598740
2015-08-25,156.133728,42.249210,24.890673,80.407730
2015-08-26,162.128296,43.247566,25.714609,80.033012
2015-08-27,166.138580,43.775681,26.852423,80.143265
2015-08-28,166.146835,43.710571,26.507156,80.069794
2015-08-31,164.804642,43.385017,26.554239,80.011055
2015-09-01,159.885544,41.930901,25.526278,80.248055
2015-09-02,162.920364,42.553059,25.895090,80.144981
2015-09-03,163.037064,42.654339,25.997101,80.262787
2015-09-04,160.569199,41.677689,25.220247,80.432076
2015-09-08,164.604492,42.900318,26.020641,80.240723
2015-09-09,162.403427,42.726685,25.887247,80.270119
2015-09-10,163.287201,43.008835,26.154043,80.181778
2015-09-11,164.029205,43.001602,26.256048,80.277473
2015-09-14,163.420563,42.676052,26.216820,80.299591
2015-09-15,165.463226,42.965424,26.467918,79.938881
2015-09-16,166.897217,43.623756,27.111374,79.872627
2015-09-17,166.522125,43.645462,27.048597,80.373161
2015-09-18,163.800827,42.553059,26.546392,80.439430
2015-09-21,164.647293,42.531353,26.499306,80.225937
2015-09-22,162.510239,41.518532,26.004946,80.417351
2015-09-23,162.250473,41.323208,25.589058,80.351097
2015-09-24,161.663788,41.207455,25.479198,80.454155
2015-09-25,161.621857,41.569168,25.424269,80.314270
2015-09-28,157.565582,40.751690,24.882826,80.505615
2015-09-29,157.657806,40.693802,25.000530,80.630829
2015-09-30,160.599396,41.467896,25.722454,80.660225
2015-10-01,161.018448,41.598118,25.863705,80.722946
2015-10-02,163.423737,42.307087,26.554239,80.966301
2015-10-05,166.331833,43.146294,27.127068,80.663910
2015-10-06,165.761963,43.196934,27.079985,80.863060
2015-10-07,167.119614,43.739510,27.801908,80.804070
2015-10-08,168.628128,44.086761,28.100103,80.693436
2015-10-09,168.728729,44.166351,28.202110,80.627052
2015-10-12,168.887894,44.079525,27.990234,80.833557
2015-10-13,167.823608,43.522472,27.535107,80.840965
2015-10-14,167.019058,43.609283,27.746981,81.143265
2015-10-15,169.583588,44.354443,28.421822,81.032684
2015-10-16,170.354553,44.318275,28.445370,80.951584
2015-10-19,170.438339,44.166351,28.155018,81.032684
2015-10-20,170.220520,43.985485,28.147179,80.870422
2015-10-21,169.164520,43.963779,27.739126,81.062172
2015-10-22,172.022354,44.455727,28.311970,81.076935
2015-10-23,173.907959,44.897022,28.476751,80.936806
2015-10-26,173.480652,44.730633,28.217806,80.973709
2015-10-27,173.145370,44.339970,27.896070,81.091698
2015-10-28,175.114807,44.629345,27.574348,80.848289
2015-10-29,175.014206,44.303806,27.315399,80.501701
2015-10-30,174.259995,44.209751,27.362478,80.715553
2015-11-02,176.321625,44.629345,27.903915,80.556709
2015-11-03,176.832886,44.614872,28.272732,80.408913
2015-11-04,176.296494,44.368908,28.045164,80.408913
2015-11-05,176.120499,44.289326,28.092249,80.371956
2015-11-06,176.028351,44.086761,27.699896,79.987747
2015-11-09,174.385727,43.630993,27.009359,79.935997
2015-11-10,174.788010,43.602051,26.891661,80.083817
2015-11-11,174.100769,43.826324,26.946589,79.980354
2015-11-12,171.670303,43.254803,26.687635,80.054230
2015-11-13,169.742813,42.893082,26.318827,80.209389
2015-11-16,172.324066,43.435665,26.828878,80.275917
2015-11-17,172.198349,43.551414,26.750412,80.334999
2015-11-18,174.930435,43.949310,27.040754,80.275917
2015-11-19,174.779602,44.173580,27.284008,80.312881
2015-11-20,175.416534,44.072289,27.558647,80.261116
2015-11-23,175.215408,43.797386,27.299706,80.283264
2015-11-24,175.450058,43.804615,27.440954,80.357208
2015-11-25,175.424911,43.905899,27.229080,80.394173
2015-11-27,175.626053,43.913132,26.632708,80.371956
2015-11-30,174.896927,43.876968,26.671947,80.401535
2015-12-01,176.564713,44.339970,26.875971,80.683304
2015-12-02,174.762863,43.869724,26.554239,80.586884
2015-12-03,172.315628,43.659931,26.405148,79.993752
2015-12-04,175.676331,44.014427,26.585621,80.253235
2015-12-07,174.611984,43.732269,26.146194,80.371849
2015-12-08,173.438705,43.088413,25.855856,80.401566
2015-12-09,172.089401,42.893082,25.643986,80.401566
2015-12-10,172.533600,42.900318,25.471348,80.386688
2015-12-11,169.189651,42.082813,24.757273,80.586884
2015-12-14,170.044479,42.147934,25.157473,80.208763
2015-12-15,171.829575,42.357735,25.541969,80.216164
2015-12-16,174.343735,43.211391,26.044180,80.075294
2015-12-17,171.687134,42.661575,25.706762,80.186493
2015-12-18,168.628464,42.213043,25.620447,80.357071
2015-12-21,170.019547,42.408619,25.820475,80.282921
2015-12-22,171.562302,42.729736,26.027674,80.223587
2015-12-23,173.686905,43.444942,26.394258,80.208763
2015-12-24,173.400177,43.371964,26.298630,80.247360
2015-12-28,173.003998,43.269794,26.115335,80.247360
2015-12-29,174.850266,43.700375,26.139244,80.046791
2015-12-30,173.611023,43.437637,25.732809,80.031914
2015-12-31,171.874268,42.853817,25.653120,80.247360
2016-01-04,169.471573,42.196983,24.951822,80.217644
2016-01-05,169.758240,42.131302,25.007608,80.254829
2016-01-06,167.616852,41.437992,24.529448,80.559433
2016-01-07,163.595444,40.576839,23.772366,80.552017
2016-01-08,161.799759,40.087864,23.517349,80.730339
2016-01-11,161.959946,40.255726,23.509382,80.500000
2016-01-12,163.266632,40.445465,23.557198,80.678268
2016-01-13,159.194702,39.817841,23.310148,80.864059
2016-01-14,161.808151,40.328697,23.612982,80.834335
2016-01-15,158.334793,38.869102,22.680576,80.930916
2016-01-19,158.545502,39.226700,23.015284,80.849167
2016-01-20,156.513733,38.336346,22.513218,80.916039
2016-01-21,157.390549,38.620972,22.600883,80.804604
2016-01-22,160.619492,39.759457,23.373905,80.864059
2016-01-25,158.191437,39.226700,22.975435,80.819504
2016-01-26,160.349640,39.927303,23.310148,80.923492
2016-01-27,158.604553,39.671886,23.230455,80.938339
2016-01-28,159.430756,39.788654,23.597046,81.005249
2016-01-29,163.317230,40.489262,24.362099,81.242966
2016-02-01,163.258240,40.445465,24.130985,81.144691
2016-02-02,160.315979,39.504028,23.349995,81.390366
2016-02-03,161.277008,39.832439,24.011444,81.382957
2016-02-04,161.529984,39.883522,24.194740,81.464745
2016-02-05,158.452774,39.270500,23.915813,81.390366
2016-02-08,156.319839,38.540695,23.589073,81.703079
2016-02-09,156.328217,38.095520,23.262335,81.695648
2016-02-10,156.193390,38.051731,23.357964,81.896675
2016-02-11,154.161621,37.497082,22.967470,81.948784
2016-02-12,157.339981,38.153900,23.365936,81.725395
2016-02-16,159.995529,38.927490,23.883936,81.524391
2016-02-17,162.609024,39.598900,24.354124,81.479729
2016-02-18,161.943024,39.394558,24.210684,81.725395
2016-02-19,161.867172,39.350765,24.099104,81.740326
2016-02-22,164.210861,39.795952,24.696806,81.762642
2016-02-23,162.136948,39.146431,24.170832,81.777527
2016-02-24,162.878815,39.007771,24.115049,81.807304
2016-02-25,164.851593,39.474838,24.194740,82.015762
2016-02-26,164.472183,39.372662,23.955658,81.866859
2016-02-29,163.182327,39.139126,24.162868,81.963623
2016-03-01,167.018234,40.160843,25.023542,81.718231
2016-03-02,167.768570,40.438171,25.358253,81.628647
2016-03-03,168.426178,40.832256,25.645153,81.725639
2016-03-04,168.974152,41.131477,26.155184,81.598785
2016-03-07,169.109039,41.080387,26.115335,81.576454
2016-03-08,167.262711,40.678997,25.669058,81.777924
2016-03-09,168.088974,40.832256,25.828447,81.740616
2016-03-10,168.223816,40.766582,25.868288,81.777924
2016-03-11,170.938461,41.832088,26.410200,81.628647
2016-03-14,170.719315,41.744507,26.250814,81.673401
2016-03-15,170.441025,41.350418,25.876259,81.598785
2016-03-16,171.427444,41.715317,26.394258,81.949493
2016-03-17,172.515015,42.036430,26.976019,82.121063
2016-03-18,173.192963,41.963455,27.119465,82.188202
2016-03-21,173.438675,41.897770,27.175251,82.009171
2016-03-22,173.345459,41.824791,27.111498,81.956940
2016-03-23,172.201477,41.401505,26.649281,82.135963
2016-03-24,172.125168,41.124180,26.585531,82.143402
2016-03-28,172.226868,41.372307,26.673189,82.203125
2016-03-29,173.819977,41.817490,27.039776,82.449265
2016-03-30,174.582687,42.131302,27.318697,82.419426
2016-03-31,174.158936,41.715317,27.294794,82.680527
2016-04-01,175.345306,41.270142,27.215101,82.607330
2016-04-04,174.777512,41.182564,26.888351,82.689552
2016-04-05,173.031937,40.372486,26.362391,82.801689
2016-04-06,174.921661,41.029301,26.681158,82.786697
2016-04-07,172.828522,40.430874,26.147215,82.966103
2016-04-08,173.294678,41.204456,26.601465,82.883904
2016-04-11,172.887848,41.226353,26.944147,82.943703
2016-04-12,174.497910,41.839386,27.358543,82.809128
2016-04-13,176.260529,42.503502,27.844667,82.846481
2016-04-14,176.269012,42.642170,27.709194,82.704475
2016-04-15,176.074097,42.547287,27.549812,82.936226
2016-04-18,177.311310,42.912193,27.677315,82.928787
2016-04-19,177.870590,43.656578,28.099686,82.921257
2016-04-20,178.040085,43.693069,27.972179,82.719437
2016-04-21,177.082504,43.430344,27.693262,82.607330
2016-04-22,177.082504,43.452236,27.525902,82.614777
2016-04-25,176.777451,43.233311,27.350578,82.525101
2016-04-26,177.040146,43.386559,27.645441,82.487709
2016-04-27,177.404510,43.415752,27.812803,82.734390
2016-04-28,175.794479,42.824604,27.525902,82.898842
2016-04-29,174.845352,42.642170,27.406357,82.891380
2016-05-02,176.235077,43.043556,27.334642,82.835182
2016-05-03,174.701324,42.335648,26.561619,82.984978
2016-05-04,173.726746,41.846684,26.131279,83.022369
2016-05-05,173.692810,41.759109,26.123304,83.232086
2016-05-06,174.328400,41.875870,26.163157,83.104774
2016-05-09,174.472504,41.788303,25.828447,83.157204
2016-05-10,176.641830,42.386738,26.322538,83.194649
2016-05-11,174.989426,42.021835,26.258785,83.194649
2016-05-12,175.040298,42.007236,26.187057,83.119736
2016-05-13,173.514893,41.576660,25.716873,83.277039
2016-05-16,175.226685,42.072914,26.027674,83.134727
2016-05-17,173.591187,41.766399,25.908133,83.022369
2016-05-18,173.642044,41.780998,25.653120,82.677956
2016-05-19,173.040359,41.481785,25.414042,82.730331
2016-05-20,174.133530,41.824791,25.669058,82.782753
2016-05-23,173.896301,41.686131,25.621241,82.767792
2016-05-24,176.150360,42.291855,25.884224,82.722885
2016-05-25,177.345184,42.737041,26.195026,82.737816
2016-05-26,177.396057,42.853817,26.370358,82.865143
2016-05-27,178.158707,42.810017,26.362391,82.850189
2016-05-31,177.819702,42.605675,26.394258,82.902603
2016-06-01,178.184143,42.569180,26.378317,82.856064
2016-06-02,178.726501,42.569180,26.593494,83.066177
2016-06-03,178.192612,42.846508,26.999928,83.516403
2016-06-06,179.099380,43.087330,27.286825,83.403847
2016-06-07,179.379028,43.401154,27.533871,83.478844
2016-06-08,179.963715,43.488720,27.733105,83.508926
2016-06-09,179.717987,42.955978,27.414326,83.568939
2016-06-10,178.014664,41.708019,26.721003,83.681465
2016-06-13,176.641830,41.102291,26.346453,83.749046
2016-06-14,176.294388,40.445465,26.258785,83.711494
2016-06-15,176.048645,40.715488,26.537706,83.891602
2016-06-16,176.574020,40.803074,26.442078,83.944115
2016-06-17,175.916443,41.204456,26.513807,83.884064
2016-06-20,177.049362,42.226181,26.983984,83.651474
2016-06-21,177.551971,42.569180,27.191189,83.591492
2016-06-22,177.262299,42.543110,27.260262,83.643997
2016-06-23,179.570709,43.719902,27.918867,83.501419
2016-06-24,173.122528,39.966095,26.224148,83.951591
2016-06-27,170.021957,39.198948,25.886812,84.289261
2016-06-28,173.088455,40.226772,26.649841,84.394341
2016-06-29,176.035751,40.964127,27.324518,84.334290
2016-06-30,178.437790,41.574879,27.597603,84.506882
2016-07-01,178.812637,41.574879,27.862658,84.688828
2016-07-05,177.526428,40.770485,27.268295,84.914375
2016-07-06,178.591171,40.696003,27.196012,85.072250
2016-07-07,178.480423,40.532146,27.123722,85.012131
2016-07-08,181.138077,41.150341,27.710054,85.139931
2016-07-11,181.776978,41.753624,27.975109,84.914375
2016-07-12,183.097275,42.319675,28.368664,84.658752
2016-07-13,183.071716,42.274982,28.320478,84.778999
2016-07-14,184.093872,42.639938,28.730103,84.703888
2016-07-15,183.846832,42.423950,28.665842,84.395653
2016-07-18,184.340912,42.528214,28.922865,84.410675
2016-07-19,184.153519,42.193062,28.625687,84.583618
2016-07-20,184.920166,42.572910,28.770260,84.508408
2016-07-21,184.221649,42.401596,28.681915,84.583618
2016-07-22,185.047913,42.483536,28.890739,84.598633
2016-07-25,184.545334,42.431396,28.601589,84.500908
2016-07-26,184.630508,42.610153,28.826492,84.500908
2016-07-27,184.434601,42.766556,28.922865,84.748947
2016-07-28,184.647552,42.721867,28.930901,84.741440
2016-07-29,184.945663,43.228336,29.083504,84.966995
2016-08-01,184.792358,42.945301,29.027277,84.768959
2016-08-02,183.608383,42.729317,28.818449,84.520340
2016-08-03,184.145020,42.580349,28.914831,84.610741
2016-08-04,184.340912,42.826145,29.075470,84.768959
2016-08-05,185.848618,43.019791,29.412809,84.482697
2016-08-08,185.737869,43.109161,29.621643,84.535408
2016-08-09,185.848618,43.451767,29.822439,84.753830
2016-08-10,185.388657,43.600739,29.830463,84.851799
2016-08-11,186.248932,43.913551,30.216002,84.625824
2016-08-12,186.087143,43.801830,30.103558,84.829147
2016-08-15,186.623795,43.973141,30.416805,84.678535
2016-08-16,185.661224,43.906105,30.280260,84.625824
2016-08-17,186.010452,43.891205,30.087496,84.783936
2016-08-18,186.427856,44.114643,30.368610,84.904472
2016-08-19,186.155289,43.786938,30.199936,84.716171
2016-08-22,186.146759,43.831623,29.798347,84.844231
2016-08-23,186.521530,44.017818,29.677864,84.866837
2016-08-24,185.567520,43.913551,29.758183,84.836700
2016-08-25,185.439743,43.734798,29.782282,84.746307
2016-08-26,185.090485,43.474125,29.525257,84.610741
2016-08-29,186.001953,43.608185,29.750149,84.844231
2016-08-30,185.695312,43.548592,29.669838,84.799034
2016-08-31,185.167191,43.459225,29.340519,84.783936
2016-09-01,185.175659,43.757145,29.565414,84.857872
2016-09-02,186.010452,44.263603,30.047333,84.744690
2016-09-06,186.572647,44.561531,30.689886,84.925865
2016-09-07,186.555634,44.583874,30.593504,84.971092
2016-09-08,186.129700,44.457256,30.513191,84.676811
2016-09-09,181.674774,43.593288,29.485090,84.307098
2016-09-12,184.281311,43.950787,29.685888,84.374969
2016-09-13,181.632126,43.064480,28.938931,84.141045
2016-09-14,181.563980,43.004894,29.027277,84.246727
2016-09-15,183.378342,43.377304,29.525257,84.299545
2016-09-16,182.669479,42.818687,29.324459,84.359917
2016-09-19,182.703705,43.042126,29.557386,84.292007
2016-09-20,182.712296,43.302814,29.573450,84.322151
2016-09-21,184.766937,44.062519,30.400736,84.533447
2016-09-22,185.931290,44.509388,30.617594,84.707001
2016-09-23,184.912521,44.136993,30.224043,84.684380
2016-09-26,183.414291,43.727348,29.782282,84.790062
2016-09-27,184.552933,43.935894,30.207968,84.895706
2016-09-28,185.468918,44.248707,30.481050,84.918327
2016-09-29,183.790955,43.697556,29.950947,84.918327
2016-09-30,185.177902,44.040169,30.079462,84.827728
2016-10-03,184.732712,43.920998,30.288292,84.731743
2016-10-04,183.790955,43.913551,29.950947,84.444473
2016-10-05,184.604279,44.092297,30.384674,84.331070
2016-10-06,184.732712,43.853966,30.408760,84.331070
2016-10-07,184.099197,43.630531,30.272230,84.346169
2016-10-10,185.058029,43.757145,30.601528,84.308403
2016-10-11,182.720825,43.138954,29.894732,84.179916
2016-10-12,182.960541,43.042126,29.838514,84.210136
2016-10-13,182.361282,42.878281,29.573450,84.331070
2016-10-14,182.455460,42.952755,29.621643,84.187477
2016-10-17,181.821869,42.826145,29.589520,84.331070
2016-10-18,182.960541,43.250679,30.111593,84.467163
2016-10-19,183.448547,43.369843,30.296318,84.512520
2016-10-20,183.106079,43.436882,30.207968,84.482285
2016-10-21,183.191711,43.340057,30.199936,84.535233
2016-10-24,183.970825,43.332603,30.328457,84.406700
2016-10-25,183.354355,43.302814,30.360573,84.406700
2016-10-26,182.986282,43.109161,30.039316,84.240364
2016-10-27,182.498260,43.057034,29.782282,84.028717
2016-10-28,181.958893,43.042126,29.661802,84.028717
2016-10-31,181.967453,43.064480,29.830463,84.134544
2016-11-01,180.649017,42.878281,29.589520,84.089088
2016-11-02,179.561829,42.587803,29.236115,84.187569
2016-11-03,178.739899,42.543110,29.155790,84.073944
2016-11-04,178.543015,42.133480,28.858608,84.248138
2016-11-07,182.481201,42.714424,29.902761,84.149712
2016-11-08,183.303070,42.833584,30.095522,84.013321
2016-11-09,185.246399,42.870831,29.115633,83.233261
2016-11-10,185.708649,42.751659,28.288343,82.892456
2016-11-11,185.280640,42.490974,27.750216,82.741020
2016-11-14,185.426193,42.260094,27.549414,82.407745
2016-11-15,186.873001,42.446293,28.103621,82.468315
2016-11-16,186.522003,41.999401,27.870693,82.650108
2016-11-17,187.480850,42.319675,27.910854,82.339615
2016-11-18,187.061356,41.857903,27.782333,82.074554
2016-11-21,188.473923,42.215393,28.055426,82.142670
2016-11-22,188.842056,42.319675,28.481115,82.218414
2016-11-23,188.944855,42.170712,28.175907,81.930618
2016-11-25,189.646851,42.297337,28.312445,81.923027
2016-11-28,188.756409,42.073895,28.424889,82.210846
2016-11-29,189.124588,42.342018,28.465048,82.301735
2016-11-30,188.670868,42.297337,28.513239,81.976112
2016-12-01,187.977417,42.133480,28.175907,81.705971
2016-12-02,188.071579,42.237736,28.208025,81.963913
2016-12-05,189.201645,42.654831,28.440956,82.032249
2016-12-06,189.800949,42.945301,28.593557,82.017097
2016-12-07,192.283630,43.585842,29.075470,82.229485
2016-12-08,192.754532,43.548592,29.203983,82.077759
2016-12-09,193.918854,43.734798,29.051374,81.827339
2016-12-12,193.696289,43.541142,28.858608,81.751465
2016-12-13,194.988983,44.010372,29.179888,81.857712
2016-12-14,193.379456,43.362396,28.312445,81.410049
2016-12-15,194.175659,43.265579,28.360636,81.311386
2016-12-16,193.795929,43.295372,28.232122,81.364548
2016-12-19,194.217941,43.228336,28.039356,81.576973
2016-12-20,194.967056,43.377304,28.135746,81.501091
2016-12-21,194.424545,43.389336,28.018759,81.675636
2016-12-22,194.088715,43.291500,27.685684,81.674812
2016-12-23,194.372894,43.404388,27.848154,81.697647
2016-12-27,194.855133,43.351700,27.970016,81.636818
2016-12-28,193.244766,43.186157,28.181231,81.766090
2016-12-29,193.201721,43.291500,28.644289,82.017090
2016-12-30,192.495544,43.442005,28.441195,82.184410
2017-01-03,193.968155,43.712910,28.782387,82.268066
2017-01-04,195.122116,44.209564,29.001726,82.290901
2017-01-05,194.967056,44.585819,29.318556,82.633125
2017-01-06,195.664627,44.435307,29.196697,82.359322
2017-01-09,195.018753,44.367584,29.172329,82.496246
2017-01-10,195.018753,44.375111,29.342922,82.473427
2017-01-11,195.569916,44.608387,29.692240,82.572289
2017-01-12,195.079071,44.676109,29.822231,82.602730
2017-01-13,195.526855,44.841671,29.797859,82.458214
2017-01-17,194.837952,44.676109,29.781614,82.739624
2017-01-18,195.268524,44.548187,29.619143,82.382149
2017-01-19,194.545120,44.435307,29.529774,82.169212
2017-01-20,195.259872,44.691162,29.586639,82.199638
2017-01-23,194.751770,44.804043,30.025318,82.427765
2017-01-24,196.000519,44.916912,30.212175,82.298462
2017-01-25,197.696991,45.383469,30.545238,82.077942
2017-01-26,197.490295,45.202869,30.415264,82.131157
2017-01-27,197.180252,45.127617,30.439634,82.199638
2017-01-30,195.957458,44.804043,30.277155,82.161591
2017-01-31,195.940186,44.871765,30.334024,82.359322
2017-02-01,196.017715,45.052364,30.350269,82.243515
2017-02-02,196.146912,45.074940,30.480251,82.289207
2017-02-03,197.498917,45.255539,30.667105,82.312065
2017-02-06,197.145813,44.931961,30.593983,82.548294
2017-02-07,197.154404,44.886814,30.439634,82.632179
2017-02-08,197.412811,44.962067,30.626480,82.868378
2017-02-09,198.583954,45.150192,30.764580,82.670288
2017-02-10,199.367630,45.255539,31.048920,82.655014
2017-02-13,200.452713,45.436142,31.146404,82.533127
2017-02-14,201.253586,45.368427,31.178890,82.350204
2017-02-15,202.304214,45.541500,31.430727,82.220650
2017-02-16,202.131943,45.646851,31.316996,82.395905
2017-02-17,202.450592,45.526451,31.187014,82.578796
2017-02-21,203.656204,45.676949,31.528212,82.571198
2017-02-22,203.475342,45.676949,31.625702,82.624512
2017-02-23,203.613205,45.774765,31.633816,82.761734
2017-02-24,203.871536,45.443665,31.260130,83.066574
2017-02-27,204.190109,45.473763,31.162645,82.914131
2017-02-28,203.639008,45.406044,30.862072,82.891251
2017-03-01,206.489471,45.880108,31.341364,82.501785
2017-03-02,205.189072,45.579109,30.788956,82.349083
2017-03-03,205.318268,45.850018,31.024532,82.410194
2017-03-06,204.706863,45.707050,31.040787,82.372032
2017-03-07,204.095428,45.549015,31.073284,82.265099
2017-03-08,203.716522,45.383469,30.780828,82.066521
2017-03-09,203.974884,45.556545,30.537117,81.814545
2017-03-10,204.689636,45.940315,30.878315,81.936737
2017-03-13,204.792908,46.181118,31.308874,81.799301
2017-03-14,204.009323,45.827450,31.130144,81.829803
2017-03-15,205.774689,46.482121,31.942522,82.303276
2017-03-16,205.369904,46.707870,32.137486,82.211655
2017-03-17,205.009247,46.828274,32.080631,82.387253
2017-03-20,204.784409,46.730446,32.454315,82.509460
2017-03-21,202.155090,46.519749,32.096878,82.677429
2017-03-22,202.630753,46.527271,32.251228,82.791985
2017-03-23,202.414536,46.632626,32.259338,82.814880
2017-03-24,202.267471,46.760555,32.340588,82.746178
2017-03-27,202.059967,46.880947,32.251228,82.944702
2017-03-28,203.530273,47.106697,32.340588,82.753777
2017-03-29,203.720581,47.106697,32.397453,82.937119
2017-03-30,204.369263,46.941147,32.226852,82.784370
2017-03-31,203.893555,46.873425,31.999392,82.845467
2017-04-03,203.538925,46.805702,32.178112,83.153061
2017-04-04,203.668671,46.790646,32.194355,83.076530
2017-04-05,203.063217,46.542320,32.096878,83.168388
2017-04-06,203.634033,46.549847,32.040012,83.160698
2017-04-07,203.426437,46.519749,31.983139,82.977051
2017-04-10,203.547577,46.467064,31.853163,83.084183
2017-04-11,203.305405,46.685299,31.780052,83.321411
2017-04-12,202.414536,46.647675,31.934408,83.505020
2017-04-13,201.099899,46.346680,31.796301,83.612175
2017-04-17,202.881561,46.632626,32.129368,83.566277
2017-04-18,202.276154,46.421917,31.723183,83.902916
2017-04-19,201.904266,46.233788,31.528212,83.772881
2017-04-20,203.547577,46.602528,31.918148,83.642799
2017-04-21,202.898895,46.632626,31.918148,83.665718
2017-04-24,205.130310,47.814056,32.373081,83.543282
2017-04-25,206.323883,48.152683,32.657413,83.267815
2017-04-26,206.194229,48.017235,32.535557,83.374939
2017-04-27,206.367142,48.062382,32.494934,83.451500
2017-04-28,205.917404,48.009705,32.543686,83.596863
2017-05-01,206.436371,48.205360,32.730530,83.381363
2017-05-02,206.514252,48.453671,32.966118,83.496399
2017-05-03,206.263351,48.355850,32.746769,83.412018
2017-05-04,206.505524,48.814884,32.381199,83.343018
2017-05-05,207.318542,49.356686,32.649284,83.358391
2017-05-08,207.283951,48.987961,32.641171,83.197342
2017-05-09,207.093704,48.867558,33.055470,83.204994
2017-05-10,207.465591,48.942806,33.274811,83.227943
2017-05-11,207.041809,48.822414,33.347927,83.220299
2017-05-12,206.695816,49.093307,33.486034,83.527061
2017-05-15,207.837509,49.341633,33.827232,83.496399
2017-05-16,207.647202,49.657688,33.859722,83.603760
2017-05-17,203.962738,49.093307,33.282940,84.033180
2017-05-18,204.784409,49.176083,32.730530,83.987198
2017-05-19,206.116302,49.747986,33.429169,83.987198
2017-05-22,207.162872,49.808182,33.461662,83.933517
2017-05-23,207.621292,49.815701,33.494164,83.772484
2017-05-24,208.105637,49.845818,33.624153,83.918182
2017-05-25,209.100342,49.845818,33.786610,83.956558
2017-05-26,209.057098,49.702827,33.908470,83.925842
2017-05-30,208.875397,49.650173,33.729740,84.086868
2017-05-31,208.823471,49.710358,33.469788,84.171234
2017-06-01,210.484161,50.033939,33.754108,84.132858
2017-06-02,211.184677,50.583267,33.924713,84.409454
2017-06-05,211.029068,50.304840,33.884098,84.278831
2017-06-06,210.354370,50.161865,33.900341,84.447884
2017-06-07,210.743607,50.176910,33.859722,84.347977
2017-06-08,210.847412,50.086605,34.062813,84.263458
2017-06-09,210.527405,49.898476,33.802864,84.194290
2017-06-12,210.484161,49.710358,33.624153,84.194290
2017-06-13,211.513397,50.094135,33.786610,84.217331
2017-06-14,211.245239,50.056503,33.778484,84.486320
2017-06-15,210.838776,49.537285,33.429169,84.432503
2017-06-16,210.884811,49.958679,33.486034,84.486320
2017-06-19,212.640488,50.161865,33.819103,84.371063
2017-06-20,211.206390,49.758114,33.445312,84.501724
2017-06-21,211.154236,49.696934,33.518768,84.517059
2017-06-22,211.058624,49.689285,33.690155,84.555511
2017-06-23,211.310699,49.811642,33.869713,84.570831
2017-06-26,211.449738,49.895752,34.196171,84.647728
2017-06-27,209.746246,49.888115,33.796253,84.394081
2017-06-28,211.623596,50.323971,34.057415,84.424873
2017-06-29,209.763641,49.826927,33.624866,84.263458
2017-06-30,210.154739,49.857525,33.779934,84.155861
2017-07-03,210.511047,49.796345,33.975807,84.005737
2017-07-05,210.997787,49.796345,33.910515,84.051926
2017-07-06,209.068329,49.574585,33.502441,83.890236
2017-07-07,210.424179,49.582230,33.567741,83.859413
2017-07-10,210.650116,49.704578,33.886028,83.897896
2017-07-11,210.493759,49.819290,34.163521,83.974945
2017-07-12,212.075500,50.216919,34.824581,84.229103
2017-07-13,212.431854,50.362206,34.995975,84.136620
2017-07-14,213.422638,50.713963,35.436695,84.221329
2017-07-17,213.396576,50.614559,35.273468,84.259819
2017-07-18,213.509537,50.660435,35.379555,84.452332
2017-07-19,214.665527,50.882206,35.673363,84.475471
2017-07-20,214.761124,51.088665,35.632561,84.498573
2017-07-21,214.569855,50.889847,35.608082,84.644867
2017-07-24,214.517776,50.752193,35.714188,84.567833
2017-07-25,215.039261,50.821014,35.624405,84.267525
2017-07-26,215.047897,51.134556,35.918217,84.429253
2017-07-27,214.848022,51.019829,35.722340,84.306038
2017-07-28,214.595993,51.073376,35.706009,84.475471
2017-07-31,214.474274,51.180428,35.746822,84.436943
2017-08-01,214.952316,51.463364,35.852917,84.668465
2017-08-02,215.056641,51.486301,35.885563,84.606743
2017-08-03,214.639450,51.516888,35.738663,84.776505
2017-08-04,215.030563,51.585701,35.869240,84.637573
2017-08-07,215.430344,51.608650,36.114075,84.629860
2017-08-08,214.900208,51.333355,36.122238,84.552719
2017-08-09,214.891479,51.249245,35.795792,84.629860
2017-08-10,211.858261,50.522793,34.947010,84.714760
2017-08-11,212.171066,50.431038,35.028618,84.784187
2017-08-14,214.274384,50.798084,35.387714,84.745605
2017-08-15,214.248337,50.759857,35.428539,84.622139
2017-08-16,214.622070,51.050430,35.795792,84.776505
2017-08-17,211.275909,50.476906,35.338757,84.899940
2017-08-18,210.945679,50.614559,35.640724,84.845978
2017-08-21,211.110779,50.599255,35.771313,84.907707
2017-08-22,213.318390,50.843956,36.171223,84.830528
2017-08-23,212.553528,50.851616,36.342602,85.023415
2017-08-24,212.058121,50.736908,36.456867,84.915405
2017-08-25,212.553528,51.042782,36.669064,84.977097
2017-08-28,212.562180,51.042782,36.538483,85.008018
2017-08-29,212.805542,50.836315,36.473186,85.131477
2017-08-30,213.813797,50.767494,36.530308,85.116028
2017-08-31,215.100067,51.157486,36.587444,85.231773
2017-09-01,215.404297,51.226307,36.856762,85.038452
2017-09-05,213.857208,50.882206,36.375248,85.386436
2017-09-06,214.587296,51.195713,36.611919,85.293655
2017-09-07,214.561234,51.616295,36.881252,85.502419
2017-09-08,214.309158,51.623943,36.636417,85.401901
2017-09-11,216.594925,52.029228,37.126106,85.169914
2017-09-12,217.324997,52.189800,37.085278,85.046181
2017-09-13,217.429306,51.906872,36.889420,84.961128
2017-09-14,217.359818,51.998646,36.987358,85.007561
2017-09-15,217.652435,52.044518,37.207710,84.992081
2017-09-18,218.115295,52.113338,37.338291,84.953392
2017-09-19,218.333725,52.358040,37.419907,84.907036
2017-09-20,218.412338,52.243343,37.248524,84.837395
2017-09-21,217.827103,52.136280,37.248524,84.821953
2017-09-22,217.870773,52.296864,37.036327,84.883789
2017-09-25,217.425339,51.998646,36.407894,85.084839
2017-09-26,217.556335,51.883934,36.309952,85.053932
2017-09-27,218.403580,51.922169,36.179375,84.806450
2017-09-28,218.665558,52.059818,36.154896,84.814232
2017-09-29,219.434189,52.365700,36.571125,84.744621
2017-10-02,220.386292,52.319813,36.579288,84.796539
2017-10-03,220.857941,52.495686,37.158733,84.866264
2017-10-04,221.119934,52.396278,37.150578,84.843018
2017-10-05,222.430084,52.365700,37.428070,84.804306
2017-10-06,222.176804,52.327457,37.240356,84.680305
2017-10-09,221.809998,52.342739,37.215874,84.796539
2017-10-10,222.395172,52.839783,37.583130,84.804306
2017-10-11,222.744553,52.969795,37.754520,84.819794
2017-10-12,222.412643,52.923904,37.738197,84.920486
2017-10-13,222.683380,53.199188,38.080971,85.129723
2017-10-16,222.980453,53.160957,38.056496,85.044510
2017-10-17,223.137604,53.023312,37.860622,85.013512
2017-10-18,223.355988,53.176254,37.950401,84.881752
2017-10-19,223.417145,53.092136,37.615772,84.943756
2017-10-20,224.569992,53.023312,37.754520,84.695793
2017-10-23,223.696579,52.908615,37.452549,84.788818
2017-10-24,224.089615,52.992737,37.452549,84.610565
2017-10-25,222.980453,52.786266,37.370937,84.556335
2017-10-26,223.268631,52.778614,37.117931,84.463348
2017-10-27,225.094070,52.900970,37.656590,84.649300
2017-10-30,224.255615,53.023312,37.419907,84.881752
2017-10-31,224.604996,53.245071,37.770847,84.827538
2017-11-01,224.901962,53.298603,37.966709,84.864815
2017-11-02,224.989288,53.459183,38.015694,84.911377
2017-11-03,225.740463,53.375069,37.819813,84.989021
2017-11-06,226.089828,53.451550,38.244209,85.066711
2017-11-07,225.932617,53.252716,37.999363,85.089958
2017-11-08,226.316910,53.428608,38.178909,85.035622
2017-11-09,225.495895,53.122730,37.942230,84.973511
2017-11-10,225.425995,52.977428,37.779007,84.631836
2017-11-13,225.635635,52.755669,37.697392,84.631836
2017-11-14,225.111633,52.717438,37.444393,84.717316
2017-11-15,223.984833,52.465099,37.248524,84.880310
2017-11-16,225.889023,52.885677,38.023849,84.787132
2017-11-17,225.225128,52.694504,38.211555,84.880310
2017-11-20,225.609451,52.809212,38.407433,84.833733
2017-11-21,227.085571,53.206848,38.921597,84.919136
2017-11-22,226.884659,53.352127,39.019539,85.066711
2017-11-24,227.408707,53.787994,38.937912,85.051178
2017-11-27,227.295227,53.466831,38.366627,85.051178
2017-11-28,229.601059,53.772713,38.652275,85.051178
2017-11-29,229.461334,53.558582,38.040173,84.841492
2017-11-30,231.470215,53.612125,37.623940,84.701706
2017-12-01,230.989853,53.398018,37.411739,84.943741
2017-12-04,230.710327,53.206848,37.485199,84.935959
2017-12-05,229.880569,53.092136,37.460716,85.021530
2017-12-06,229.924255,52.985073,36.954708,85.107140
2017-12-07,230.649200,53.122730,37.060802,84.998215
2017-12-08,231.906952,53.405643,37.493355,84.967072
2017-12-11,232.605728,53.543301,37.681068,84.935959
2017-12-12,233.016220,53.612125,37.428070,84.897095
2017-12-13,232.989990,53.818592,37.876945,85.138290
2017-12-14,232.038010,53.520363,37.599453,85.161652
2017-12-15,233.970200,53.505077,37.681068,85.184990
2017-12-18,235.453888,54.139763,38.105465,85.076035
2017-12-19,234.549652,53.941147,37.904125,84.827019
2017-12-20,234.426743,53.848415,37.953842,84.632431
2017-12-21,234.909531,54.041615,38.202396,84.707169
2017-12-22,234.848175,54.180717,38.525513,84.746094
2017-12-26,234.567200,54.165257,38.492371,84.816185
2017-12-27,234.681335,54.265720,38.591793,85.080818
2017-12-28,235.164169,54.296635,38.856915,85.018524
2017-12-29,234.277481,54.335274,39.039185,85.104179
2018-01-02,235.954300,54.737129,39.776554,84.979630
2018-01-03,237.446762,54.999886,40.157661,84.987411
2018-01-04,238.447495,55.602661,40.356510,84.932945
2018-01-05,240.036530,55.911785,40.704479,84.878448
2018-01-08,240.475510,55.896313,40.704479,84.855087
2018-01-09,241.019867,55.958145,40.638199,84.621559
2018-01-10,240.651123,55.849957,40.381363,84.621559
2018-01-11,242.406891,56.236351,40.629917,84.660461
2018-01-12,243.987152,56.800499,41.019314,84.644943
2018-01-16,243.153122,56.746410,40.861900,84.668274
2018-01-17,245.470810,57.040062,41.400440,84.574867
2018-01-18,245.058151,56.970512,41.450134,84.388046
2018-01-19,246.173126,57.287350,41.789825,84.209038
2018-01-22,248.174698,57.581028,42.030094,84.177872
2018-01-23,248.701523,57.766483,42.228928,84.380249
2018-01-24,248.604980,57.866966,42.585186,84.294655
2018-01-25,248.710205,57.642849,42.560329,84.512581
2018-01-26,251.589859,58.152885,43.148579,84.356926
2018-01-29,249.921768,57.619671,42.494053,84.209038
2018-01-30,247.358246,57.140526,41.914108,84.076653
2018-01-31,247.481171,57.063251,42.278641,84.146736
2018-02-01,247.200150,57.225525,41.706978,83.883080
2018-02-02,241.818665,56.066349,40.638199,83.633377
2018-02-05,231.705231,53.717037,39.213169,83.968872
2018-02-06,236.270325,54.775768,40.489082,83.727051
2018-02-07,234.988708,54.196175,39.213169,83.539764
2018-02-08,226.174454,52.781960,37.854420,83.399399
2018-02-09,229.571945,53.006062,38.459225,83.290123
2018-02-12,232.943115,53.817497,39.064041,83.313530
2018-02-13,233.522461,53.655209,39.362301,83.336952
2018-02-14,236.674179,54.605755,40.348225,83.056061
2018-02-15,239.694153,54.945774,41.176723,83.157501
2018-02-16,239.764420,55.193089,41.044170,83.321358
2018-02-20,238.263199,54.675312,40.480782,83.235504
2018-02-21,237.077972,54.412560,40.447651,82.970268
2018-02-22,237.385345,54.698490,40.472504,82.978073
2018-02-23,241.168976,55.131241,41.193302,83.188698
2018-02-26,243.969559,55.649021,41.574409,83.251106
2018-02-27,240.923309,54.822147,40.364796,83.071693
2018-02-28,238.482605,54.304359,39.784840,83.297913
2018-03-01,235.014969,53.392456,39.710270,83.372208
2018-03-02,236.226364,53.647491,39.875980,83.239265
2018-03-05,238.956741,53.933422,39.933975,83.192390
2018-03-06,239.562469,54.250267,40.306808,83.208023
2018-03-07,239.474655,54.234814,40.348225,83.192390
2018-03-08,240.633560,54.350727,40.356510,83.325294
2018-03-09,244.821121,54.698490,41.218155,83.168930
2018-03-12,244.513870,54.760311,41.317574,83.215836
2018-03-13,242.933670,54.397102,40.944740,83.325294
2018-03-14,241.686951,54.528477,41.011024,83.466011
2018-03-15,241.423660,54.497551,40.861900,83.473846
2018-03-16,241.685455,54.458923,40.770767,83.426941
2018-03-19,238.415329,54.018436,40.331654,83.340935
2018-03-20,238.820877,54.010704,40.779053,83.208023
2018-03-21,238.362442,54.095707,41.019314,83.200195
2018-03-22,232.404099,53.091064,39.652279,83.356560
2018-03-23,227.450455,52.503754,38.848625,83.356560
2018-03-26,233.673264,53.446564,40.107956,83.325294
2018-03-27,229.698120,53.052437,39.378868,83.567673
2018-03-28,229.019394,53.361553,39.180031,83.614609
2018-03-29,231.945709,53.848415,40.000256,83.856964
2018-04-02,226.939270,53.106529,39.279453,83.773178
2018-04-03,229.847946,53.446564,39.668846,83.679092
2018-04-04,232.307114,53.632030,39.685425,83.710434
2018-04-05,234.140457,53.987518,39.784840,83.592865
2018-04-06,228.922424,53.632030,39.006046,83.780975
2018-04-09,230.050735,54.072533,39.047478,83.851517
2018-04-10,233.708588,54.652126,39.809692,83.788788
2018-04-11,232.483398,54.443462,39.826263,83.859283
2018-04-12,234.396072,54.652126,39.809692,83.671234
2018-04-13,233.708588,54.706219,39.412014,83.694771
2018-04-16,235.630066,54.791225,39.461731,83.710434
2018-04-17,238.150909,55.038517,39.544575,83.733894
2018-04-18,238.327179,55.324459,39.884254,83.498848
2018-04-19,237.005051,55.115814,39.652279,83.295105
2018-04-20,234.995483,54.907158,39.155178,83.067802
2018-04-23,234.960205,54.837593,38.840351,83.028648
2018-04-24,231.795868,54.613480,38.658077,82.918930
2018-04-25,232.368744,54.520752,38.359814,82.809196
2018-04-26,234.731079,54.791225,38.914909,82.950294
2018-04-27,234.951324,54.845322,39.155178,83.052155
2018-04-30,233.144470,54.667580,38.873478,83.067802
2018-05-01,233.558731,54.474388,38.682934,82.997093
2018-05-02,231.989853,54.451206,38.376381,82.997093
2018-05-03,231.478561,54.621223,38.293537,83.091385
2018-05-04,234.475388,54.814407,38.467514,83.146355
2018-05-07,235.268692,54.822147,38.243820,83.107071
2018-05-08,235.268692,54.829868,38.459225,83.012848
2018-05-09,237.542801,54.961243,38.533798,82.918625
2018-05-10,239.763947,55.316723,39.337448,83.107071
2018-05-11,240.495529,55.463547,39.271168,83.146355
2018-05-14,240.610092,55.564011,39.320869,83.067787
2018-05-15,238.953064,55.162163,38.508945,82.698700
2018-05-16,239.957901,55.239449,39.088898,82.604446
2018-05-17,239.755096,55.324459,38.492371,82.494514
2018-05-18,239.155701,55.123531,38.169250,82.706558
2018-05-21,240.953857,55.471283,38.401234,82.714409
2018-05-22,240.283966,55.401745,38.533798,82.714409
2018-05-23,240.945023,54.791225,38.517227,82.942184
2018-05-24,240.451447,54.621223,38.310089,83.169922
2018-05-25,239.878448,54.265720,38.467514,83.350586
2018-05-29,237.119659,53.160637,37.572731,83.900406
2018-05-30,240.283966,53.972046,37.870991,83.688332
2018-05-31,238.811966,53.632030,37.854420,83.617599
2018-06-01,241.156586,54.095707,38.384674,83.514503
2018-06-04,242.302460,54.257996,38.774063,83.317642
2018-06-05,242.478714,54.172989,38.475803,83.380684
2018-06-06,244.505997,54.659855,39.055756,83.191711
2018-06-07,244.479507,54.350727,38.459225,83.372810
2018-06-08,245.202316,54.412560,38.384674,83.254684
2018-06-11,245.528412,54.760311,38.384674,83.168114
2018-06-12,245.845657,54.412560,38.285252,83.191711
2018-06-13,245.061279,54.489834,38.028416,83.112976
2018-06-14,245.678238,54.373913,37.771568,83.325562
2018-06-15,245.364822,54.095707,37.473312,83.357048
2018-06-18,244.860214,53.709312,37.017632,83.372810
2018-06-19,243.921677,53.215919,36.609009,83.459373
2018-06-20,244.337784,53.255337,36.767456,83.301918
2018-06-21,242.806076,52.877018,36.250427,83.325562
2018-06-22,243.248810,53.436611,36.625694,83.404320
2018-06-25,239.937485,52.695751,36.133682,83.357048
2018-06-26,240.468689,52.790337,35.991913,83.490898
2018-06-27,238.476562,52.293793,35.299763,83.640457
2018-06-28,239.840088,52.490829,35.599960,83.632599
2018-06-29,240.185410,52.782444,36.133682,83.703476
2018-07-02,240.698853,52.301674,35.775097,83.623764
2018-07-03,239.848877,52.459301,35.800110,83.797310
2018-07-05,241.805618,52.979485,35.708385,83.876236
2018-07-06,243.850922,53.263222,36.200394,83.963013
2018-07-09,246.046570,53.775520,36.850853,83.884109
2018-07-10,246.931961,53.751865,36.767456,83.820999
2018-07-11,245.125809,52.853374,36.050285,83.852570
2018-07-12,247.348007,53.263222,36.542301,83.955147
2018-07-13,247.542786,53.428730,36.567314,84.034065
2018-07-16,247.321503,53.405094,36.367180,83.939392
2018-07-17,248.322006,53.499660,36.634033,83.907776
2018-07-18,248.844452,53.507545,36.592335,83.884109
2018-07-19,247.905884,53.397202,36.142014,84.010353
2018-07-20,247.622528,53.649406,36.659042,83.844658
2018-07-23,248.082977,53.649406,36.417213,83.552734
2018-07-24,249.331299,53.964668,36.950924,83.671135
2018-07-25,251.456238,54.366634,37.551338,83.678993
2018-07-26,250.863068,54.122307,37.134377,83.631645
2018-07-27,249.163223,54.224770,37.267807,83.694778
2018-07-30,247.861664,54.216888,37.209438,83.607971
2018-07-31,249.083450,54.287811,37.409580,83.678993
2018-08-01,248.667282,54.011955,37.076004,83.592796
2018-08-02,250.021927,53.657299,36.583996,83.624390
2018-08-03,251.093277,53.688831,36.867527,83.806297
2018-08-06,252.014008,53.460251,36.583996,83.861687
2018-08-07,252.846359,53.877972,36.959255,83.711426
2018-08-08,252.740005,53.830688,36.909225,83.711426
2018-08-09,252.394714,53.673054,36.800812,83.830032
2018-08-10,250.703674,52.601170,36.016930,84.011940
2018-08-13,249.765121,52.412018,35.424843,84.059372
2018-08-14,251.358902,52.404129,35.641666,83.980309
2018-08-15,249.481842,51.647511,34.615952,84.098930
2018-08-16,251.500565,52.010052,34.832767,84.146370
2018-08-17,252.385895,52.317451,35.199692,84.193832
2018-08-20,252.926025,52.601170,35.358135,84.359917
2018-08-21,253.519180,52.924313,35.808453,84.288742
2018-08-22,253.368744,53.129234,36.091984,84.359917
2018-08-23,253.032242,52.750923,35.508240,84.312439
2018-08-24,254.555084,53.058289,36.167034,84.407364
2018-08-27,256.564850,53.767635,36.684067,84.296631
2018-08-28,256.688873,53.720348,36.550640,84.138512
2018-08-29,258.070007,54.011955,36.775795,84.122612
2018-08-30,257.025299,53.499660,35.816795,84.162186
2018-08-31,257.034149,53.074066,36.000252,84.154312
2018-09-04,256.591370,52.624813,35.299763,84.060760
2018-09-05,255.900833,52.144039,34.791061,84.021164
2018-09-06,255.130508,51.986420,34.824425,84.163795
2018-09-07,254.634781,51.568699,34.649300,83.862602
2018-09-10,255.077469,51.883961,34.307388,83.941872
2018-09-11,255.918533,51.931244,34.382450,83.799194
2018-09-12,255.980560,52.151924,34.557568,83.854691
2018-09-13,257.494629,52.538120,35.024563,83.910210
2018-09-14,257.538849,52.616932,34.991207,83.751663
2018-09-17,256.175293,52.664223,34.674328,83.751663
2018-09-18,257.565338,53.215919,35.007889,83.569359
2018-09-19,257.839844,53.405094,35.491566,83.410858
2018-09-20,259.929321,54.067131,35.883499,83.521774
2018-09-21,259.691895,54.090782,36.050285,83.585236
2018-09-24,258.829132,53.846451,35.641666,83.505981
2018-09-25,258.588989,54.114418,35.783436,83.466331
2018-09-26,257.815216,54.138065,35.858490,83.664459
2018-09-27,258.535614,54.027733,36.033604,83.719955
2018-09-28,258.562317,53.586353,35.791763,83.632774
2018-10-01,259.460693,53.649406,35.800110,83.610535
2018-10-02,259.309357,53.373558,35.349792,83.705887
2018-10-03,259.451813,53.278988,35.057926,83.308624
2018-10-04,257.423889,52.656342,34.182312,83.070259
2018-10-05,255.983124,52.341091,34.057228,82.887543
2018-10-08,255.983124,52.088875,34.107250,82.855766
2018-10-09,255.609497,51.954887,33.982166,82.974945
2018-10-10,247.516129,50.851475,32.973129,82.951149
2018-10-11,242.064194,50.142143,32.639561,83.197411
2018-10-12,245.426041,50.323410,33.598564,83.221252
2018-10-15,244.047470,50.205193,33.239983,83.165634
2018-10-16,249.383896,51.064270,34.073906,83.213318
2018-10-17,249.428314,50.772667,33.656937,83.046440
2018-10-18,245.826279,49.952980,32.772987,82.990860
2018-10-19,245.692947,50.236721,33.081539,82.919342
2018-10-22,244.590149,50.016033,33.440121,82.903435
2018-10-23,243.344864,49.543152,33.073193,83.006699
2018-10-24,235.971924,48.140236,32.005787,83.221252
2018-10-25,240.205368,48.747112,32.622883,83.149719
2018-10-26,235.980759,48.416088,32.247616,83.340416
2018-10-29,234.673355,48.282108,31.688896,83.252991
2018-10-30,238.150894,48.865337,32.305996,83.133865
2018-10-31,240.694504,49.227886,32.656235,83.094086
2018-11-01,243.256012,49.858406,33.823727,83.304108
2018-11-02,241.815140,49.929340,34.040546,83.056580
2018-11-05,243.149216,49.929340,34.132271,83.112465
2018-11-06,244.687912,50.134254,34.073906,83.120461
2018-11-07,249.926300,50.804192,34.716022,83.192337
2018-11-08,249.472672,50.307659,33.815388,83.040611
2018-11-09,247.035889,49.976635,33.189941,83.144440
2018-11-12,242.419952,49.156956,32.722950,83.280159
2018-11-13,241.966354,49.369755,33.098217,83.312073
2018-11-14,240.312225,49.409164,33.298355,83.320076
2018-11-15,242.820190,49.566795,34.040546,83.423843
2018-11-16,243.451691,49.621952,34.107250,83.559555
2018-11-19,239.333771,49.188480,33.648594,83.551590
2018-11-20,234.904678,48.337284,32.923084,83.519623
2018-11-21,235.705124,49.015087,33.531853,83.575562
2018-11-23,234.130951,48.691944,33.139919,83.551590
2018-11-26,237.910767,49.424923,33.548538,83.535622
2018-11-27,238.711197,49.235767,33.782024,83.559555
2018-11-28,244.207687,49.937225,34.590927,83.719246
2018-11-29,243.674011,49.685009,34.290718,83.759171
2018-11-30,245.159317,49.472218,34.257362,83.735222
2018-12-03,248.405518,50.126385,34.949509,83.872070
2018-12-04,240.356583,48.825935,34.207325,84.096146
2018-12-06,239.991913,48.368809,33.890434,84.304260
2018-12-07,234.415497,47.880154,33.256660,84.416267
2018-12-10,234.860184,47.509720,32.906414,84.472313
2018-12-11,234.913559,47.659470,33.156590,84.496323
2018-12-12,236.096466,48.360924,33.698635,84.432304
2018-12-13,236.016312,48.274227,33.690308,84.456268
2018-12-14,231.658371,47.651585,33.214966,84.480293
2018-12-17,227.113632,47.273270,32.906414,84.624359
2018-12-18,226.864578,47.311501,33.129875,84.872971
2018-12-19,223.467163,46.857437,32.579693,84.953163
2018-12-20,219.829559,46.666248,32.833622,84.872971
2018-12-21,215.325348,45.853691,32.605087,84.832848
2018-12-24,209.635803,45.319950,32.300365,84.889000
2018-12-26,220.227631,46.371487,32.943657,84.728607
2018-12-27,221.918381,46.506927,32.901333,84.864929
2018-12-28,221.632141,46.753868,33.214516,85.177666
2018-12-31,223.573364,46.825569,33.062164,85.394196
2019-01-02,223.805969,46.729973,33.146801,85.458397
2019-01-03,218.465317,46.307770,32.545826,85.811211
2019-01-04,225.782974,47.725761,33.595421,85.554543
2019-01-07,227.563217,47.908978,33.671597,85.410210
2019-01-08,229.701233,48.219666,33.798565,85.346062
2019-01-09,230.774750,48.761368,34.399540,85.418205
2019-01-10,231.588760,48.952560,34.645012,85.321999
2019-01-11,231.678253,48.617973,34.475727,85.442329
2019-01-14,230.264862,48.394913,34.187927,85.321999
2019-01-15,232.903839,48.649841,34.424934,85.338074
2019-01-16,233.467422,48.785271,34.848160,85.410210
2019-01-17,235.238663,48.960529,35.000519,85.346062
2019-01-18,238.369705,49.454437,35.169807,85.281944
2019-01-22,235.149200,48.689663,34.560375,85.354111
2019-01-23,235.641235,48.912724,34.915878,85.442329
2019-01-24,235.766525,48.968494,35.254456,85.586624
2019-01-25,237.761429,49.526123,35.719994,85.546532
2019-01-28,235.954315,49.255283,35.347561,85.498413
2019-01-29,235.641235,49.366806,35.406818,85.722954
2019-01-30,239.371582,49.908508,36.177082,85.915428
2019-01-31,241.473953,49.932404,36.481796,86.172043
2019-02-01,241.590195,49.916473,36.194004,85.993576
2019-02-04,243.289841,50.099697,36.253258,85.921227
2019-02-05,244.309692,50.490044,36.752659,86.106148
2019-02-06,243.987701,50.235119,36.253258,86.057861
2019-02-07,241.661774,49.565964,35.889290,86.098076
2019-02-08,241.956940,49.406628,35.686134,86.291016
2019-02-11,242.091156,49.358829,35.567638,86.202576
2019-02-12,245.204315,49.932404,35.863895,86.218681
2019-02-13,246.000504,49.940372,35.609966,86.065941
2019-02-14,245.454803,49.956303,35.677677,86.194550
2019-02-15,248.129608,50.681229,35.626884,86.258842
2019-02-19,248.559006,50.872417,35.906219,86.307068
2019-02-20,249.059906,51.015808,36.109371,86.315140
2019-02-21,248.174286,50.912251,36.033184,86.122200
2019-02-22,249.712997,51.079552,36.431011,86.339226
2019-02-25,250.052887,51.230896,36.837307,86.315140
2019-02-26,249.873962,51.477859,36.710339,86.411598
2019-02-27,249.766663,51.270733,36.397160,86.226707
2019-02-28,249.301529,51.199036,35.923141,86.073959
2019-03-01,250.858032,51.477859,35.965473,85.934517
2019-03-04,249.945602,51.286674,36.016251,86.039284
2019-03-05,249.605560,51.334465,36.371761,86.095703
2019-03-06,248.093765,51.207005,36.168613,86.224670
2019-03-07,246.018433,50.553761,35.499931,86.466400
2019-03-08,245.526398,50.561741,35.245991,86.579247
2019-03-11,249.086792,50.999878,35.906219,86.587288
2019-03-12,250.026108,50.968018,36.092434,86.748482
2019-03-13,251.681091,51.406158,36.134747,86.708199
2019-03-14,251.520004,51.398190,35.940075,86.579247
2019-03-15,252.762665,51.955833,36.464874,86.796875
2019-03-18,253.679169,52.139046,36.871166,86.780762
2019-03-19,253.742065,52.242622,36.888092,86.732391
2019-03-20,252.978317,52.266514,36.947350,87.086990
2019-03-21,255.835632,52.234650,36.998135,87.103142
2019-03-22,250.911697,51.230896,35.914677,87.538277
2019-03-25,250.723068,51.302601,35.999329,87.699463
2019-03-26,252.591965,51.557518,36.109371,87.715584
2019-03-27,251.271179,51.581413,35.719994,87.900963
2019-03-28,252.223602,51.453953,35.957001,87.909019
2019-03-29,253.814011,51.669048,36.329433,87.900963
2019-04-01,256.824005,52.330254,36.930416,87.498680
2019-04-02,256.949738,52.346172,36.811916,87.595581
2019-04-03,257.354095,52.752464,37.065842,87.434036
2019-04-04,258.036926,52.640930,37.294384,87.498680
2019-04-05,259.286011,52.776348,37.582172,87.563248
2019-04-08,259.483673,52.808224,37.582172,87.522873
2019-04-09,258.153809,52.473633,37.506004,87.571365
2019-04-10,259.034393,52.672798,37.683758,87.741035
2019-04-11,258.962463,52.561268,37.277458,87.635986
2019-04-12,260.714630,52.927719,37.548321,87.466354
2019-04-15,260.543915,52.951607,37.353638,87.450195
2019-04-16,260.714630,52.991440,37.632961,87.296684
2019-04-17,260.076630,53.142803,37.743008,87.288612
2019-04-18,260.588837,53.110931,37.717613,87.401703
2019-04-22,260.813416,53.023296,37.472141,87.296684
2019-04-23,263.158569,53.126877,37.556786,87.450195
2019-04-24,262.574554,52.760426,37.048916,87.652145
2019-04-25,262.412872,52.720592,36.998135,87.644066
2019-04-26,263.634796,52.935665,37.142029,87.821785
2019-04-29,264.048035,53.150764,37.218208,87.668327
2019-04-30,264.182861,53.182636,37.184349,87.724854
2019-05-01,262.197235,52.879921,36.905025,87.781532
2019-05-02,261.631042,52.800251,36.989670,87.587181
2019-05-03,264.191864,53.365849,37.429817,87.732956
2019-05-06,263.104706,52.760426,36.659550,87.846336
2019-05-07,258.710876,51.836338,35.940075,87.951614
2019-05-08,258.351501,51.900066,35.889290,87.935379
2019-05-09,257.569855,51.661076,35.322166,87.983971
2019-05-10,258.863678,52.043465,35.533779,88.000160
2019-05-13,252.358337,50.832584,34.348759,88.145950
2019-05-14,254.640549,51.342419,34.831234,88.218811
2019-05-15,256.132141,51.525658,34.898949,88.372673
2019-05-16,258.504272,51.939899,34.729660,88.267410
2019-05-17,256.833008,51.597355,34.103287,88.291740
2019-05-20,255.134781,51.390232,33.959400,88.170212
2019-05-21,257.434998,51.732780,34.391079,88.162155
2019-05-22,256.644348,51.525658,34.221790,88.307961
2019-05-23,253.508453,51.055645,33.781639,88.567017
2019-05-24,254.083450,51.605320,33.815498,88.599449
2019-05-28,251.720459,51.103447,33.933994,88.729004
2019-05-29,250.031158,50.776825,34.154068,88.753288
2019-05-30,250.714005,50.968018,34.340286,88.988091
2019-05-31,247.335632,50.505966,34.458797,89.401100
2019-06-03,246.706650,50.800728,34.771980,89.612152
2019-06-04,252.061752,51.382259,34.848160,89.530983
2019-06-05,254.245239,51.366333,34.568836,89.482285
2019-06-06,255.898483,51.573452,34.585766,89.466049
2019-06-07,258.459351,52.226681,34.856628,89.717712
2019-06-10,259.645325,52.370075,35.220596,89.482285
2019-06-11,259.582520,52.632957,35.618423,89.466049
2019-06-12,259.124268,52.242622,35.237530,89.579720
2019-06-13,260.193451,52.290413,35.178284,89.774467
2019-06-14,259.905914,51.908039,34.788906,89.750168
2019-06-17,260.004761,51.945473,34.926231,89.725807
2019-06-18,262.727234,52.637211,35.770592,89.969337
2019-06-19,263.320343,52.962734,36.069111,90.277748
2019-06-20,265.836090,53.426601,36.597912,90.431976
2019-06-21,265.449738,53.198738,36.478500,90.196579
2019-06-24,265.124695,53.312664,36.427326,90.358932
2019-06-25,262.524292,52.995277,36.052052,90.375206
2019-06-26,262.262573,53.060390,36.393211,90.172234
2019-06-27,263.192505,53.190601,36.649082,90.423874
2019-06-28,264.546814,53.491714,36.597912,90.383293
2019-07-01,266.948486,53.743988,37.032883,90.450005
2019-07-02,267.643707,53.898617,36.939068,90.612701
2019-07-03,269.783508,54.264816,36.870834,90.759163
2019-07-05,269.476501,53.849777,36.614971,90.376747
2019-07-08,267.995880,53.540539,36.393211,90.327965
2019-07-09,268.329956,53.312664,36.282341,90.303551
2019-07-10,269.612030,53.499844,36.589382,90.368660
2019-07-11,270.244171,53.483574,36.521149,90.035072
2019-07-12,271.453918,53.548672,36.546734,90.132721
2019-07-15,271.544250,53.597504,36.683189,90.262886
2019-07-16,270.668579,53.377769,36.632034,90.165260
2019-07-17,268.826477,53.304523,36.521149,90.401176
2019-07-18,269.810669,53.467289,36.742901,90.547630
2019-07-19,268.311951,53.312664,36.555264,90.441864
2019-07-22,268.971008,53.369644,36.563793,90.555779
2019-07-23,270.894226,53.703304,36.606438,90.466270
2019-07-24,272.167297,53.743988,36.666138,90.596451
2019-07-25,270.867035,53.198738,36.342033,90.458160
2019-07-26,272.681946,53.304523,36.418797,90.474396
2019-07-29,272.185364,53.418461,36.350563,90.515083
2019-07-30,271.517151,52.799969,36.069111,90.506920
2019-07-31,268.546600,52.450024,35.625607,90.547630
2019-08-01,266.208160,52.303543,34.926231,91.257050
2019-08-02,264.203705,51.839680,34.585075,91.289688
2019-08-05,256.258392,50.545719,33.305710,91.689270
2019-08-06,259.851776,50.887516,33.783337,91.933876
2019-08-07,260.005341,51.082840,33.936852,91.884941
2019-08-08,265.106598,51.579254,34.354778,91.974670
2019-08-09,263.300812,51.221176,34.005093,91.852325
2019-08-12,260.095642,50.814278,33.595707,92.186661
2019-08-13,264.140503,51.294418,34.022152,92.056213
2019-08-14,256.330536,49.886532,33.041321,92.341614
2019-08-15,257.007782,50.057426,33.263077,92.765648
2019-08-16,260.799896,50.659645,33.723640,92.692276
2019-08-19,263.941925,50.968903,33.860104,92.447601
2019-08-20,261.919434,50.798000,33.928333,92.700401
2019-08-21,264.050201,51.156075,34.252430,92.651466
2019-08-22,263.969025,51.058418,33.808926,92.406853
2019-08-23,257.188263,50.423641,33.305710,92.781929
2019-08-26,260.032379,50.838696,33.484818,92.741165
2019-08-27,259.012146,50.798000,33.544529,93.034767
2019-08-28,260.836029,50.798000,33.638348,93.042885
2019-08-29,264.167633,51.237446,34.013626,92.985817
2019-08-30,264.050201,51.440903,34.278011,93.067398
2019-09-03,262.506317,51.343250,34.064793,93.045250
2019-09-04,265.485870,52.067539,34.636238,93.208763
2019-09-05,268.898804,52.344231,35.028572,92.808273
2019-09-06,269.106445,52.515133,35.182098,92.906357
2019-09-09,269.241882,52.669762,35.292973,92.514030
2019-09-10,269.178711,52.759277,35.318558,92.015457
2019-09-11,271.092834,53.052258,35.565903,92.031815
2019-09-12,272.031830,53.361500,35.821766,91.884697
2019-09-13,271.851288,53.662613,36.026459,91.337044
2019-09-16,271.011505,53.182453,35.745007,91.582260
2019-09-17,271.697784,53.361500,35.745007,91.721184
2019-09-18,271.860229,53.296387,35.600021,91.827454
2019-09-19,271.842163,53.475430,35.455021,91.958252
2019-09-20,270.557739,53.353359,35.489147,92.293373
2019-09-23,270.494324,53.215004,35.523262,92.334206
2019-09-24,268.371765,53.011559,35.147984,92.587593
2019-09-25,269.959137,52.856930,35.122398,92.203438
2019-09-26,269.396759,53.052258,35.113857,92.358742
2019-09-27,267.945435,52.873215,34.661827,92.473183
2019-09-30,269.188202,53.068523,34.857994,92.497673
2019-10-01,265.986206,52.547688,34.610653,92.665611
2019-10-02,261.287628,51.473454,34.346256,92.731155
2019-10-03,263.428375,51.815262,34.789764,93.091576
2019-10-04,266.992981,52.222164,34.943279,93.239029
2019-10-07,265.841034,52.157059,34.653297,92.985100
2019-10-08,261.713928,51.668777,34.405952,93.017876
2019-10-09,264.199310,52.043125,34.670357,92.968704
2019-10-10,265.986206,52.409344,35.028572,92.649246
2019-10-11,268.743713,53.345222,35.591492,92.346161
2019-10-14,268.444336,53.125500,35.437958,92.501778
2019-10-15,271.102051,53.743988,35.753536,92.198692
2019-10-16,270.666626,53.825371,35.855881,92.362534
2019-10-17,271.464905,53.955578,35.992344,92.337929
2019-10-18,270.276611,53.931160,35.804714,92.403465
2019-10-21,272.108887,54.224136,36.128815,92.149536
2019-10-22,271.220001,54.093922,36.154411,92.288795
2019-10-23,272.009033,54.386902,36.162933,92.362534
2019-10-24,272.453522,54.484550,36.162933,92.387085
2019-10-25,273.569275,54.541519,36.418797,92.256004
2019-10-28,275.111237,54.785667,36.632034,92.059441
2019-10-29,275.029602,54.769402,36.444386,92.067589
2019-10-30,275.873169,54.997246,36.606438,92.329704
2019-10-31,275.138458,54.867043,36.316452,92.690201
2019-11-01,277.687317,55.355331,36.862309,92.715630
2019-11-04,278.803009,55.640163,37.229057,92.485756
2019-11-05,278.494629,55.534367,37.442284,92.140923
2019-11-06,278.558044,55.509953,37.322872,92.280525
2019-11-07,279.537659,55.680859,37.595802,91.845383
2019-11-08,280.227081,55.648304,37.254635,91.796082
2019-11-11,279.691864,55.575062,36.990242,91.812531
2019-11-12,280.281494,55.599476,36.751434,91.911072
2019-11-13,280.372162,55.404163,36.469971,92.075287
2019-11-14,280.780273,55.249538,36.495556,92.337990
2019-11-15,282.812103,55.599476,36.785557,92.288704
2019-11-18,283.020782,55.664574,36.725849,92.461128
2019-11-19,282.939148,55.591339,36.802605,92.526817
2019-11-20,281.886993,55.241402,36.640553,92.748466
2019-11-21,281.433502,55.168152,36.563793,92.617142
2019-11-22,282.059265,55.322777,36.563793,92.666374
2019-11-25,284.245361,55.762234,36.930531,92.756676
2019-11-26,284.889313,55.729683,36.819660,92.888084
2019-11-27,286.159241,55.876167,36.862309,92.773125
2019-11-29,285.097992,55.485542,36.282341,92.658180
2019-12-02,282.676086,55.200706,36.273804,92.556152
2019-12-03,280.780273,54.997246,36.086170,92.975777
2019-12-04,282.512848,55.501812,36.359093,92.819458
2019-12-05,283.020782,55.396019,36.521149,92.712471
2019-12-06,285.605896,55.900589,36.734371,92.580856
2019-12-09,284.707916,55.607613,36.589382,92.630180
2019-12-10,284.390411,55.632023,36.717316,92.597298
2019-12-11,285.197754,55.925011,37.254635,92.844109
2019-12-12,287.655945,56.299358,37.902847,92.449142
2019-12-13,287.828186,56.689980,37.885784,92.819458
2019-12-16,289.805634,57.295700,38.207233,92.630180
2019-12-17,289.869049,56.966499,38.555679,92.638420
2019-12-18,289.887177,56.892429,38.764740,92.457420
2019-12-19,291.075439,56.892429,38.782169,92.557137
2019-12-20,292.351654,56.933586,38.860561,92.573631
2019-12-23,292.798218,57.024101,38.912830,92.507660
2019-12-24,292.807373,56.966499,38.825722,92.623077
2019-12-26,294.365997,57.213387,39.104485,92.705498
2019-12-27,294.293121,57.312149,39.261288,92.829117
2019-12-30,292.670654,56.884212,38.999950,92.829117
2019-12-31,293.381592,57.147560,39.087063,92.614830
2020-01-02,296.125336,57.723652,39.879772,92.870323
2020-01-03,293.882996,57.007637,39.139328,93.142326
2020-01-06,295.004150,57.229847,39.043507,93.068130
2020-01-07,294.174591,57.073486,39.017372,92.969223
2020-01-08,295.742493,57.238079,39.243862,92.862106
2020-01-09,297.747772,57.369759,39.505199,92.960983
2020-01-10,296.890961,57.155777,39.714256,93.117577
2020-01-13,298.932739,57.452053,40.332756,93.059891
2020-01-14,298.476990,57.509663,40.106270,93.142326
2020-01-15,299.151550,57.509663,39.792664,93.282425
2020-01-16,301.639954,57.748329,40.045292,93.282425
2020-01-17,302.578796,57.921143,40.271778,93.175301
2020-01-21,301.986298,57.460285,39.252567,93.439011
2020-01-22,302.022827,57.575512,39.574883,93.488464
2020-01-23,302.369141,57.435593,39.165459,93.612099
2020-01-24,299.680237,57.188690,38.851852,93.785172
2020-01-27,294.876495,56.003628,37.510334,94.073669
2020-01-28,297.966583,56.530315,37.823936,93.991211
2020-01-29,297.720428,56.538551,38.006878,94.205544
2020-01-30,298.686707,56.489170,37.440647,94.213791
2020-01-31,293.263092,55.534527,36.682777,94.493988
2020-02-03,295.441681,55.666191,37.092194,94.463425
2020-02-04,299.944580,56.596157,38.050430,94.149559
2020-02-05,303.408234,57.139317,38.268204,94.009140
2020-02-06,304.429230,57.295700,38.303047,94.067001
2020-02-07,302.806793,56.752522,37.771671,94.339539
2020-02-10,305.067291,56.867744,37.980736,94.446915
2020-02-11,305.596039,57.254536,38.477276,94.331276
2020-02-12,307.564850,57.452053,38.999950,94.232185
2020-02-13,307.236725,57.048794,38.485985,94.298264
2020-02-14,307.728943,56.950043,38.503407,94.397354
2020-02-18,306.935883,56.587929,38.250782,94.521263
2020-02-19,308.403412,56.777206,38.529549,94.496452
2020-02-20,307.136505,56.439793,37.928474,94.711205
2020-02-21,303.973419,56.176453,37.710697,94.901176
2020-02-24,293.892059,53.929714,36.299480,95.206787
2020-02-25,284.986511,53.040894,36.012012,95.371979
2020-02-26,283.938293,53.106735,36.299480,95.272858
2020-02-27,271.186127,51.534843,35.428360,95.289368
2020-02-28,270.046722,51.222115,35.297703,95.991447
2020-03-02,281.741516,51.880497,36.064281,95.957512
2020-03-03,273.674622,51.460777,35.820370,96.611336
2020-03-04,285.177948,52.999744,36.456276,96.536835
2020-03-05,275.698181,51.592453,35.689697,96.834816
2020-03-06,271.140533,50.818855,34.957962,97.546593
2020-03-09,249.966003,46.876793,32.571095,97.422447
2020-03-10,262.900421,48.605049,34.226227,96.321640
2020-03-11,250.084488,46.127884,32.632072,94.947762
2020-03-12,226.157059,41.058338,29.365385,91.148872
2020-03-13,245.490326,43.543739,31.482199,92.580711
2020-03-16,218.627914,39.050285,27.553459,94.128395
2020-03-17,230.432083,40.951363,29.452494,91.695114
2020-03-18,218.764618,38.605869,26.908831,88.202461
2020-03-19,219.229523,39.206642,27.117897,90.172218
2020-03-20,209.782013,38.721085,27.318256,91.066086
2020-03-23,204.418228,38.268452,26.664917,93.226250
2020-03-24,222.939240,41.510979,28.668489,93.995964
2020-03-25,226.276657,42.860668,29.678986,94.956055
2020-03-26,239.488907,44.778210,30.802725,95.245735
2020-03-27,232.355545,43.502590,29.051781,95.651268
2020-03-30,239.901474,44.383171,29.530895,95.742325
2020-03-31,236.325653,43.996372,29.731253,95.485710
2020-04-01,225.689819,42.045918,28.459417,95.161423
2020-04-02,230.897736,42.868896,29.417648,95.302429
2020-04-03,227.560303,41.889553,28.860132,95.368782
2020-04-06,242.844650,44.111591,30.436857,95.833298
2020-04-07,243.092239,44.358486,30.593657,95.965958
2020-04-08,251.252457,44.720596,30.907261,96.057259
2020-04-09,255.075729,45.732853,30.794016,97.251625
2020-04-13,252.747025,45.296680,30.837578,96.795425
2020-04-14,260.201233,46.103195,31.543175,96.845177
2020-04-15,254.672379,44.662994,30.733038,97.243362
2020-04-16,255.900955,44.687675,30.898552,97.367729
2020-04-17,262.814301,45.872765,31.586739,97.251625
2020-04-20,258.184113,45.189693,31.186024,97.110603
2020-04-21,250.344727,44.309116,30.323614,97.160378
2020-04-22,255.900955,45.058010,31.151175,97.160378
2020-04-23,255.882721,44.918110,31.037937,97.392616
2020-04-24,259.449249,45.436588,30.994379,97.342842
2020-04-27,263.190186,46.037354,31.621580,96.894951
2020-04-28,261.979889,46.383015,31.682560,97.276489
2020-04-29,268.838226,47.543407,32.605946,97.342842
2020-04-30,266.335083,46.555836,31.917759,97.127190
2020-05-01,259.284332,45.543571,30.767881,97.132210
2020-05-04,259.999390,45.527111,31.098913,97.215279
2020-05-05,262.401703,45.609409,31.273132,97.140503
2020-05-06,260.622955,45.313137,31.177309,96.749863
2020-05-07,263.767822,45.996208,31.429934,97.049080
2020-05-08,268.132172,46.778038,32.091984,96.791412
2020-05-11,268.187103,46.736885,31.882908,96.500542
2020-05-12,262.841766,46.144344,31.760962,96.749863
2020-05-13,258.193237,45.790462,31.699982,96.907745
2020-05-14,261.283081,45.354286,31.821934,97.206970
2020-05-15,262.484131,45.395439,31.386377,97.265167
2020-05-18,270.479462,47.230675,32.614651,97.123894
2020-05-19,267.701172,46.580528,32.353317,97.231918
2020-05-20,272.248993,47.551636,32.780174,97.481224
2020-05-21,270.369385,47.000237,32.405586,97.555992
2020-05-22,270.882751,46.868565,31.734821,97.605904
2020-05-26,274.220245,48.210026,32.431713,97.448021
2020-05-27,278.300354,48.794338,32.536247,97.589294
2020-05-28,277.786957,49.255192,32.309761,97.522850
2020-05-29,279.024719,49.082371,32.867283,97.780457
2020-06-01,280.152496,50.176941,33.625145,97.725517
2020-06-02,282.472198,50.646034,34.426582,97.808754
2020-06-03,286.231506,51.855801,35.228001,97.567307
2020-06-04,285.479492,51.633602,34.731472,97.275879
2020-06-05,292.796265,52.522419,35.646141,97.334190
2020-06-08,296.335388,53.205498,35.863918,97.442413
2020-06-09,294.125763,52.514194,35.620007,97.567307
2020-06-10,292.484497,52.398975,35.881340,97.966995
2020-06-11,275.623108,49.592617,34.008442,97.800430
2020-06-12,278.923859,50.448517,34.731472,97.900345
2020-06-15,281.527802,50.655510,34.416058,98.225098
2020-06-16,286.946533,51.281509,34.635094,98.033554
2020-06-17,285.754669,51.473476,34.968033,97.950325
2020-06-18,285.864655,51.198040,34.985558,98.050217
2020-06-19,284.230927,50.947643,34.976803,98.083534
2020-06-22,286.054291,51.556946,35.406124,98.058563
2020-06-23,287.371216,51.840725,35.747829,98.041862
2020-06-24,280.040802,50.513618,35.274696,98.025246
2020-06-25,283.042999,51.231426,35.423645,98.141830
2020-06-26,276.320312,50.488575,34.994320,98.258362
2020-06-29,280.381561,50.897560,35.152035,98.341621
2020-06-30,283.973022,50.805752,35.038132,98.424896
2020-07-01,285.962250,50.997719,35.432404,98.477455
2020-07-02,287.537079,51.556946,36.238491,98.594276
2020-07-06,291.975800,52.399956,37.798073,98.585899
2020-07-07,288.964478,51.632065,37.167229,98.736038
2020-07-08,291.174561,52.066086,38.131023,98.702675
2020-07-09,289.516937,51.473476,38.131023,98.961327
2020-07-10,292.473053,52.024357,37.885689,98.844505
2020-07-13,289.940552,51.690483,37.631607,98.836174
2020-07-14,293.697906,52.450027,37.684166,98.994644
2020-07-15,296.396240,53.042637,37.798073,99.003014
2020-07-16,295.420105,52.700432,37.263607,99.069748
2020-07-17,296.276459,53.009251,37.473885,99.169853
2020-07-20,298.670837,53.267998,37.955788,99.278267
2020-07-21,299.306274,53.376503,38.306255,99.336693
2020-07-22,301.010040,53.518394,38.139778,99.420074
2020-07-23,297.418365,53.092716,37.833122,99.536888
2020-07-24,295.502930,52.800587,37.798073,99.503563
2020-07-27,297.657776,53.493355,38.385117,99.436775
2020-07-28,295.769989,53.151154,38.069679,99.503563
2020-07-29,299.407654,53.710365,38.683018,99.620293
2020-07-30,298.339355,52.917442,38.192348,99.695381
2020-07-31,300.696899,51.790653,37.929504,99.737076
2020-08-03,302.787384,52.800587,38.192348,99.776375
2020-08-04,303.956940,53.092716,38.700527,99.968544
2020-08-05,305.844788,53.267998,39.121090,99.776375
2020-08-06,307.889191,53.326424,39.243763,99.918411
2020-08-07,308.110260,53.109417,38.437683,99.801468
2020-08-10,309.031158,53.284691,38.534058,99.709511
2020-08-11,306.480194,53.476665,38.428921,99.433762
2020-08-12,310.753204,54.661880,38.945858,99.233231
2020-08-13,310.191498,54.419827,38.831955,98.865517
2020-08-14,310.200684,54.085968,38.761868,98.773636
2020-08-17,311.186188,54.494953,39.252518,98.907333
2020-08-18,311.858368,54.461559,39.208710,99.049370
2020-08-19,310.559814,54.219509,38.726814,98.898956
2020-08-20,311.526917,54.044231,38.604156,99.074455
2020-08-21,312.631927,53.768799,38.796909,99.174713
2020-08-24,315.799896,54.478249,39.226238,99.132919
2020-08-25,316.904999,54.511635,39.620518,98.924042
2020-08-26,320.082153,54.828804,39.725658,98.907333
2020-08-27,320.781952,54.269581,39.392704,98.564690
2020-08-28,322.854004,54.653538,39.909649,98.698387
2020-08-31,321.684509,54.236206,39.024719,98.915672
2020-09-01,324.714355,54.294636,39.690609,99.120735
2020-09-02,329.411011,55.020786,39.585468,99.321625
2020-09-03,318.074554,53.777145,38.831955,99.346733
2020-09-04,315.477631,53.852257,38.849476,98.852882
2020-09-08,306.857849,53.192883,38.174831,98.961693
2020-09-09,312.917358,54.186119,38.744339,98.953346
2020-09-10,307.484039,53.551781,38.122257,98.961693
2020-09-11,307.640625,54.085968,38.490246,99.078857
2020-09-14,311.692627,54.378094,39.112331,99.087257
2020-09-15,313.267395,54.728653,39.524132,99.095627
2020-09-16,312.024170,54.728653,39.471565,99.045403
2020-09-17,309.279785,54.803772,39.313854,99.070526
2020-09-18,305.719116,54.361401,39.007195,98.953346
2020-09-21,302.316681,52.984219,38.647964,98.970085
2020-09-22,305.395538,52.967518,38.358826,99.045403
2020-09-23,298.313171,52.525150,37.763023,98.836166
2020-09-24,299.108215,52.475071,37.587795,98.844505
2020-09-25,303.943909,52.650349,37.622841,98.877983
2020-09-28,308.992279,53.443275,38.043400,98.961693
2020-09-29,307.309448,53.384850,38.017109,98.978439
2020-09-30,309.639465,53.126110,38.630440,98.819389
2020-10-01,311.627350,53.434925,38.989666,98.955208
2020-10-02,308.668640,53.326424,38.542820,98.854584
2020-10-05,314.142273,54.136044,39.059761,98.536003
2020-10-06,309.676392,53.560127,39.129848,98.619850
2020-10-07,315.066925,54.019196,39.559174,98.552795
2020-10-08,317.859222,54.394787,39.883358,98.678513
2020-10-09,320.697693,54.820473,40.154976,98.703751
2020-10-12,325.856934,55.137634,40.505447,98.896553
2020-10-13,323.730377,54.519981,40.338974,98.921654
2020-10-14,321.696228,54.428177,40.067364,98.980354
2020-10-15,321.298706,53.785488,39.778225,98.896553
2020-10-16,321.104492,54.035881,39.918415,98.846245
2020-10-19,316.222656,53.835567,39.804508,98.728844
2020-10-20,317.489349,54.102661,40.242596,98.644989
2020-10-21,316.888336,53.843914,40.356499,98.527596
2020-10-22,318.626587,53.885639,40.347740,98.351555
2020-10-23,319.708405,54.236206,40.584305,98.494080
2020-10-26,313.800232,53.259655,40.058601,98.628235
2020-10-27,312.718414,52.842319,40.233826,98.854584
2020-10-28,302.030029,51.264809,39.226238,98.712067
2020-10-29,305.099701,51.506863,39.620518,98.536003
2020-10-30,301.919098,51.239773,39.173660,98.267693
2020-11-02,305.303192,51.907501,39.673080,98.445717
2020-11-03,310.693573,53.267998,39.848316,98.403748
2020-11-04,317.637299,53.852257,41.101242,99.058823
2020-11-05,323.832092,55.145985,41.802181,99.151184
2020-11-06,323.758118,55.262836,41.994934,98.932884
2020-11-09,327.826416,56.873730,42.284073,98.470932
2020-11-10,327.345551,57.382874,41.802181,98.311356
2020-11-11,329.777191,57.866974,42.073795,98.370155
2020-11-12,326.578156,57.023972,41.758369,98.781685
2020-11-13,331.099365,57.900364,42.345409,98.798454
2020-11-16,335.232452,58.501312,42.871113,98.790070
2020-11-17,333.429504,58.442890,42.827305,98.991631
2020-11-18,329.416687,58.134064,42.678349,99.058823
2020-11-19,330.803528,58.543041,42.748447,99.243591
2020-11-20,328.538269,58.718323,42.985016,99.344337
2020-11-23,330.507721,58.643208,43.098907,99.319160
2020-11-24,335.833405,59.519600,43.677189,99.184814
2020-11-25,335.315613,59.444485,43.431862,99.151184
2020-11-27,336.249512,59.853466,43.843662,99.319160
2020-11-30,334.760834,58.551392,42.695877,99.453568
2020-12-01,338.422272,59.928589,43.537003,99.138863
2020-12-02,339.134186,59.936939,43.598335,99.029556
2020-12-03,339.041779,60.037086,44.097755,99.197792
2020-12-04,341.963501,60.546230,44.553364,98.928574
2020-12-07,341.260864,60.053772,44.553364,99.080009
2020-12-08,342.259430,60.262444,44.570881,99.088417
2020-12-09,339.189728,60.345909,44.185368,98.945389
2020-12-10,339.078735,60.429382,44.754879,99.189369
2020-12-11,338.681213,60.245766,44.439457,99.298752
2020-12-14,337.164856,60.282822,44.208420,99.239868
2020-12-15,341.723175,60.898056,44.686440,99.298752
2020-12-16,342.259430,61.134026,44.898891,99.256699
2020-12-17,344.173370,61.563843,45.191021,99.252434
2020-12-18,342.799042,61.243584,45.137905,99.201920
2020-12-21,341.573364,60.459805,44.473988,99.201920
2020-12-22,340.997650,60.308117,44.119892,99.345116
2020-12-23,341.304108,60.957054,44.571354,99.277756
2020-12-24,342.631897,60.982330,44.376610,99.370399
2020-12-28,345.575378,61.479572,44.500538,99.387230
2020-12-29,344.916199,61.875645,45.164463,99.404060
2020-12-30,345.408264,61.959930,45.766422,99.463028
2020-12-31,347.163269,61.487984,45.739861,99.538818
2021-01-04,342.436981,61.808239,46.031990,99.412514
2021-01-05,344.795441,62.448734,47.138531,99.311409
2021-01-06,346.856812,63.165077,46.740173,98.822960
2021-01-07,352.010193,63.232506,47.182789,98.721893
2021-01-08,354.015839,63.822430,48.430965,98.603989
2021-01-11,351.629425,62.988106,47.775898,98.443954
2021-01-12,351.703827,63.274643,48.245064,98.528175
2021-01-13,352.650879,63.190372,48.351292,98.839790
2021-01-14,351.415985,63.696022,48.802761,98.646103
2021-01-15,348.853241,62.701576,48.112278,98.747139
2021-01-19,351.592377,63.156654,48.908989,98.881897
2021-01-20,356.457886,63.586472,49.767662,98.890327
2021-01-21,356.782867,63.637032,49.856182,98.747139
2021-01-22,355.520142,63.333633,49.422421,98.747139
2021-01-25,356.922150,63.257782,49.794220,98.999809
2021-01-26,356.365051,63.350487,49.431271,98.966118
2021-01-27,347.655365,61.900940,48.059162,98.974541
2021-01-28,350.645233,62.297035,48.395557,98.907173
2021-01-29,343.625488,61.007610,47.191639,98.797623
2021-02-01,349.345245,61.732380,48.466381,98.892143
2021-02-02,354.285095,62.356030,49.094887,98.740326
2021-02-03,354.563721,62.507732,49.342758,98.622185
2021-02-04,358.593567,62.575138,49.360451,98.580025
2021-02-05,360.004944,62.962811,49.785370,98.453491
2021-02-08,362.604889,63.401081,49.873894,98.554695
2021-02-09,362.363434,63.746593,50.405025,98.596901
2021-02-10,362.205536,63.527473,50.582073,98.689705
2021-02-11,362.790527,63.957272,51.122059,98.571632
2021-02-12,364.582642,64.311234,51.166321,98.343826
2021-02-16,364.266907,64.774757,51.290260,97.879852
2021-02-17,364.350464,64.395531,51.307961,98.073914
2021-02-18,362.799835,64.075264,50.599785,98.023239
2021-02-19,362.159119,64.260681,50.927315,97.719582
2021-02-22,359.373505,64.100555,49.431271,97.415886
2021-02-23,359.809967,64.159546,49.652580,97.441223
2021-02-24,363.774841,64.361801,49.333900,97.407433
2021-02-25,355.009369,63.266209,48.209656,96.513283
2021-02-26,353.180145,62.372894,47.563435,97.297821
2021-03-01,361.741302,63.544327,48.838161,97.247086
2021-03-02,358.918610,63.476910,48.360142,97.264030
2021-03-03,354.164429,63.089237,48.262772,96.909111
2021-03-04,349.781769,62.490871,47.138531,96.630272
2021-03-05,356.216522,62.895397,47.651966,96.562691
2021-03-08,354.442993,62.676285,46.368378,96.182449
2021-03-09,359.503571,63.519054,47.386395,96.545792
2021-03-10,361.741302,63.788746,47.173943,96.706337
2021-03-11,365.409027,64.125824,48.661121,96.697899
2021-03-12,365.901215,64.285957,47.793602,96.148674
2021-03-15,368.083313,64.336517,47.908676,96.250046
2021-03-16,367.618958,64.446083,48.112278,96.216255
2021-03-17,368.872467,64.825317,48.174248,96.207787
2021-03-18,363.505524,64.235390,47.289009,95.836006
2021-03-19,362.832977,64.412384,47.873268,95.912056
2021-03-22,365.730164,64.471359,47.731628,96.097977
2021-03-23,362.851562,63.578037,46.819843,96.343010
2021-03-24,361.007050,63.257782,45.748722,96.461319
2021-03-25,363.037964,63.729740,45.961166,96.410614
2021-03-26,368.888245,64.555634,47.156235,96.250046
2021-03-29,368.701996,64.302826,46.828697,96.089523
2021-03-30,367.723724,64.218529,46.979191,96.165527
2021-03-31,369.214355,63.940411,47.218197,96.182449
2021-04-01,373.201416,64.774757,47.678513,96.505699
2021-04-05,378.558014,65.718666,47.864414,96.311058
2021-04-06,378.334503,65.019165,48.129986,96.649597
2021-04-07,378.772308,65.153992,47.421799,96.497253
2021-04-08,380.570251,65.524811,47.811295,96.734200
2021-04-09,383.337036,65.727089,47.404091,96.624184
2021-04-12,383.476898,65.364693,47.120823,96.598801
2021-04-13,384.613342,65.743942,47.315578,96.878067
2021-04-14,383.299866,65.794510,47.554588,96.801895
2021-04-15,387.417450,66.342308,47.988346,97.182693
2021-04-16,388.712372,66.822678,48.112278,96.928818
2021-04-19,386.802612,66.704697,47.935234,96.852684
2021-04-20,383.970581,65.507957,47.545727,97.005013
2021-04-21,387.603699,66.182182,47.837860,97.098106
2021-04-22,384.063721,65.963058,47.669659,97.123466
2021-04-23,388.227905,66.637260,48.360142,97.106544
2021-04-26,389.038361,66.687836,48.422115,97.021942
2021-04-27,388.954498,66.468727,48.395557,96.784966
2021-04-28,388.842743,66.637260,48.758492,96.835770
2021-04-29,391.320740,66.662544,48.643421,96.784966
2021-04-30,388.749603,65.828224,47.784744,96.886543
2021-05-03,389.588043,66.553001,47.784744,96.948387
2021-05-04,387.184509,65.566956,47.244751,97.067070
2021-05-05,387.305634,66.460289,47.466061,97.143349
2021-05-06,390.398438,67.008087,47.917534,97.160278
2021-05-07,393.239716,67.766571,48.413254,97.134872
2021-05-10,389.345795,67.404182,47.545727,96.982307
2021-05-11,385.870941,66.519272,47.412952,96.770409
2021-05-12,377.673065,65.457397,46.102810,96.431389
2021-05-13,382.209808,65.946205,46.040836,96.651741
2021-05-14,388.078827,67.050224,46.872955,96.872124
2021-05-17,387.091461,66.923813,46.828697,96.787369
2021-05-18,383.756287,67.067085,47.457211,96.668724
2021-05-19,382.750153,66.477150,47.315578,96.533096
2021-05-20,386.867798,67.353600,47.589993,96.863632
2021-05-21,386.551117,67.446304,47.041153,96.906021
2021-05-24,390.491669,67.859283,47.430649,96.999252
2021-05-25,389.625244,67.876129,47.899822,97.236565
2021-05-26,390.398438,67.833977,48.253918,97.202667
2021-05-27,390.603455,67.960396,48.262772,97.084015
2021-05-28,391.302155,68.120544,48.572598,97.084015
2021-06-01,390.957458,68.364937,49.572910,97.038979
2021-06-02,391.572327,68.592484,49.652580,97.166321
2021-06-03,390.118988,68.255371,49.121441,96.937141
2021-06-04,393.686981,68.836891,49.564064,97.336075
2021-06-07,393.304993,69.064415,49.316189,97.268211
2021-06-08,393.388885,69.030708,49.077190,97.446388
2021-06-09,392.801971,68.845314,48.935543,97.641632
2021-06-10,394.627869,69.034966,49.327644,97.845345
2021-06-11,395.279968,69.197273,49.158710,97.802902
2021-06-14,396.164978,69.316864,49.292080,97.556763
2021-06-15,395.438354,69.402306,48.954216,97.599197
2021-06-16,393.230469,68.975166,48.287380,97.285133
2021-06-17,393.100067,68.496750,48.554119,97.590721
2021-06-18,387.797058,67.078644,48.216251,97.853836
2021-06-21,393.348755,67.958557,48.420753,97.599197
2021-06-22,395.451599,67.967094,48.198475,97.701042
2021-06-23,394.974945,67.531425,48.491879,97.650131
2021-06-24,397.311554,68.180672,48.936432,97.684074
2021-06-25,398.722778,68.325890,49.345421,97.488853
2021-06-28,399.526581,67.890213,49.389874,97.768951
2021-06-29,399.741547,67.907295,49.354309,97.819847
2021-06-30,400.078033,67.386185,49.034233,97.887817
2021-07-01,402.293152,67.548500,48.758610,97.833374
2021-07-02,405.368011,67.779144,48.705265,98.045853
2021-07-06,404.629578,67.334923,47.851723,98.360329
2021-07-07,406.059601,67.702271,47.798370,98.530312
2021-07-08,402.751068,66.830894,46.802574,98.640778
2021-07-09,407.050323,67.967094,47.611660,98.317833
2021-07-12,408.508423,68.257568,47.656120,98.258354
2021-07-13,407.115845,67.898758,47.700577,98.045853
2021-07-14,407.723328,68.052536,47.905071,98.377327
2021-07-15,406.330780,67.403275,48.020649,98.589813
2021-07-16,403.143616,66.907784,47.647236,98.504799
2021-07-19,397.190033,65.694702,46.847038,99.023270
2021-07-20,402.881958,66.173096,46.998177,98.929794
2021-07-21,406.143829,67.181145,47.300476,98.606804
2021-07-22,406.994263,67.206795,47.389389,98.836304
2021-07-23,411.181488,67.676628,46.686989,98.768295
2021-07-26,412.190826,67.770615,45.797882,98.683296
2021-07-27,410.312286,67.497238,44.873222,98.912766
2021-07-28,410.143982,67.787697,46.091290,99.006294
2021-07-29,411.844940,68.257568,46.322453,98.844788
2021-07-30,409.844940,67.907295,45.877907,98.980774
2021-08-02,408.985046,68.249016,46.206879,99.190979
2021-08-03,412.312256,68.735962,46.402481,99.225037
2021-08-04,410.284210,68.530930,46.642544,99.216537
2021-08-05,412.882507,68.864090,46.571407,98.995247
2021-08-06,413.564697,68.607819,46.180199,98.552635
2021-08-09,413.228271,68.573647,46.331356,98.373909
2021-08-10,413.742310,68.727409,46.393589,98.246231
2021-08-11,414.770386,69.197273,46.518059,98.339859
2021-08-12,416.013519,69.137474,46.109074,98.348366
2021-08-13,416.770538,69.556076,45.993484,98.705849
2021-08-16,417.751892,69.197273,45.575603,98.756912
2021-08-17,415.013550,68.548012,44.739849,98.680298
2021-08-18,410.471100,68.283188,44.810986,98.688820
2021-08-19,411.106720,67.608299,44.046352,98.859024
2021-08-20,414.377899,67.873131,44.010784,98.867584
2021-08-23,418.022949,68.505310,44.677612,98.867584
2021-08-24,418.686523,68.650528,45.691193,98.722885
2021-08-25,419.565063,68.676155,45.744537,98.535614
2021-08-26,417.088379,68.317368,45.308876,98.544151
2021-08-27,420.817505,68.940979,45.869015,98.816490
2021-08-30,422.668091,68.923904,45.966820,98.927132
2021-08-31,422.041809,68.889732,46.598083,98.782463
2021-09-01,422.266174,69.513359,47.193783,98.813972
2021-09-02,423.565216,69.795280,46.980400,98.916267
2021-09-03,423.462524,70.111359,47.229343,98.745789
2021-09-07,421.948364,70.162605,47.504974,98.481567
2021-09-08,421.434326,69.607338,46.811466,98.643547
2021-09-09,419.630524,69.487732,46.722553,98.958885
2021-09-10,416.321930,69.333954,46.669212,98.762848
2021-09-13,417.387390,69.880714,46.793678,98.890686
2021-09-14,415.135010,69.590248,46.402481,99.112305
2021-09-15,418.602448,69.795280,46.393589,99.018547
2021-09-16,417.938843,69.684227,45.869015,98.848083
2021-09-17,413.867706,68.770126,45.673412,98.762848
2021-09-20,406.966797,67.497238,44.446453,98.950348
2021-09-21,406.582275,68.163574,44.775414,98.992989
2021-09-22,410.548431,68.505310,45.335548,99.027061
2021-09-23,415.536652,69.248528,45.691193,98.541229
2021-09-24,416.221100,68.599274,45.148838,98.370781
2021-09-27,415.030304,68.556549,45.442242,98.234390
2021-09-28,406.666718,67.061546,44.855434,97.825249
2021-09-29,407.351196,66.907784,44.437550,97.893425
2021-09-30,402.372345,66.642967,44.793194,97.876404
2021-10-01,407.154236,66.805275,44.748741,98.175171
2021-10-04,401.903625,66.104752,44.090805,98.106865
2021-10-05,406.085480,66.557526,44.401993,97.876389
2021-10-06,407.773102,66.113289,44.153038,97.919083
2021-10-07,411.298584,66.625862,45.015469,97.645905
2021-10-08,410.548431,66.617340,45.184410,97.432449
2021-10-11,407.576202,66.403748,45.095493,97.278801
2021-10-12,406.572937,66.437904,44.864319,97.637344
2021-10-13,408.035645,67.095734,45.486698,97.859344
2021-10-14,414.899078,67.762062,45.628948,98.047134
2021-10-15,418.058868,68.325890,46.180199,97.808067
2021-10-18,419.296570,68.035439,46.064621,97.739822
2021-10-19,422.531250,68.445503,46.678101,97.458092
2021-10-20,424.190948,68.684700,46.669212,97.389771
2021-10-21,425.297333,68.360062,46.366920,97.184898
2021-10-22,424.856628,68.770126,46.269112,97.372719
2021-10-25,427.135101,68.633438,46.509178,97.466637
2021-10-26,427.519562,68.770126,46.269112,97.645905
2021-10-27,425.625519,68.496750,45.895691,97.970291
2021-10-28,429.732269,69.163109,45.940144,97.893440
2021-10-29,430.604279,68.761574,45.273315,97.867859
2021-11-01,431.344971,69.427933,45.628948,97.807976
2021-11-02,433.088989,69.282700,45.219967,98.004662
2021-11-03,435.733093,69.846542,45.433357,97.807976
2021-11-04,437.786499,69.803810,45.326656,98.132896
2021-11-05,439.305450,69.906326,45.273315,98.517685
2021-11-08,439.680511,69.897797,45.691193,98.338142
2021-11-09,438.227051,69.744011,45.513371,98.611740
2021-11-10,434.701752,68.898270,45.326656,97.944817
2021-11-11,434.842316,69.146011,46.109074,97.765251
2021-11-12,438.124054,69.521896,46.233555,97.748146
2021-11-15,438.274078,69.393768,46.082405,97.389030
2021-11-16,440.008667,69.239983,46.144642,97.354805
2021-11-17,438.939758,69.154541,45.904587,97.585686
2021-11-18,440.430634,69.222900,45.344444,97.671196
2021-11-19,439.642914,68.633438,45.273315,97.859322
2021-11-22,438.405365,68.231926,44.908779,97.389030
2021-11-23,438.986633,68.163574,44.864319,97.004257
2021-11-24,440.158661,67.710800,44.802090,97.226585
2021-11-26,430.341797,65.891190,43.299492,97.919159
2021-11-29,435.620575,66.224373,43.468422,97.970444
2021-11-30,427.144379,65.643417,43.423973,98.132896
2021-12-01,422.400146,65.267555,43.584011,98.151741
2021-12-02,428.869659,66.079124,44.117477,98.134628
2021-12-03,425.137878,65.805756,43.495094,98.528481
2021-12-06,430.173004,66.437904,43.832954,98.186012
2021-12-07,439.071075,67.838959,44.526466,98.031868
2021-12-08,440.233673,67.967094,44.704285,97.775002
2021-12-09,437.261444,67.403275,44.490898,97.783569
2021-12-10,441.377533,67.548500,44.526466,97.809273
2021-12-13,437.467651,66.915756,43.820324,98.151741
2021-12-14,434.457794,66.559402,43.721130,97.963402
2021-12-15,441.246399,67.463318,43.594856,97.886360
2021-12-16,437.355255,67.472008,43.648979,98.020897
2021-12-17,432.700439,66.620255,43.432529,98.140884
2021-12-20,428.099396,66.472488,42.783207,97.995201
2021-12-21,435.702057,67.211273,43.504688,97.918037
2021-12-22,440.058441,67.837059,43.712101,98.003777
2021-12-23,442.796600,68.236870,43.937569,97.883736
2021-12-27,449.063019,68.767044,44.135963,97.935181
2021-12-28,448.696075,68.793121,43.991676,97.892296
2021-12-29,449.270020,68.767044,43.793270,97.600906
2021-12-30,448.028015,68.586769,44.294960,97.815170
2021-12-31,446.898926,68.525795,44.078396,97.780891
2022-01-03,449.486450,68.969978,44.394215,97.112335
2022-01-04,449.335968,69.361900,44.240818,97.103752
2022-01-05,440.707703,68.752243,43.518963,96.803764
2022-01-06,440.293701,68.403877,43.717476,96.700935
2022-01-07,438.552887,68.604179,44.114494,96.418045
2022-01-10,438.007324,67.968391,44.114494,96.332336
2022-01-11,441.996765,68.708687,45.134121,96.512314
2022-01-12,443.191742,69.379318,45.883045,96.512314
2022-01-13,437.085175,68.874184,45.233376,96.683746
2022-01-14,437.263977,68.804497,45.215324,96.143776
2022-01-18,429.520142,67.794197,44.412262,95.560913
2022-01-19,425.060242,67.733223,44.601753,95.766617
2022-01-20,420.355560,67.402275,44.863426,95.818062
2022-01-21,412.103729,66.487778,44.213753,96.195221
2022-01-24,413.853821,65.825874,43.591148,96.083794
2022-01-25,408.801147,65.425247,43.509945,95.989487
2022-01-26,407.775543,65.172668,42.959522,95.449501
2022-01-27,405.761963,64.867844,42.463249,95.766617
2022-01-28,415.839203,65.085564,42.670784,95.835205
2022-01-31,423.328857,66.034897,44.069378,95.826660
2022-02-01,426.189301,66.661972,44.340073,95.793175
2022-02-02,430.329376,67.158409,44.267887,95.896179
2022-02-03,420.214447,66.095856,43.798683,95.509888
2022-02-04,422.190491,66.252632,43.906960,94.909050
2022-02-07,420.835449,66.365845,43.816727,94.994896
2022-02-08,424.298096,66.705521,44.240818,94.703049
2022-02-09,430.508148,67.785492,44.935608,94.763123
2022-02-10,422.773834,66.923248,44.637844,93.887596
2022-02-11,414.437195,65.912971,43.961102,94.505653
2022-02-14,413.082306,65.486206,43.654316,93.956253
2022-02-15,419.743958,66.688103,44.601753,93.801765
2022-02-16,420.214447,66.940689,44.926582,93.913315
2022-02-17,411.238129,65.860718,44.403240,94.110794
2022-02-18,408.575317,65.582016,43.961102,94.308197
2022-02-22,404.190643,64.815582,43.338497,94.205185
2022-02-23,397.020782,64.284309,42.833202,93.784622
2022-02-24,402.995697,63.422070,41.948925,93.956253
2022-02-25,411.887329,65.007179,42.724918,94.050705
2022-02-28,410.833466,63.770451,42.165482,94.728806
2022-03-01,404.576355,62.376938,41.606037,95.262627
2022-03-02,412.019073,63.160782,41.678226,94.119324
2022-03-03,409.967865,61.915329,41.091717,94.437408
2022-03-04,406.636993,60.121197,40.261581,94.815620
2022-03-07,394.649628,58.213825,38.754711,94.265480
2022-03-08,391.657593,58.718967,38.881031,93.930229
2022-03-09,402.158234,61.175034,39.981861,93.732513
2022-03-10,400.342346,60.443455,39.232937,93.208138
2022-03-11,395.251862,59.790237,38.411823,93.190956
2022-03-14,392.363251,60.338928,37.482430,92.288353
2022-03-15,400.991425,60.913754,37.536568,92.494637
2022-03-16,409.883118,63.099808,40.559357,92.563423
2022-03-17,415.011169,63.631084,40.351810,92.718147
2022-03-18,419.556732,64.249458,40.929298,92.924469
2022-03-21,419.433990,63.848839,40.297676,92.013283
2022-03-22,424.341980,64.449776,41.028557,91.763992
2022-03-23,418.877197,63.613670,40.757854,92.142227
2022-03-24,425.191437,64.205925,40.974415,91.935890
2022-03-25,427.267883,64.240753,40.649582,91.205238
2022-03-28,430.307159,64.031731,40.784935,91.428711
2022-03-29,435.630310,65.451363,41.479721,91.858543
2022-03-30,432.940399,65.181374,41.362415,92.107796
2022-03-31,426.276886,64.101418,40.739815,92.064857
2022-04-01,427.484985,64.702354,41.416557,91.901299
2022-04-04,431.147125,64.963631,42.147438,91.978775
2022-04-05,425.701141,64.083992,41.371437,91.049004
2022-04-06,421.444366,63.317554,40.830044,90.816536
2022-04-07,423.568024,63.456898,40.505215,90.618530
2022-04-08,422.435394,63.483032,40.541302,90.162277
2022-04-11,415.214996,62.812428,40.035999,89.774864
2022-04-12,413.676575,62.342098,39.909683,90.058952
2022-04-13,418.414673,63.012730,40.433025,90.239761
2022-04-14,413.204620,62.725311,39.909683,89.507980
2022-04-18,413.374573,62.359520,39.774326,89.232521
2022-04-19,420.047516,62.655632,39.575817,88.690102
2022-04-20,419.736023,63.073696,39.341217,89.198029
2022-04-21,413.459534,62.394348,38.583263,88.707344
2022-04-22,402.114502,61.375362,38.240379,88.621239
2022-04-25,404.445801,61.079239,37.960655,89.215256
2022-04-26,392.732697,59.372181,37.130524,89.490730
2022-04-27,393.836975,59.642178,37.563644,89.129173
2022-04-28,403.785126,60.486992,38.105038,89.094711
2022-04-29,388.862946,59.781528,38.240379,88.560989
2022-05-02,391.203705,59.633465,38.186245,88.078896
2022-05-03,392.997009,60.077644,38.465961,88.277229
2022-05-04,404.964844,61.131485,38.881031,88.846420
2022-05-05,390.571320,59.163158,37.446342,87.966766
2022-05-06,388.240021,58.588333,36.932011,87.595924
2022-05-09,375.809662,56.820324,35.867283,88.027161
2022-05-10,376.678009,57.247089,36.038723,88.294495
2022-05-11,370.694000,56.907417,35.786072,88.622177
2022-05-12,370.307037,56.768059,35.551472,88.786095
2022-05-13,379.160309,58.344460,36.535000,88.406631
2022-05-16,377.621887,58.396732,36.390625,88.604965
2022-05-17,385.389648,59.485405,37.283924,88.122025
2022-05-18,369.853973,58.065769,36.390625,88.475571
2022-05-19,367.588806,58.623173,36.968113,88.699867
2022-05-20,367.749207,59.023808,37.121502,88.967178
2022-05-23,374.629761,60.025383,37.401226,88.673958
2022-05-24,371.770050,59.929588,36.751556,89.355247
2022-05-25,375.054565,59.947010,36.932011,89.726135
2022-05-26,382.548676,60.608917,37.509502,89.657112
2022-05-27,391.939911,61.340523,37.942623,89.803726
2022-05-31,389.740723,60.974720,38.474987,89.234550
2022-06-01,386.588287,60.330223,38.204288,88.868233
2022-06-02,393.950287,61.584377,38.862976,88.980507
2022-06-03,387.485016,60.704731,38.231361,88.833656
2022-06-06,388.664764,60.948597,38.438889,88.289345
2022-06-07,392.392975,61.131485,38.556190,88.626289
2022-06-08,388.126770,60.277962,38.763733,88.263443
2022-06-09,378.895996,59.012093,37.846462,88.168373
2022-06-10,367.909729,57.587749,37.427868,87.485840
2022-06-13,353.940765,55.682701,36.117481,86.051666
2022-06-14,352.874237,55.157478,36.617973,85.541901
2022-06-15,357.904907,56.190117,37.100269,86.492271
2022-06-16,346.059723,54.952721,35.962784,86.699638
2022-06-17,346.805725,54.730167,36.099277,86.691002
2022-06-21,355.536133,55.558067,36.681675,86.345383
2022-06-22,354.891510,55.184185,36.026482,87.079765
2022-06-23,358.370453,55.121861,36.135677,87.442635
2022-06-24,369.764343,56.768757,36.991074,87.304428
2022-06-27,368.351898,56.528404,37.036575,86.915619
2022-06-28,360.825439,56.145603,36.809074,86.950195
2022-06-29,360.531677,55.931961,36.663475,87.451286
2022-06-30,357.602570,55.629292,36.490578,87.848717
2022-07-01,361.384735,55.762814,36.263081,88.580956
2022-07-05,362.067200,54.569935,35.980980,88.745422
2022-07-06,363.290100,54.614441,35.762581,88.148216
2022-07-07,368.731079,55.442341,36.481472,87.949127
2022-07-08,368.427826,55.504658,36.481472,87.620201
2022-07-11,364.218994,54.605541,35.507790,88.027023
2022-07-12,360.996063,54.596645,35.371288,88.148216
2022-07-13,359.100250,54.569935,35.289391,88.468452
2022-07-14,358.228180,53.804348,34.970894,88.156822
2022-07-15,365.072113,54.658962,35.152893,88.503090
2022-07-18,362.057739,54.881508,35.398590,88.217445
2022-07-19,371.840271,56.377064,35.980980,88.096275
2022-07-20,374.210052,56.003174,35.826279,88.035698
2022-07-21,378.020721,56.581814,36.235779,88.771400
2022-07-22,374.513489,56.439377,35.871784,89.463852
2022-07-25,374.968445,56.875576,35.999184,89.134949
2022-07-26,370.532196,56.083294,35.717087,89.117638
2022-07-27,380.153564,57.409706,36.381374,89.429230
2022-07-28,384.921600,57.703476,36.536072,90.069717
2022-07-29,390.533234,58.504673,36.363178,90.078400
2022-08-01,389.376831,58.584774,36.053776,90.390579
2022-08-02,386.807953,57.650070,35.880882,89.462654
2022-08-03,392.865112,57.988346,36.162987,89.861603
2022-08-04,392.599762,58.282120,36.417778,90.078415
2022-08-05,391.936188,57.872608,36.454178,89.072403
2022-08-08,391.481232,58.006149,36.499676,89.479973
2022-08-09,389.926605,57.694572,36.363178,89.280548
2022-08-10,398.116547,58.994282,36.818172,89.506004
2022-08-11,398.116547,58.976479,36.963764,89.029053
2022-08-12,404.856323,59.430485,37.355064,89.427979
2022-08-15,406.524628,59.074398,37.182171,89.540718
2022-08-16,407.320892,59.056595,37.173065,89.410629
2022-08-17,404.429718,58.584774,37.018368,88.881638
2022-08-18,405.605194,58.388939,36.809074,89.072403
2022-08-19,400.154694,57.587749,36.308575,88.448021
2022-08-22,391.822388,56.608517,35.990082,88.066444
2022-08-23,390.874512,56.635220,36.181179,88.031769
2022-08-24,392.125763,56.706440,36.172085,87.797562
2022-08-25,397.661591,57.329590,36.954670,88.283249
2022-08-26,384.201141,55.825127,36.408680,88.118469
2022-08-29,381.660797,55.700500,36.181179,87.693527
2022-08-30,377.470886,55.299904,35.753487,87.806274
2022-08-31,374.598724,54.926018,35.880882,87.337944
2022-09-01,375.774170,54.187141,35.598785,86.959091
2022-09-02,371.811859,53.831059,35.271187,87.211105
2022-09-06,370.408875,53.697529,34.852596,86.394241
2022-09-07,377.063293,54.169338,35.161991,86.993851
2022-09-08,379.527924,54.204945,34.970894,86.715775
2022-09-09,385.423981,55.584774,35.489590,86.707100
2022-09-12,389.566437,56.359261,36.017384,86.576729
2022-09-13,372.627075,54.400791,34.907196,86.090111
2022-09-14,374.049011,54.578835,35.080097,86.203079
2022-09-15,369.802277,54.098122,34.706993,85.942398
2022-09-16,366.981079,53.768745,34.388496,85.881561
2022-09-19,369.826935,53.955688,34.497696,85.751205
2022-09-20,365.581970,53.038773,34.306602,85.368851
2022-09-21,359.204803,52.344402,33.733307,85.638222
2022-09-22,356.187531,52.193069,33.569508,84.725784
2022-09-23,350.219696,50.528366,32.741421,84.465111
2022-09-26,346.755035,49.780598,32.341022,83.378868
2022-09-27,345.869843,49.442326,32.304626,83.022614
2022-09-28,352.675323,50.635201,32.586723,84.360863
2022-09-29,345.308319,50.038757,31.858727,83.917641
2022-09-30,339.968597,49.860714,31.740431,83.717766
2022-10-03,348.944244,50.848854,32.259129,84.397957
2022-10-04,359.756836,52.887436,33.314713,84.624336
2022-10-05,358.919281,52.326595,33.332912,84.180237
2022-10-06,355.216644,51.409679,33.132713,83.849274
2022-10-07,345.308319,50.590694,32.441124,83.405159
2022-10-10,342.671783,50.305820,31.986130,83.030640
2022-10-11,340.501617,49.753891,31.476538,83.082924
2022-10-12,339.378479,49.593651,31.512932,83.152596
2022-10-13,348.335114,50.617397,31.603935,82.891327
2022-10-14,340.396973,49.860714,31.130737,82.438469
2022-10-17,349.144135,51.089207,31.986130,82.612663
2022-10-18,353.246399,51.454201,31.995224,82.751961
2022-10-19,350.743134,50.822140,31.412840,82.037857
2022-10-20,347.802032,50.706413,31.613033,81.541466
2022-10-21,356.254120,51.623337,32.095333,81.663338
2022-10-24,360.613434,51.632236,30.875938,81.550140
2022-10-25,366.371979,52.771709,31.130737,82.351341
2022-10-26,363.611633,53.270222,31.640337,82.717163
2022-10-27,361.670074,52.771709,31.394636,83.135162
2022-10-28,370.274384,53.296936,31.203535,82.926140
2022-10-31,367.599701,52.798412,31.112534,82.647469
2022-11-01,365.991241,53.216808,31.685833,82.801125
2022-11-02,356.806183,52.442326,31.421938,82.661415
2022-11-03,353.132202,51.997223,31.603935,82.355919
2022-11-04,358.214905,54.080322,32.941608,82.347191
2022-11-07,361.641449,54.249462,32.959816,82.085342
2022-11-08,363.592621,54.863701,33.196415,82.434479
2022-11-09,356.101837,54.098122,32.623119,82.530502
2022-11-10,375.671112,57.133739,33.806103,84.302437
2022-11-11,379.307068,58.273209,34.725197,84.241341
2022-11-14,376.080414,57.658958,34.515900,84.005684
2022-11-15,379.288025,58.041752,35.307590,84.625412
2022-11-16,376.394562,57.908230,34.743397,85.149124
2022-11-17,375.242828,57.881516,34.807095,84.791229
2022-11-18,376.946594,57.997250,34.606895,84.669052
2022-11-21,375.575989,57.561050,34.170105,84.616653
2022-11-22,380.630127,58.362228,34.252003,85.053123
2022-11-23,383.028687,59.003181,34.534100,85.559364
2022-11-25,382.942932,59.305862,34.370300,85.576851
2022-11-28,376.832367,58.540279,34.215599,85.437149
2022-11-29,376.185150,58.709412,34.952690,85.131683
2022-11-30,388.035187,59.750961,35.962784,85.795059
2022-12-01,387.749634,60.329597,35.844479,86.508949
2022-12-02,387.302277,60.285088,35.980980,86.867653
2022-12-05,380.335022,59.492798,35.571491,86.185265
2022-12-06,374.852539,59.225731,35.525986,86.438980
2022-12-07,374.214874,59.225731,35.316696,87.208885
2022-12-08,377.146393,59.528408,35.744385,86.946411
2022-12-09,374.329102,59.564022,35.507790,86.430229
2022-12-12,379.725891,59.742062,35.398590,86.447723
2022-12-13,382.600311,60.589355,35.651726,87.025131
2022-12-14,380.154205,60.535740,35.670208,87.217613
2022-12-15,370.854980,58.989494,34.847969,87.345634
2022-12-16,366.476593,58.471107,34.949596,87.117653
2022-12-19,363.369019,58.328106,34.977306,86.582771
2022-12-20,363.866272,58.560478,34.968071,85.995247
2022-12-21,369.306915,59.168247,35.282177,86.232025
2022-12-22,364.038330,58.685612,34.968071,86.205696
2022-12-23,366.132385,58.891186,34.921879,85.907570
2022-12-27,364.688538,58.980553,35.439240,85.284988
2022-12-28,360.156250,58.354919,34.921879,85.135895
2022-12-29,366.639160,59.275505,35.503910,85.451584
2022-12-30,365.673370,58.667725,35.014263,85.048241
2023-01-03,364.133972,59.186131,35.309898,85.548035
2023-01-04,366.945160,59.972656,36.372334,86.021561
2023-01-05,362.757019,59.373821,36.261475,85.951401
2023-01-06,371.075836,60.893250,37.019035,86.889641
2023-01-09,370.865509,61.152447,37.296196,87.108871
2023-01-10,373.466278,61.331200,37.564117,86.775681
2023-01-11,378.189819,61.795971,37.721172,87.310539
2023-01-12,379.566803,62.707619,37.905937,87.941917
2023-01-13,381.039276,63.038319,38.155380,87.617462
2023-01-17,380.341309,63.234959,37.942898,87.459633
2023-01-18,374.336426,63.011517,37.684216,88.327751
2023-01-19,371.611359,62.913193,37.970612,88.126060
2023-01-20,378.534088,63.467335,38.552647,87.766541
2023-01-23,383.075958,63.726532,38.829800,87.547287
2023-01-24,382.664795,63.646088,38.857521,87.933144
2023-01-25,382.808258,64.066170,38.894470,88.038383
2023-01-26,387.015381,64.119789,39.264015,87.889313
2023-01-27,387.904694,63.994671,39.079243,87.757767
2023-01-30,383.037750,63.583534,38.293968,87.521019
2023-01-31,388.669678,63.949986,38.210815,87.880562
2023-02-01,392.800323,64.522003,38.681984,88.500229
2023-02-02,398.518311,64.432617,38.451015,88.596954
2023-02-03,394.282410,63.833790,37.767368,87.744308
2023-02-06,391.872833,63.181328,37.213043,87.260818
2023-02-07,396.998047,63.717602,37.360863,87.111374
2023-02-08,392.656921,63.324329,37.314671,87.234467
2023-02-09,389.252930,63.440510,37.490204,86.891624
2023-02-10,390.161285,63.163448,37.129902,86.513664
2023-02-13,394.741364,63.798031,37.434776,86.777374
2023-02-14,394.559753,63.914234,37.370110,86.469719
2023-02-15,395.841003,63.628223,37.055992,86.302673
2023-02-16,390.390808,63.315395,37.065231,85.942307
2023-02-17,389.415436,63.476276,36.658730,86.144478
2023-02-21,381.603455,62.779125,36.196800,85.335747
2023-02-22,381.077545,62.430546,36.021275,85.564323
2023-02-23,383.104675,62.752304,36.196800,85.871948
2023-02-24,379.012146,61.706596,35.383808,85.379715
2023-02-27,380.303040,62.439491,35.568584,85.546722
2023-02-28,378.897430,61.983658,35.319134,85.537918
2023-03-01,377.444061,62.314362,36.076702,85.048019
2023-03-02,380.379456,62.439491,36.206043,84.871780
2023-03-03,386.479980,63.351147,36.529392,85.541489
2023-03-06,386.747681,63.190262,36.400059,85.329971
2023-03-07,380.819366,62.135593,35.790302,85.215446
2023-03-08,381.440887,62.475239,35.938122,85.127327
2023-03-09,374.403320,62.019402,35.143604,85.435730
2023-03-10,369.000885,61.358013,34.958832,86.431412
2023-03-13,368.475037,60.937943,35.014263,87.118736
2023-03-14,374.565979,61.751274,35.032738,86.607651
2023-03-15,372.223236,59.838589,34.432228,87.471153
2023-03-16,378.753998,60.768120,34.958832,87.127533
2023-03-17,374.325378,60.044159,34.746342,87.673828
2023-03-20,377.924744,60.982635,34.875683,87.321350
2023-03-21,382.887024,61.903217,35.189796,87.057030
2023-03-22,376.360199,61.688705,35.328381,87.894096
2023-03-23,377.377655,61.697655,35.818024,88.105576
2023-03-24,379.854004,61.509949,35.725628,88.255402
2023-03-27,380.564240,62.090916,35.531624,87.303749
2023-03-28,379.709991,62.117733,36.039745,87.171585
2023-03-29,385.229095,62.868492,36.141369,87.277328
2023-03-30,387.484680,63.601414,36.501671,87.374252
2023-03-31,392.946167,63.923164,36.455482,87.797180
2023-04-03,394.443481,64.432617,36.529392,88.178795
2023-04-04,392.255066,64.441559,36.529392,88.505661
2023-04-05,391.228058,63.994671,36.242996,88.806000
2023-04-06,392.754089,64.298553,36.390816,88.726509
2023-04-10,393.157196,64.253868,36.427765,88.116966
2023-04-11,393.262817,64.468361,36.649494,88.169975
2023-04-12,391.659973,64.879501,36.390816,88.276001
2023-04-13,396.862244,65.710724,36.889698,88.240662
2023-04-14,395.892853,65.442589,36.695686,87.807770
2023-04-17,397.313354,65.326393,36.852737,87.366104
2023-04-18,397.572479,65.683907,36.806549,87.489761
2023-04-19,397.505280,65.478340,36.437004,87.357262
2023-04-20,395.336090,65.478340,36.381580,87.754784
2023-04-21,395.643311,65.809036,36.039745,87.604622
2023-04-24,396.056030,65.978859,35.956593,87.949135
2023-04-25,389.769073,65.058266,35.282177,88.496849
2023-04-26,388.118103,65.013573,35.485428,88.169975
2023-04-27,395.844757,65.826920,35.965836,87.851944
2023-04-28,399.223480,65.800102,36.150616,88.302460
2023-05-01,398.820282,65.701782,36.030510,87.398293
2023-05-02,394.337891,65.040390,35.679443,88.248451
2023-05-03,391.631134,65.210205,35.624012,88.638107
2023-05-04,388.857208,65.076141,35.910408,88.531853
2023-05-05,396.056030,66.032478,36.390816,88.248451
2023-05-08,396.161499,66.050369,36.409290,87.761375
2023-05-09,394.424225,65.782234,36.187561,87.681702
2023-05-10,396.267120,65.648163,36.169090,88.248451
2023-05-11,395.576111,65.487274,36.039745,88.514137
2023-05-12,395.057709,65.371094,35.614773,88.018196
2023-05-15,396.420746,65.871605,36.270706,87.796791
2023-05-16,393.771576,65.245956,36.012028,87.593132
2023-05-17,398.551605,65.549843,36.178322,87.460289
2023-05-18,402.390869,65.451523,35.984318,87.052902
2023-05-19,401.805359,65.835854,36.012028,86.858078
2023-05-22,401.968536,65.853729,36.307663,86.778374
2023-05-23,397.457336,64.888443,35.744114,86.875786
2023-05-24,394.577820,63.941036,35.476192,86.654427
2023-05-25,397.994812,63.851662,35.402287,86.335587
2023-05-26,403.149109,64.477303,36.030510,86.406433
2023-05-30,403.302704,63.824848,35.614773,86.982048
2023-05-31,401.066376,63.163448,35.282177,87.292023
2023-06-01,404.876831,64.101929,35.910408,87.556633
2023-06-02,410.731873,64.933136,36.529392,87.094902
2023-06-05,409.944733,64.557755,36.520145,87.086014
2023-06-06,410.837372,65.094017,36.843506,87.192596
2023-06-07,409.416840,64.521530,36.685223,86.730858
2023-06-08,411.893250,65.204155,36.945923,87.192596
2023-06-09,412.632233,65.094925,37.113522,86.988350
2023-06-12,416.375610,65.377075,37.188007,87.139305
2023-06-13,419.120789,65.995995,37.560444,86.730858
2023-06-14,419.619843,66.241745,37.839779,86.810783
2023-06-15,424.822174,66.942566,38.193596,87.414558
2023-06-16,423.375153,66.796944,38.063240,87.139305
2023-06-20,421.178558,65.914078,37.318367,87.299133
2023-06-21,419.020508,66.014191,37.141449,87.441193
2023-06-22,420.533142,65.604622,37.011101,86.988350
2023-06-23,417.353943,64.585243,36.471066,87.245880
2023-06-26,415.648682,64.667152,36.592110,87.352402
2023-06-27,420.205597,65.231445,36.964546,87.183693
2023-06-28,420.417572,65.276955,36.741081,87.441193
2023-06-29,422.074585,65.185951,36.545551,86.766380
2023-06-30,427.055328,65.986893,36.834194,86.970627
2023-07-03,427.546661,65.914078,37.243870,86.868225
2023-07-05,426.910828,65.176849,37.020409,86.476517
2023-07-06,423.567810,64.048241,36.266224,85.915703
2023-07-07,422.498413,64.530624,36.675907,85.933487
2023-07-10,423.567810,64.712654,36.703838,86.173843
2023-07-11,426.265320,65.295158,37.076275,86.360825
2023-07-12,429.695068,66.542091,37.904957,87.064095
2023-07-13,433.105469,67.606979,38.398438,87.607124
2023-07-14,432.835663,67.224716,38.184284,87.188713
2023-07-17,434.338593,67.142792,38.230839,87.286636
2023-07-18,437.566010,67.579689,37.951504,87.357841
2023-07-19,438.539032,67.543266,37.877026,87.624908
2023-07-20,435.629578,67.197411,37.597694,87.170921
2023-07-21,435.629578,67.333923,37.541832,87.233208
2023-07-24,437.575623,67.170097,38.053925,87.072990
2023-07-25,438.770233,67.242905,38.370502,86.975052
2023-07-26,438.837677,67.424950,38.593964,87.259941
2023-07-27,435.928253,67.270233,38.119102,86.512138
2023-07-28,440.196075,67.752617,39.040890,86.850418
2023-07-31,441.034271,67.770813,39.059521,86.957245
2023-08-01,439.772247,66.924355,38.566036,86.381493
2023-08-02,433.654633,65.677429,37.644249,86.176163
2023-08-03,432.411835,65.495392,37.793228,85.595963
2023-08-04,430.456116,65.677429,37.746670,86.301163
2023-08-07,434.213348,66.232628,37.690804,86.318985
2023-08-08,432.325104,65.832161,37.234570,86.524315
2023-08-09,429.434967,65.813950,37.327675,86.586792
2023-08-10,429.589111,66.096107,37.383541,86.024452
2023-08-11,429.338593,65.650124,36.834194,85.756630
2023-08-14,431.708496,65.358871,36.657280,85.694160
2023-08-15,426.679535,64.548828,36.238289,85.462082
2023-08-16,423.548523,64.020943,35.912411,85.256760
2023-08-17,420.321228,63.565853,35.996208,85.167496
2023-08-18,420.523468,63.565853,35.754120,85.354965
2023-08-21,423.259460,63.802486,35.837921,84.926476
2023-08-22,422.113098,63.684170,35.763435,85.015747
2023-08-23,426.814453,64.375908,36.331402,85.828072
2023-08-24,420.899231,63.493031,36.191738,85.631683
2023-08-25,423.866486,63.920818,36.228981,85.578087
2023-08-28,426.554382,64.594345,36.582806,85.765587
2023-08-29,432.720123,65.395287,37.048347,86.318985
2023-08-30,434.502411,65.358871,36.927303,86.283318
2023-08-31,433.866516,65.104019,36.471066,86.408279
2023-09-01,434.675812,65.067612,36.899376,85.960747
2023-09-05,432.797150,64.503319,36.601418,85.495323
2023-09-06,429.887756,64.366798,36.396580,85.414795
2023-09-07,428.567871,64.157455,35.968273,85.683289
2023-09-08,429.213348,64.066437,36.042759,85.728035
2023-09-11,432.036133,64.730865,36.489685,85.629585
2023-09-12,429.666168,64.466919,36.377953,85.656418
2023-09-13,430.167084,64.266670,36.331402,85.781738
2023-09-14,433.876099,65.113129,36.573486,85.665382
2023-09-15,428.648682,64.967499,36.433819,85.468491
2023-09-18,428.900116,64.739960,36.387268,85.593781
2023-09-19,428.010559,64.794571,36.173115,85.343163
2023-09-20,424.075775,64.639854,36.024139,85.298409
2023-09-21,417.066498,63.565853,35.400303,84.716644
2023-09-22,416.128693,63.620468,35.819302,85.074661
2023-09-25,417.878662,63.338310,35.661015,84.403366
2023-09-26,411.739471,62.519165,35.158218,84.295952
2023-09-27,411.903748,62.400841,35.214081,84.000587
2023-09-28,414.291779,62.910538,35.307194,84.251213
2023-09-29,413.286316,62.728497,35.335129,84.170654
2023-10-02,413.121918,61.809238,35.158218,83.584572
2023-10-03,407.591858,61.035599,34.692665,82.929413
2023-10-04,410.559937,61.144821,34.590256,83.512787
2023-10-05,410.405243,61.681808,34.720608,83.566635
2023-10-06,415.277893,62.364437,35.223400,83.243546
2023-10-09,417.936584,62.273415,35.055801,84.105141
2023-10-10,420.111908,63.128979,35.558586,84.024368
2023-10-11,421.832794,63.392918,35.782055,84.410286
2023-10-12,419.261139,62.865025,35.381683,83.683296
2023-10-13,417.172791,62.282520,35.251328,84.042313
2023-10-16,421.562134,62.737602,35.512035,83.575600
2023-10-17,421.542755,62.774014,35.418926,82.974251
2023-10-18,415.925629,61.681808,34.878887,82.588333
2023-10-19,412.271179,61.135708,34.674053,82.274231
2023-10-20,407.205139,60.589615,34.255058,82.570404
2023-10-23,406.499420,60.635132,34.227123,82.893494
2023-10-24,409.564148,60.980984,34.664738,83.189682
2023-10-25,403.686066,60.544106,34.208500,82.570404
2023-10-26,398.852051,60.107231,34.040897,83.126846
2023-10-27,397.044098,59.925194,34.012970,83.099915
2023-10-30,401.791107,60.689735,34.366791,82.902481
2023-10-31,404.314423,60.908169,34.171257,82.848640
2023-11-01,408.626343,61.481579,34.487831,83.764145
2023-11-02,416.457428,62.737602,35.093040,84.268257
2023-11-03,420.256897,63.402023,35.809990,84.781364
2023-11-06,421.223724,63.083469,36.098625,84.358261
2023-11-07,422.422516,62.701191,36.033455,84.808350
2023-11-08,422.731934,62.619282,35.791359,85.096420
2023-11-09,419.435150,62.610184,35.456169,84.385262
2023-11-10,425.980347,62.892323,35.707565,84.583313
2023-11-13,425.574310,63.056156,35.698257,84.574318
2023-11-14,433.830750,64.667152,36.647976,85.636559
2023-11-15,434.749176,64.567024,36.955238,85.105446
2023-11-16,435.280945,64.521530,36.601418,85.573540
2023-11-17,435.822327,65.395287,36.647976,85.744583
2023-11-20,439.177155,65.641029,37.104214,85.879601
2023-11-21,438.220001,65.386177,36.871437,85.969627
2023-11-22,439.911865,65.540909,36.796951,86.050652
2023-11-24,440.182556,66.041496,36.815575,85.654541
2023-11-27,439.389832,65.813950,36.666595,86.140648
2023-11-28,439.824890,65.832161,36.973850,86.518768
2023-11-29,439.515472,65.968697,36.759708,86.941864
2023-11-30,441.246094,65.914078,36.834194,86.653793
2023-12-01,443.856415,66.605797,36.992481,87.415726
2023-12-04,441.526459,66.087013,36.573486,87.081726
2023-12-05,441.439423,65.850365,36.350029,87.659485
2023-12-06,439.660583,66.050598,36.303474,87.885178
2023-12-07,443.015320,66.369156,36.480373,87.912254
2023-12-08,444.919922,66.569382,36.322086,87.469902
2023-12-11,446.650421,66.733223,36.536247,87.478912
2023-12-12,448.690399,66.851547,36.545551,87.740738
2023-12-13,454.877899,67.825417,36.908676,88.842125
2023-12-14,456.337799,68.326012,37.448719,89.559189
2023-12-15,455.586426,67.661591,37.225254,89.350937
2023-12-18,458.149139,67.825417,37.206635,89.169868
2023-12-19,460.935059,68.398811,37.523209,89.278519
2023-12-20,454.547791,67.708557,36.847725,89.604446
2023-12-21,458.857758,68.805244,37.540283,89.595390
2023-12-22,459.779907,68.869751,37.360027,89.477707
2023-12-26,461.721313,69.183090,37.654129,89.658768
2023-12-27,462.556183,69.551727,37.872330,90.229141
2023-12-28,462.730957,69.367401,38.166428,90.029961
2023-12-29,461.391327,69.441124,38.147457,89.857948
2024-01-02,458.809174,68.667000,37.701565,89.432434
2024-01-03,455.062286,68.150909,37.492847,89.477707
2024-01-04,453.596436,68.307587,37.369514,89.115524
2024-01-05,454.217743,68.353661,37.416946,88.907295
2024-01-08,460.702087,69.081703,37.521305,89.242279
2024-01-09,460.003235,68.464256,36.990036,89.224152
2024-01-10,462.604736,68.906609,36.904652,89.052147
2024-01-11,462.400879,68.897400,37.056442,89.559189
2024-01-12,462.721222,69.183090,37.189262,89.722122
2024-01-16,461.022461,68.021896,36.287991,89.052147
2024-01-17,458.459747,67.376785,35.747227,88.807709
2024-01-18,462.536743,67.975822,36.041328,88.726219
2024-01-19,468.302795,68.132484,36.420811,88.744331
2024-01-22,469.292938,68.344452,36.098248,88.907295
2024-01-23,470.661621,68.150909,36.411320,88.690010
2024-01-24,471.176147,68.667000,36.819267,88.490837
2024-01-25,473.738831,68.860527,36.866703,88.889206
2024-01-26,473.137024,69.164665,36.895157,88.789619
2024-01-29,476.883972,69.570152,36.914135,89.142708
2024-01-30,476.515076,69.477982,36.620037,89.314720
2024-01-31,468.739655,69.127800,36.420811,89.722122
2024-02-01,474.874603,69.809761,36.771832,90.233368
2024-02-02,479.873779,69.256813,36.667477,89.407059
2024-02-05,478.126465,68.888184,36.714912,88.671524
2024-02-06,479.514648,69.312111,37.549774,89.134613
2024-02-07,483.513916,69.275238,37.597210,88.953018
2024-02-08,483.727509,69.155441,37.388489,88.680595
2024-02-09,486.523163,69.395050,37.549774,88.653358
2024-02-12,486.309631,69.514854,37.843861,88.671524
2024-02-13,479.611633,68.445816,37.132339,87.854256
2024-02-14,483.970215,69.210724,37.663612,88.244743
2024-02-15,487.309448,69.994072,37.843861,88.453568
2024-02-16,484.882690,70.104675,38.024124,88.172089
2024-02-20,482.213196,70.390358,38.081047,88.253815
2024-02-21,482.649994,70.445656,38.147457,87.990463
2024-02-22,492.638702,71.238205,38.536423,88.063126
2024-02-23,492.978455,71.330368,38.517448,88.389999
2024-02-26,491.172913,71.228996,38.346680,88.199318
2024-02-27,492.085358,71.422523,38.422585,88.081291
2024-02-28,491.435028,71.007812,37.919765,88.253815
2024-02-29,493.201691,71.192139,37.938740,88.399109
2024-03-01,497.832001,71.883324,38.403603,88.823502
2024-03-04,497.298096,71.699005,38.318222,88.604942
2024-03-05,492.328064,71.569984,37.976688,89.087616
2024-03-06,494.822784,72.417839,38.526939,89.224243
2024-03-07,499.734650,73.274902,38.764118,89.415489
2024-03-08,496.735138,73.035294,38.726162,89.497452
2024-03-11,496.308014,72.620590,38.811546,89.397278
2024-03-12,501.646973,73.201180,39.238464,89.169609
2024-03-13,500.860596,73.210403,39.115131,89.005653
2024-03-14,499.870483,72.675888,38.915905,88.440994
2024-03-15,496.438171,72.703522,38.678730,88.431870
2024-03-18,499.388489,72.685104,38.745140,88.340828
2024-03-19,502.163727,72.814117,38.555397,88.559395
2024-03-20,506.808319,73.588242,38.991798,88.741524
2024-03-21,508.483276,73.551376,39.039242,88.805275
2024-03-22,507.519196,73.394707,38.764118,89.087616
2024-03-25,506.117004,73.238045,38.792576,88.923691
2024-03-26,505.182251,73.320984,38.764118,89.014763
2024-03-27,509.427734,73.763351,38.830524,89.306175
2024-03-28,509.330292,73.597466,38.972832,89.196899
2024-04-01,508.444153,73.284111,39.039242,88.548363
2024-04-02,505.211548,72.768036,39.162563,88.484428
2024-04-03,505.766449,73.173538,39.191029,88.539230
2024-04-04,499.593048,72.546860,39.048721,88.749313
2024-04-05,504.812195,72.777260,39.134106,88.310875
2024-04-08,505.094635,73.136665,39.390255,88.228668
2024-04-09,505.678894,73.127441,39.655891,88.530083
2024-04-10,500.615448,72.159798,39.115131,87.470520
2024-04-11,504.393524,72.353325,39.352310,87.488800
2024-04-12,497.431335,71.182915,38.451038,87.653191
2024-04-15,491.199493,70.970947,38.204376,87.123398
2024-04-16,490.303650,70.270561,37.701565,86.876762
2024-04-17,487.401886,70.316635,37.673092,87.278702
2024-04-18,486.398956,70.123108,37.824898,87.032066
2024-04-19,482.153503,70.150749,37.673092,87.123398
2024-04-22,486.593750,70.970947,38.081047,87.178215
2024-04-23,492.367889,71.745079,38.394115,87.360909
2024-04-24,492.134216,71.606842,38.526939,87.132545
2024-04-25,490.264618,71.275070,38.612320,86.885933
2024-04-26,494.909393,71.846458,39.058205,87.077736
2024-04-29,496.662079,72.122932,39.437691,87.342628
2024-04-30,488.794342,71.210564,38.887444,86.986397
2024-05-01,487.207153,71.053894,38.925392,87.293327
2024-05-02,491.764221,72.012344,39.931015,87.687340
2024-05-03,497.859833,72.731163,40.291527,88.136330
2024-05-06,503.001068,73.228828,40.329472,88.200447
2024-05-07,503.556091,73.422363,40.101784,88.383728
2024-05-08,503.604828,73.339417,40.111275,88.200447
2024-05-09,506.506470,73.901588,40.234608,88.365379
2024-05-10,507.158997,74.039818,40.319988,88.182137
2024-05-13,507.227081,74.039818,40.623577,88.227943
2024-05-14,509.554260,74.592773,40.841774,88.466148
2024-05-15,515.864136,75.385330,41.278183,89.052597
2024-05-16,514.802734,74.979836,41.363564,88.951813
2024-05-17,515.542725,75.237877,41.543819,88.667763
2024-05-20,516.136780,75.293159,41.392025,88.585289
2024-05-21,517.402527,75.173363,41.135880,88.750214
2024-05-22,515.912781,74.463745,41.003063,88.640266
2024-05-23,512.144409,74.085892,40.699467,88.392868
2024-05-24,515.533081,74.694145,40.813316,88.493652
2024-05-28,515.893311,74.666489,40.756390,88.081337
2024-05-29,512.280762,73.486870,40.149220,87.742317
2024-05-30,508.882538,74.104332,40.035378,88.154625
2024-05-31,513.517456,74.813957,39.646408,88.438660
2024-06-03,513.936035,75.025909,40.063839,88.973648
2024-06-04,514.510681,74.933754,39.504097,89.295326
2024-06-05,520.625671,75.459045,40.139740,89.571083
2024-06-06,520.615906,75.717102,40.338963,89.598663
2024-06-07,519.982971,74.896889,39.883583,88.808197
2024-06-10,521.589661,74.841591,40.120762,88.734627
2024-06-11,522.845764,73.991142,39.987026,89.037971
2024-06-12,527.139893,74.863159,40.388233,89.460770
2024-06-13,528.201294,73.794228,40.292702,89.911163
2024-06-14,528.522583,72.978462,40.340469,90.003067
2024-06-17,532.729126,73.269135,40.598389,89.681381
2024-06-18,534.082642,73.559799,40.970940,90.003067
2024-06-20,532.631714,73.606697,40.904072,89.846825
2024-06-21,531.917725,73.090981,40.760780,89.856010
2024-06-24,530.188599,73.672325,40.760780,89.929550
2024-06-25,532.230286,73.850487,40.665257,89.920357
2024-06-26,532.894592,73.306641,40.579281,89.515923
2024-06-27,533.734680,73.362900,40.607937,89.663002
2024-06-28,531.634399,73.447296,40.684364,89.221817
2024-07-01,532.728516,73.578568,40.779884,88.743271
2024-07-02,536.313660,73.756721,40.904072,89.038322
2024-07-03,538.707031,74.600616,41.505878,89.517761
2024-07-05,541.813477,75.097572,41.677826,89.969551
2024-07-08,542.438721,74.722519,41.687378,89.997208
2024-07-09,542.966125,74.422455,41.859325,89.914238
2024-07-10,548.338928,75.472641,42.098137,90.006439
2024-07-11,543.610779,75.688309,42.346512,90.467445
2024-07-12,547.039612,76.494698,42.518452,90.716370
2024-07-15,548.544067,75.819580,42.069485,90.402885
2024-07-16,551.797058,76.185272,42.308296,90.771690
2024-07-17,544.060242,75.782074,41.620510,90.836220
2024-07-18,539.879211,75.031937,41.228855,90.587296
2024-07-19,536.294128,74.572487,40.827652,90.402885
2024-07-22,541.823242,75.360123,41.171539,90.366013
2024-07-23,540.973328,74.938179,40.808540,90.356781
2024-07-24,528.713440,73.991142,40.216286,90.080170
2024-07-25,525.958801,73.522308,40.053890,90.329132
2024-07-26,531.849365,74.459969,40.464649,90.651833
2024-07-29,532.161926,74.131775,40.330917,90.799362
2024-07-30,529.465698,74.300560,40.149414,90.891563
2024-07-31,538.071960,75.350754,41.028255,91.380234
2024-08-01,530.452393,73.353523,40.311813,91.763130
2024-08-02,520.576233,72.200188,39.738655,92.789696
2024-08-05,505.415100,70.624916,38.611454,92.715691
2024-08-06,510.074860,70.746803,38.831165,92.160805
2024-08-07,506.665436,71.084373,39.069981,91.883347
2024-08-08,518.378235,72.275208,39.958370,91.744614
2024-08-09,520.664062,72.556503,40.178078,92.068314
2024-08-12,520.937622,72.490868,40.311813,92.225525
2024-08-13,529.504761,73.737961,40.760780,92.595467
2024-08-14,531.175293,74.009888,40.541073,92.761925
2024-08-15,540.279724,74.910049,40.990044,92.373512
2024-08-16,541.491089,75.322617,41.467670,92.595467
2024-08-19,546.668457,76.241524,41.868881,92.697212
2024-08-20,545.779541,76.007111,41.544094,92.974670
2024-08-21,547.655151,76.710350,41.706486,93.150375
2024-08-22,543.356812,76.260277,41.190643,92.771187
2024-08-23,549.130188,77.657402,41.878429,93.196632
2024-08-26,547.821167,77.310463,41.524990,93.113380
2024-08-27,548.573364,77.666786,41.582298,93.141121
2024-08-28,545.388794,77.394859,41.324383,93.057907
2024-08-29,545.437561,77.685532,41.343487,92.937653
2024-08-30,550.644348,77.807426,41.429459,92.715691
2024-09-03,539.312561,76.579079,40.607937,93.107193
2024-09-04,538.208679,76.241524,40.598389,93.515427
2024-09-05,536.899780,76.260277,40.655704,93.756584
2024-09-06,527.863647,74.825661,39.910603,93.877220
2024-09-09,533.773682,75.575783,40.244946,94.016373
2024-09-10,536.098755,75.200722,40.092102,94.303986
2024-09-11,541.598572,75.650803,40.388233,94.276154
2024-09-12,546.160583,76.269653,40.722572,94.192650
2024-09-13,549.013062,76.447815,40.913624,94.387482
2024-09-16,549.823730,77.066666,41.047363,94.610123
2024-09-17,550.048462,76.635353,41.095123,94.517357
2024-09-18,548.417114,76.391563,40.951832,94.220482
2024-09-19,557.775513,77.901199,41.821114,94.229759
2024-09-20,556.811401,77.132317,41.735142,94.146255
2024-09-23,558.202820,77.422989,42.059929,94.109161
2024-09-24,559.799927,77.882439,43.492809,94.239044
2024-09-25,558.565308,77.460495,43.034286,93.877220
2024-09-26,560.779846,79.167046,44.610462,93.895775
2024-09-27,559.966492,78.688828,44.524490,94.164803
2024-09-30,562.210449,78.416908,43.808048,93.951416
2024-10-01,557.173828,77.835556,44.123283,94.199898
2024-10-02,557.409058,77.676155,44.992565,94.004471
2024-10-03,556.390015,76.954147,44.457623,93.622948
2024-10-04,561.446106,77.404228,44.868382,93.018082
2024-10-07,556.370300,76.972908,45.240932,92.701698
2024-10-08,561.632324,76.851006,44.123283,92.859886
2024-10-09,565.522461,76.869766,43.884472,92.617950
2024-10-10,564.532715,76.775993,43.970444,92.562126
2024-10-11,567.913269,77.169823,44.285675,92.590012
2024-10-14,572.557922,77.394859,44.104179,92.506294
2024-10-15,568.109253,76.110260,43.168022,92.878502
2024-10-16,570.578552,76.307159,43.502373,92.999489
2024-10-17,570.627502,76.316544,43.435501,92.543510
2024-10-18,572.822510,76.832260,43.865360,92.608650
2024-10-21,571.881714,75.922722,43.559681,91.966583
2024-10-22,571.577942,75.491402,43.464157,91.985168
2024-10-23,566.355225,74.731880,43.206234,91.752525
2024-10-24,567.580078,75.153839,43.139370,91.929337
2024-10-25,567.384094,74.900665,43.101158,91.743217
2024-10-28,569.138184,75.500763,43.292210,91.594337
2024-10-29,570.059204,75.228851,43.158478,91.696701
2024-10-30,568.334656,74.741264,42.738163,91.603638
2024-10-31,557.193542,74.281807,42.461140,91.585030
2024-11-01,559.545227,74.431831,42.499352,91.220978
2024-11-04,558.339905,74.488098,42.738163,91.603699
2024-11-05,565.091248,75.228851,43.320866,91.818413
2024-11-06,579.142639,74.141159,42.785923,91.099617
2024-11-07,583.620605,75.266357,43.731625,91.790398
2024-11-08,586.148682,74.225548,42.652187,91.949104
2024-11-11,586.707153,74.244301,42.327404,91.743729
2024-11-12,584.884644,72.865936,41.524990,91.211647
2024-11-13,585.168762,72.434608,41.257511,91.192963
2024-11-14,581.406067,72.584633,41.028255,91.155647
2024-11-15,573.959045,72.322083,41.028255,91.164978
2024-11-18,576.310791,72.715912,41.496326,91.248955
2024-11-19,578.417419,72.622139,41.467670,91.379662
2024-11-20,578.613464,72.425232,41.419910,91.286308
2024-11-21,581.719604,72.443993,41.333935,91.239624
2024-11-22,583.522705,72.725281,41.343487,91.304985
2024-11-25,585.502014,73.100349,41.372150,92.126465
2024-11-26,588.559143,72.678406,41.200203,91.986435
2024-11-27,586.775696,73.072220,41.257511,92.238487
2024-11-29,590.420898,74.047386,41.324383,92.602531
2024-12-02,591.479248,74.253677,41.486778,92.613777
2024-12-03,591.753418,74.675621,41.572750,92.435875
2024-12-04,595.427979,74.731880,41.677826,92.735519
2024-12-05,594.448120,75.097572,41.954849,92.754257
2024-12-06,595.575012,75.088203,41.887985,93.016464
2024-12-09,592.508057,75.041321,42.747715,92.744904
2024-12-10,590.665833,74.366196,42.059929,92.632515
2024-12-11,595.232117,74.835037,42.231876,92.417122
2024-12-12,592.165100,74.178665,42.021721,92.042542
2024-12-13,592.047607,73.972382,42.059929,91.696068
2024-12-16,594.575562,73.728577,41.830669,91.780350
2024-12-17,592.125793,73.611679,41.730614,91.780350
2024-12-18,574.478455,71.805847,40.759235,91.081367
2024-12-19,574.302002,71.577736,40.895229,90.846535
2024-12-20,581.199890,71.378143,41.060360,91.090782
2024-12-23,584.680298,71.843864,41.293491,90.808937
2024-12-24,591.179077,72.100479,41.419777,90.912270
2024-12-26,591.218384,72.442642,41.274071,90.978043
2024-12-27,584.994995,72.338097,41.089504,90.790146
2024-12-30,578.319275,71.862877,40.759235,91.147156
2024-12-31,576.215332,71.862877,40.623238,91.034416
2025-01-02,574.799438,71.615761,40.564957,91.043808
2025-01-03,581.986511,71.929405,40.943798,90.949860
2025-01-06,585.339050,72.613724,41.089504,90.855911
2025-01-07,578.722351,72.556686,40.798088,90.536499
2025-01-08,579.567871,72.442642,40.603809,90.639832
2025-01-10,570.719360,71.340126,39.914131,90.132515
2025-01-13,571.604248,71.140533,39.642143,90.047958
2025-01-14,572.390747,71.397156,40.088982,90.076134
2025-01-15,582.802551,72.309578,40.613529,90.855911
2025-01-16,581.681702,72.680252,40.564957,91.053192
2025-01-17,587.521790,72.974892,40.885509,91.053192
2025-01-21,592.899658,74.448074,41.322636,91.353844
2025-01-22,596.232666,74.277000,41.351776,91.137756
2025-01-23,599.486877,74.885277,41.448914,90.987442
2025-01-24,597.736877,75.303467,41.720905,91.137756
2025-01-27,589.281555,75.303467,40.963223,91.645058
2025-01-28,594.344910,75.208427,41.264351,91.616882
2025-01-29,591.680420,75.198921,41.274071,91.560516
2025-01-30,594.856140,76.025803,41.973461,91.692039
2025-01-31,591.690308,75.312965,41.497482,91.504135
2025-02-03,587.708496,74.429062,41.196358,91.590858
2025-02-04,591.651062,75.293968,41.934605,91.760536
2025-02-05,594.049927,76.025803,41.827755,92.250671
2025-02-06,596.114624,76.386978,42.002605,92.156418
2025-02-07,590.657959,75.664635,41.963749,91.864220
2025-02-10,594.669250,76.177872,42.468868,91.892509
2025-02-11,595.121582,76.539040,42.303734,91.685135
2025-02-12,593.204407,76.824173,42.536865,91.204391
2025-02-13,599.467224,77.755600,42.808849,91.751083
2025-02-14,599.437683,77.869659,43.139122,92.090416
2025-02-18,601.197571,78.430420,43.411110,91.722824
2025-02-19,602.613281,77.622543,43.343113,91.854790
2025-02-20,600.106323,77.983711,43.741379,91.996185
2025-02-21,589.841919,77.498985,43.615101,92.392052
2025-02-24,587.157898,77.451462,42.944847,92.552299
2025-02-25,584.237854,78.154800,42.973991,93.127289
2025-02-26,584.532898,78.259331,43.401398,93.278107
2025-02-27,575.202576,77.375435,42.556293,93.136711
2025-02-28,584.178955,77.537003,41.973461,93.551437
2025-03-03,573.944214,78.392403,41.604340,93.753777
2025-03-04,567.150452,78.373390,41.954033,93.517410
2025-03-05,573.246094,80.245766,43.207123,93.195938
2025-03-06,563.070374,79.418869,42.935131,93.101387
2025-03-07,566.226257,80.245766,43.148834,92.987938
2025-03-10,551.144470,78.354385,42.119171,93.432312
2025-03-11,546.562866,78.088264,42.468868,93.101387
2025-03-12,549.463257,78.649017,42.702000,92.827194
2025-03-13,542.138611,78.126282,42.527149,93.110847
2025-03-14,553.336853,79.561447,43.304260,92.921745
2025-03-17,557.604004,80.454865,44.042507,93.044678
2025-03-18,551.577026,80.445358,43.819092,93.139214
2025-03-19,557.584290,80.682968,43.925945,93.413406
2025-03-20,555.971863,80.008148,43.517960,93.470139
2025-03-21,556.155273,79.513931,43.304260,93.356659
2025-03-24,566.115173,79.504417,43.498535,92.997398
2025-03-25,567.476074,79.941620,43.372253,93.082481
2025-03-26,560.701416,78.905632,43.109982,92.855553
2025-03-27,559.212341,79.076714,43.323685,92.808296
2025-03-28,547.950623,78.373390,42.517437,93.347206
2025-03-31,551.628967,77.679573,42.449444,93.526871
2025-04-01,553.187012,77.793625,42.585430,93.873100
2025-04-02,556.687805,77.974213,42.643719,93.768738
2025-04-03,529.253784,76.339447,41.740334,94.262016
2025-04-04,498.269653,71.302109,39.418724,94.347389
2025-04-07,497.382172,69.581802,37.951935,93.152168
2025-04-08,489.591797,69.344208,37.417679,92.668373
2025-04-09,541.008423,74.695183,40.011269,92.877052
2025-04-10,517.302002,73.222008,39.321587,92.146652
2025-04-11,526.532043,75.056351,40.555241,92.051788
2025-04-14,531.640198,75.864227,40.924370,92.592484
2025-04-15,530.151123,76.548553,40.885509,92.782204
2025-04-16,518.366882,76.253914,40.409534,93.076286
2025-04-17,519.106445,77.080795,40.720379,92.839127
2025-04-21,506.750336,76.662605,40.710663,92.279442
2025-04-22,519.934814,78.249840,41.322636,92.450203
2025-04-23,527.991516,78.563484,41.798615,92.677856
2025-04-24,539.105164,79.608971,42.284302,93.190094
2025-04-25,543.000366,79.951126,42.206593,93.531578
2025-04-28,543.207458,80.483368,42.284302,93.787720
2025-04-29,546.629333,80.644943,42.400875,94.015381
2025-04-30,546.846191,80.549896,42.507725,93.930008
2025-05-01,550.721680,80.293289,42.498009,93.674019
2025-05-02,558.896729,81.833000,43.712238,93.217201
2025-05-05,555.691772,81.975571,44.042507,93.055397
2025-05-06,551.047119,81.871010,43.867661,93.283821
2025-05-07,553.364563,81.595383,43.362541,93.426575
2025-05-08,557.220276,81.310257,43.333397,92.941208
2025-05-09,556.510315,81.709442,43.624817,93.036385
2025-05-12,574.901550,82.127640,44.567059,92.722321
2025-05-13,578.698181,82.232185,44.644768,92.627144
2025-05-14,579.437683,81.833000,44.984749,92.360703
2025-05-15,582.267883,82.726418,44.965324,92.884117
2025-05-16,585.955994,82.916496,44.936180,92.941208
2025-05-19,586.596924,83.705376,45.033318,92.912674
2025-05-20,584.624695,84.104553,44.984749,92.750877
2025-05-21,574.773254,83.610329,44.868183,92.141792
2025-05-22,575.000122,83.562798,44.722477,92.408257
2025-05-23,571.075317,83.676857,44.907043,92.541527
2025-05-27,582.948303,84.893417,44.800186,92.960251
2025-05-28,579.575745,83.914467,44.596195,92.788948
2025-05-29,581.863586,84.285141,44.761337,93.131554
2025-05-30,581.212769,84.408691,44.217358,93.359955
2025-06-02,584.486694,85.311623,44.537914,93.114571
2025-06-03,587.819763,84.665314,44.644768,93.047722
2025-06-04,587.661926,85.045502,45.198456,93.601524
2025-06-05,584.821899,84.988464,45.431587,93.362808
2025-06-06,590.827454,85.292610,45.577290,92.885399
2025-06-09,591.359924,85.283104,45.965847,92.999977
2025-06-10,594.712769,85.397156,46.228123,93.210045
2025-06-11,593.016602,85.254585,46.422398,93.525139
2025-06-12,595.373474,85.910393,46.500107,93.868866
2025-06-13,588.717102,84.807884,45.761860,93.534683
2025-06-16,594.318359,85.125999,46.322868,93.343727
2025-06-17,589.239868,84.081741,45.714779,93.630165
2025-06-18,589.151001,84.226776,45.704967,93.696999
2025-06-20,587.767395,83.472595,45.440159,93.782951
2025-06-23,593.572998,84.101082,45.812859,93.973900
2025-06-24,600.130371,85.125999,46.999619,94.355820
2025-06-25,600.466675,84.661880,47.038845,94.346283
2025-06-26,605.164612,85.609444,47.352703,94.604103
2025-06-27,608.171265,86.382957,47.166351,94.336746
2025-06-30,611.079041,86.431305,47.313473,94.718666
2025-07-01,610.881287,86.286278,47.401745,94.631493
2025-07-02,613.650635,86.537674,47.607708,94.516556
2025-07-03,618.487000,86.557007,47.823483,94.324959
2025-07-07,613.878052,85.619110,47.146736,93.989708
2025-07-08,613.541809,86.247597,47.440975,93.951378
2025-07-09,617.221008,86.895424,47.362511,94.344124
2025-07-10,618.961792,86.837410,47.490013,94.315399
2025-07-11,616.785828,86.005875,47.333088,93.922646
2025-07-14,617.962769,86.005875,47.401745,93.913086
2025-07-15,615.322083,85.106659,47.745018,93.635262
2025-07-16,617.379272,85.454742,47.970604,93.769394
2025-07-17,621.157410,85.677132,48.245224,93.807693
2025-07-18,620.702454,85.435402,48.137337,93.980125
2025-07-21,621.879395,85.889847,48.451195,94.238747
2025-07-22,621.968445,86.363625,48.480618,94.420761
2025-07-23,627.259766,88.510147,48.971012,94.210014
2025-07-24,627.467468,87.852661,48.706196,94.152550
2025-07-25,630.118103,87.746292,48.559074,94.305809
2025-07-28,629.959900,86.334618,48.235420,94.181282
2025-07-29,628.298279,86.160576,48.255035,94.688980
2025-07-30,627.507019,85.541763,47.901951,94.420761
2025-07-31,625.153076,84.623207,47.627327,94.468651
2025-08-01,614.906555,84.400818,47.274239,95.285622
2025-08-04,624.253052,85.522423,47.764637,95.362511
2025-08-05,621.088135,85.512756,47.901951,95.391327
2025-08-06,625.845520,86.073555,48.127529,95.352882
2025-08-07,625.321289,86.847076,48.529655,95.275993
2025-08-08,630.197205,87.378876,48.490421,95.093376
2025-08-11,628.950989,87.011444,48.353111,95.160667
2025-08-12,635.646790,88.075035,48.941589,95.160667
2025-08-13,637.822754,88.606834,49.530064,95.506668
2025-08-14,637.882080,88.616508,48.921974,95.237549
2025-08-15,636.388672,89.138634,48.980820,95.093376
2025-08-18,636.250183,89.041939,49.265247,94.987686
2025-08-19,632.798401,89.051613,48.863125,95.170265
2025-08-20,631.117065,89.370689,48.794468,95.227951
2025-08-21,628.585083,88.809883,48.686581,95.006882
2025-08-22,638.238098,90.144218,49.657566,95.535500
2025-08-25,635.429260,88.954926,49.373135,95.391327
2025-08-26,638.089722,88.858231,49.245636,95.506668
2025-08-27,639.543701,88.645508,48.951397,95.602776
2025-08-28,641.808594,88.974258,49.137749,95.718109
2025-08-29,637.980957,88.452141,48.902359,95.593170
2025-09-02,633.253357,87.581924,48.863125,95.339569
2025-09-03,636.685303,87.717293,49.049477,95.686707
2025-09-04,642.006409,88.355438,48.892548,96.072411
2025-09-05,640.146912,88.751877,49.481026,96.525635
2025-09-08,641.719604,89.641418,49.932190,96.853500
2025-09-09,643.203186,89.341682,50.206810,96.660637
2025-09-10,645.062500,89.322342,50.550091,96.853500
2025-09-11,650.423096,90.269905,51.285686,97.036713
2025-09-12,650.205566,89.912155,51.256260,96.949928
2025-09-15,653.667114,90.511635,51.628963,97.113869
2025-09-16,652.767090,90.260239,52.011471,97.152435
2025-09-17,651.956116,89.921822,52.237053,96.978859
2025-09-18,655.002380,90.269905,52.109550,96.708855
2025-09-19,658.246521,89.921822,51.991852,96.708855
2025-09-22,661.360718,90.211899,52.246864,96.593124
2025-09-23,657.760559,90.037857,52.276283,96.747437
2025-09-24,655.667847,89.515732,52.099743,96.564209
2025-09-25,652.642944,88.877563,51.795696,96.429199
2025-09-26,656.381897,89.564072,51.697617,96.496719
2025-09-29,658.226685,89.912155,52.168396,96.679924
2025-09-30,660.706055,90.279579,52.374367,96.670280
2025-10-01,662.957458,91.024094,52.786297,96.916969
2025-10-02,663.721069,91.169128,53.031494,97.023392
2025-10-03,663.711304,91.932976,53.188423,96.916969
2025-10-06,666.091492,92.145699,53.433624,96.704155
2025-10-07,663.622009,91.343170,53.021690,96.868591
2025-10-08,667.579163,91.613899,53.443432,96.878281
2025-10-09,665.645203,90.859726,52.894184,96.762177
2025-10-10,647.654236,89.186974,50.942406,97.158836
2025-10-13,657.591919,89.902489,52.423409,97.342644
2025-10-14,656.788574,90.308594,51.952625,97.497429
2025-10-15,659.704407,90.743690,52.805916,97.458733
2025-10-16,655.211670,91.217468,53.149193,97.807007
2025-10-17,658.930847,91.381844,53.139385,97.671570
2025-10-20,665.784058,92.136024,53.865170,97.836037
2025-10-21,665.774109,91.459198,53.266888,97.932762
2025-10-22,662.312744,91.323830,53.217846,97.923103
2025-10-23,666.240295,91.749268,53.688629,97.748970
2025-10-24,671.685181,91.894302,54.041714,97.845703
2025-10-27,679.609497,92.532455,54.639996,97.913437
2025-10-28,681.414551,92.493782,54.620380,97.971466
2025-10-29,681.741821,91.971664,54.934235,97.507103
2025-10-30,674.244019,91.565552,54.365376,97.323303
2025-10-31,676.455688,91.362503,54.237873,97.265251
2025-11-03,677.725159,91.401184,54.581154,97.145866
2025-11-04,669.691650,90.463287,53.580742,97.194397
2025-11-05,672.012451,91.043434,54.061329,96.932335
2025-11-06,664.802246,90.840378,53.659206,97.291458
2025-11-07,665.456726,91.178802,53.502277,97.252640
2025-11-10,675.840698,92.136024,54.443836,97.213814
2025-11-11,677.387939,92.812859,54.502686,97.504990
2025-11-12,677.764771,93.363991,54.512493,97.466171
2025-11-13,666.518005,92.368080,53.874981,97.174995
2025-11-14,666.408813,92.107025,53.904404,97.058517
2025-11-17,660.200317,90.908066,53.266888,97.077919
2025-11-18,654.656250,89.728447,53.002075,97.136169
2025-11-19,657.185303,89.457703,52.815720,97.136169
2025-11-20,647.168335,88.220078,52.089939,97.252640
2025-11-21,653.614868,89.583412,52.080124,97.485580
2025-11-24,663.235168,89.660767,52.629372,97.679688
2025-11-25,669.473511,90.734016,52.815720,97.834984
2025-11-26,674.095215,91.729935,53.198235,97.990280
2025-11-28,677.774719,92.039345,53.276691,97.854393
2025-12-01,674.680359,91.584892,53.237465,97.431793
2025-12-02,675.929993,91.894302,53.257080,97.558380
2025-12-03,678.270630,92.387428,53.296310,97.743393
2025-12-04,678.766541,92.638817,53.286507,97.509697
2025-12-05,680.055786,92.638817,53.688629,97.402588
2025-12-08,678.012756,92.348747,53.570934,97.246780
2025-12-09,677.427612,92.223053,53.482662,97.159149
2025-12-10,681.920349,93.247963,54.080944,97.470726
2025-12-11,683.507202,93.799095,53.825939,97.490227
2025-12-12,676.158142,93.305977,53.198235,97.188354
2025-12-15,675.136597,93.876450,53.041309,97.285736
2025-12-16,673.291870,93.441338,52.706047,97.470726
2025-12-17,665.883240,92.683334,52.328011,97.441536
2025-12-18,670.911499,93.342896,52.924911,97.684952
2025-12-19,676.992310,93.972923,53.442223,97.542320
2025-12-22,681.209839,94.209183,53.730721,97.503258
2025-12-23,684.323303,94.790001,54.029171,97.503258
2025-12-24,686.730530,94.908134,54.138599,97.718178
2025-12-26,686.660889,95.065636,54.516636,97.737724
2025-12-29,684.213867,94.780151,54.377361,97.854965
2025-12-30,683.378296,94.937660,54.596222,97.815887
2025-12-31,678.315247,94.534042,54.427101,97.581413
2026-01-02,679.558594,95.528313,55.949192,97.552101
2026-01-05,684.084595,96.621025,56.565983,97.737724
2026-01-06,688.152954,96.768692,56.983810,97.718178
2026-01-07,685.934753,96.404449,56.556034,97.815887
2026-01-08,685.865112,96.414299,56.575932,97.640022
2026-01-09,690.401001,97.270737,56.844536,97.854965
2026-01-12,691.485229,97.861397,57.640396,97.806114
2026-01-13,690.102600,97.300270,57.212620,97.894043
2026-01-14,686.710571,97.753113,57.451382,98.040573
2026-01-15,688.580688,97.713730,57.789623,97.913574
2026-01-16,688.003723,97.979523,57.570759,97.747498
2026-01-20,673.998169,96.493042,57.013657,97.376236
2026-01-21,681.776855,97.487312,57.958744,97.698647
2026-01-22,685.337952,97.871239,58.396469,97.718178
2026-01-23,685.586548,98.412674,58.764557,97.806114
2026-01-26,689.068115,98.904884,58.864037,97.952667
2026-01-27,691.813477,100.499641,60.027988,97.884270
2026-01-28,691.743835,99.436470,60.435867,97.845192
2026-01-29,690.371155,100.105881,60.127472,97.845192
2026-01-30,688.312134,99.170670,58.794399,97.825645
2026-02-02,691.733887,99.820396,58.973469,97.712936
2026-02-03,685.885010,99.869614,59.291813,97.722733
2026-02-04,682.562683,100.194473,58.495953,97.663925
2026-02-05,674.037964,98.767067,58.227348,98.085396
2026-02-06,686.969238,101.011543,59.759384,98.144203
2026-02-09,690.281616,102.370041,60.197109,98.173615
2026-02-10,688.461304,102.616150,60.286644,98.457863
2026-02-11,688.302185,103.305252,61.241680,98.232422
2026-02-12,677.668701,102.527557,60.545300,98.673500
2026-02-13,678.146118,102.616150,60.803955,98.987152
2026-02-17,679.240295,102.596466,60.555248,98.996941
2026-02-18,682.662109,102.714592,60.873592,98.859734
2026-02-19,680.861694,102.429115,60.724369,98.879326
2026-02-20,685.785583,103.265869,62.017647,98.898933
2026-02-23,678.782776,102.842567,61.331215,99.094971
2026-02-24,683.716492,103.029610,62.296200,99.085159
2026-02-25,689.485901,104.014038,62.982632,99.036156
2026-02-26,685.656189,103.925430,62.385735,99.192978
2026-02-27,682.363708,103.738388,62.256409,99.389015
2026-03-02,682.751648,101.690796,61.181992,98.991798
2026-03-03,676.733704,98.530800,58.117916,98.883629
2026-03-04,681.508301,99.800705,58.744659,98.844315
2026-03-05,677.708435,97.615295,57.332005,98.559166
2026-03-06,668.825623,96.748993,57.023605,98.441193
2026-03-09,674.684509,97.447937,58.147762,98.755821
2026-03-10,673.600281,97.674355,58.376572,98.431351
2026-03-11,672.754822,97.467628,58.525799,97.988907
2026-03-12,662.539062,95.941772,56.655518,97.625107
2026-03-13,658.789001,94.799843,56.506294,97.546448
2026-03-16,665.493408,96.571800,58.078125,97.929901
2026-03-17,667.244019,96.837601,58.446209,98.126549
2026-03-18,657.933533,95.183769,57.262367,97.713593
2026-03-19,656.312134,95.016411,57.322052,97.821754
2026-03-20,646.903442,92.132057,55.352291,97.005669
2026-03-23,653.695923,94.347000,57.013657,97.369461
2026-03-24,651.501587,93.785881,56.227741,97.103989
2026-03-25,655.132202,95.154236,57.123085,97.448120
2026-03-26,643.432373,93.185394,55.183174,96.897514
2026-03-27,632.460632,92.338791,54.914570,96.887672
2026-03-30,630.346069,92.604576,54.466896,97.379295
2026-03-31,648.668884,95.616905,56.496346,97.605438
2026-04-01,653.556274,97.073860,56.934071,97.671532
2026-04-02,654.144775,96.473358,56.297379,97.898453
2026-04-06,657.236816,96.955727,56.814693,97.720879
2026-04-07,657.526001,96.817902,57.013657,97.839249
2026-04-08,674.272949,100.598091,60.127472,98.095772
2026-04-09,678.162842,100.361824,59.968300,98.154968
2026-04-10,677.714050,100.588242,60.246853,97.987244
2026-04-13,684.336975,101.208427,60.754215,98.184555
2026-04-14,692.675537,102.025497,61.918167,98.441071
2026-04-15,698.141418,101.700638,61.878372,98.283218
2026-04-16,699.856995,101.405312,62.127079,98.145096
2026-04-17,708.315247,102.694908,63.310925,98.510132
2026-04-20,706.898804,102.291298,62.853306,98.500267
2026-04-21,702.270813,100.046806,61.928112,98.135231
2026-04-22,709.382507,100.381516,63.052269,98.273354
2026-04-23,706.629578,99.662888,62.027596,98.115494
2026-04-24,712.105469,100.184624,63.410408,98.253616
2026-04-27,713.332275,99.800705,63.310925,98.105637
2026-04-28,709.861206,99.387245,62.664288,98.066170
2026-04-29,709.751526,98.373291,62.365837,97.632072
2026-04-30,716.813293,100.726059,63.659119,97.770195
2026-05-01,718.798218,100.509491,63.798389,97.898888
2026-05-04,716.164978,99.131294,63.768543,97.592018
2026-05-05,721.910217,100.450424,65.061829,97.770195
2026-05-06,731.944336,103.177269,67.141014,98.185951
2026-05-07,729.700134,101.287186,66.245667,97.948372
2026-05-08,735.724609,102.340515,67.588692,98.176048
2026-05-11,737.400269,102.123940,67.538948,97.918678
2026-05-12,736.283142,101.533287,65.479652,97.631615
2026-05-13,740.402527,102.212540,66.862465,97.671211
2026-05-14,746.247498,101.848305,67.031586,97.641518
2026-05-15,737.270630,100.135406,64.733528,97.027779
2026-05-18,736.751953,101.060768,64.634048,97.017899
2026-05-19,731.844604,100.332291,63.927723,96.641739
2026-05-20,739.345276,102.005814,65.121513,97.225769
2026-05-21,740.811462,102.566933,65.688568,97.344551
2026-05-22,743.723999,102.360207,65.539337,97.443542
2026-05-26,748.661316,103.492287,68.046310,97.720711
2026-05-27,748.531616,103.137894,68.036362,97.799904
2026-05-28,752.660950,103.059143,68.255226,97.997864
2026-05-29,754.536133,103.167435,68.245277,98.057259
2026-06-01,756.590820,102.813042,69.717628,98.008606
2026-06-02,757.618225,103.383995,70.433907,98.038391
2026-06-03,752.301880,102.498024,69.558449,97.829819
2026-06-04,755.144592,103.315086,68.742691,97.988739
2026-06-05,735.654785,100.667000,64.256012,97.502068
2026-06-08,737.320435,101.277336,65.410011,97.502068
2026-06-09,735.156067,101.297028,65.479652,97.700706
2026-06-10,723.565918,99.987747,64.325653,97.641113
2026-06-11,735.864258,103.098526,67.150963,98.207237
2026-06-12,739.843994,103.383995,67.528999,98.088051
2026-06-15,752.890381,104.080002,69.750000,98.177437
2026-06-16,748.401978,104.309998,68.639999,98.296623
2026-06-17,739.056030,103.779999,68.559998,97.939072
2026-06-18,746.739990,104.410004,70.790001,98.227104
2026-06-22,744.390015,104.580002,71.209999,97.958931
2026-06-23,733.580017,102.459999,67.169998,98.038391
2026-06-24,733.239990,102.260002,67.250000,98.515129
2026-06-25,734.299988,103.150002,67.959999,98.574722
2026-06-26,728.989990,102.540001,67.190002,98.664101
2026-06-29,741.000000,103.449997,67.430000,98.693909
2026-06-30,746.770020,103.879997,68.410004,98.306557
2026-07-01,745.760010,103.019997,66.480003,98.158073
2026-07-02,744.780029,104.370003,65.699997,98.267693
2026-07-06,751.280029,105.459999,67.570000,98.317520
2026-07-07,747.710022,104.160004,65.720001,97.869080
2026-07-08,745.400024,103.360001,66.230003,97.699677
2026-07-09,751.710022,103.919998,66.779999,97.839188
2026-07-10,754.950012,104.330002,66.900002,97.739532
2026-07-13,749.169983,103.239998,64.500000,97.370819
2026-07-14,751.830017,103.959999,65.669998,97.659813
2026-07-15,754.809998,104.650002,65.570000,97.799324
2026-07-16,750.719971,103.809998,64.190002,97.789360
2026-07-17,743.289978,103.330002,63.290001,97.859116
2026-07-20,742.090027,102.570000,63.560001,97.609985
2026-07-21,748.280029,104.059998,65.339996,97.400711
2026-07-22,747.409973,104.250000,64.989998,97.241272
2026-07-23,738.179993,102.900002,64.599998,97.002098
2026-07-24,738.929993,103.410004,63.330002,97.121681
2026-07-27,739.090027,103.910004,63.619999,97.350891
2026-07-28,740.859985,103.889999,62.360001,97.580086
2026-07-29,729.460022,103.370003,61.070000,97.211380
2026-07-30,741.690002,106.239998,63.590000,97.281136
2026-07-31,747.030029,105.580002,64.089996,97.031998
2026-08-03,757.669983,106.019997,64.320000,97.260002
2026-08-04,771.330017,107.320000,66.000000,97.660004
2026-08-05,769.789978,107.430000,65.720001,97.709999
2026-08-06,768.559998,107.360001,65.019997,97.430000
2026-08-07,773.260010,108.550003,65.639999,97.599998
2026-08-10,773.030029,108.010002,65.169998,97.239998
2026-08-11,770.559998,108.089996,65.430000,97.320000
2026-08-12,772.489990,108.500000,66.459999,97.430000
2026-08-13,777.880005,108.690002,66.680000,97.690002
2026-08-14,776.340027,108.639999,66.610001,97.480003
2026-08-17,772.669983,108.449997,67.320000,97.250000
2026-08-18,767.450012,107.269997,65.339996,97.349998
2026-08-19,769.059998,107.660004,66.110001,97.820000
2026-08-20,762.599976,107.349998,66.620003,97.489998
2026-08-21,765.719971,108.239998,67.120003,97.349998
2026-08-24,763.469971,108.029999,66.110001,97.550003
2026-08-25,765.909973,108.809998,67.250000,98.010002
2026-08-26,766.080017,108.269997,67.169998,97.860001
2026-08-27,771.099976,108.019997,67.610001,97.830002
2026-08-28,769.349976,107.720001,67.139999,97.489998
