Date,XUU.TO,XEF.TO,XEC.TO,XIC.TO,ZAG.TO
2001-02-22,,,,6.785575,
2001-02-23,,,,6.705348,
2001-02-26,,,,6.832374,
2001-02-27,,,,6.772207,
2001-02-28,,,,6.812315,
2001-03-01,,,,6.845746,
2001-03-02,,,,6.785575,
2001-03-05,,,,6.865799,
2001-03-06,,,,6.905910,
2001-03-07,,,,7.006189,
2001-03-08,,,,6.939334,
2001-03-09,,,,6.865799,
2001-03-12,,,,6.698668,
2001-03-13,,,,6.732092,
2001-03-14,,,,6.618447,
2001-03-15,,,,6.631812,
2001-03-16,,,,6.531532,
2001-03-19,,,,6.651868,
2001-03-20,,,,6.544905,
2001-03-21,,,,6.498109,
2001-03-22,,,,6.464679,
2001-03-23,,,,6.471900,
2001-03-26,,,,6.505333,
2001-03-27,,,,6.558816,
2001-03-28,,,,6.391673,
2001-03-29,,,,6.331498,
2001-03-30,,,,6.498645,
2001-04-02,,,,6.478588,
2001-04-03,,,,6.351553,
2001-04-04,,,,6.311440,
2001-04-05,,,,6.445158,
2001-04-06,,,,6.364928,
2001-04-09,,,,6.431786,
2001-04-10,,,,6.585560,
2001-04-11,,,,6.552131,
2001-04-12,,,,6.618993,
2001-04-16,,,,6.585560,
2001-04-17,,,,6.605616,
2001-04-18,,,,6.859679,
2001-04-19,,,,6.893110,
2001-04-20,,,,6.832938,
2001-04-23,,,,6.746021,
2001-04-24,,,,6.685845,
2001-04-25,,,,6.752706,
2001-04-26,,,,6.746021,
2001-04-27,,,,6.732650,
2001-04-30,,,,6.685845,
2001-05-01,,,,6.705903,
2001-05-02,,,,6.712592,
2001-05-03,,,,6.672480,
2001-05-04,,,,6.712592,
2001-05-07,,,,6.725962,
2001-05-08,,,,6.766079,
2001-05-09,,,,6.792822,
2001-05-10,,,,6.839623,
2001-05-11,,,,6.772766,
2001-05-14,,,,6.766079,
2001-05-15,,,,6.819563,
2001-05-16,,,,6.859679,
2001-05-17,,,,6.966656,
2001-05-18,,,,6.993397,
2001-05-22,,,,7.060256,
2001-05-23,,,,7.046885,
2001-05-24,,,,7.040198,
2001-05-25,,,,6.966656,
2001-05-28,,,,7.000085,
2001-05-29,,,,6.973341,
2001-05-30,,,,6.866365,
2001-05-31,,,,6.919854,
2001-06-01,,,,6.966656,
2001-06-04,,,,7.020141,
2001-06-05,,,,7.033512,
2001-06-06,,,,6.966656,
2001-06-07,,,,6.966656,
2001-06-08,,,,6.933226,
2001-06-11,,,,6.879740,
2001-06-12,,,,6.906480,
2001-06-13,,,,6.846312,
2001-06-14,,,,6.779450,
2001-06-15,,,,6.665792,
2001-06-18,,,,6.585560,
2001-06-19,,,,6.572190,
2001-06-20,,,,6.558816,
2001-06-21,,,,6.612302,
2001-06-22,,,,6.618993,
2001-06-25,,,,6.604895,
2001-06-26,,,,6.497500,
2001-06-27,,,,6.430373,
2001-06-28,,,,6.477361,
2001-06-29,,,,6.598181,
2001-07-03,,,,6.625034,
2001-07-04,,,,6.618320,
2001-07-05,,,,6.571333,
2001-07-06,,,,6.484072,
2001-07-09,,,,6.517635,
2001-07-10,,,,6.490784,
2001-07-11,,,,6.470647,
2001-07-12,,,,6.578044,
2001-07-13,,,,6.625034,
2001-07-16,,,,6.578044,
2001-07-17,,,,6.578044,
2001-07-18,,,,6.544485,
2001-07-19,,,,6.510921,
2001-07-20,,,,6.544485,
2001-07-23,,,,6.544485,
2001-07-24,,,,6.510921,
2001-07-25,,,,6.578044,
2001-07-26,,,,6.571333,
2001-07-27,,,,6.598181,
2001-07-30,,,,6.591470,
2001-07-31,,,,6.645171,
2001-08-01,,,,6.651880,
2001-08-02,,,,6.685441,
2001-08-03,,,,6.678730,
2001-08-07,,,,6.678730,
2001-08-08,,,,6.598181,
2001-08-09,,,,6.631742,
2001-08-10,,,,6.611605,
2001-08-13,,,,6.578044,
2001-08-14,,,,6.551199,
2001-08-15,,,,6.510921,
2001-08-16,,,,6.517635,
2001-08-17,,,,6.477361,
2001-08-20,,,,6.490784,
2001-08-21,,,,6.443797,
2001-08-22,,,,6.531061,
2001-08-23,,,,6.551199,
2001-08-24,,,,6.631742,
2001-08-27,,,,6.659935,
2001-08-28,,,,6.551199,
2001-08-29,,,,6.497500,
2001-08-30,,,,6.430373,
2001-08-31,,,,6.450510,
2001-09-04,,,,6.484072,
2001-09-05,,,,6.463936,
2001-09-06,,,,6.443797,
2001-09-07,,,,6.396812,
2001-09-10,,,,6.376673,
2001-09-11,,,,6.081336,
2001-09-13,,,,6.188732,
2001-09-14,,,,6.007501,
2001-09-17,,,,6.007501,
2001-09-18,,,,5.926950,
2001-09-19,,,,5.826266,
2001-09-20,,,,5.698737,
2001-09-21,,,,5.624901,
2001-09-24,,,,5.758684,
2001-09-25,,,,5.826118,
2001-09-26,,,,5.772173,
2001-09-27,,,,5.751942,
2001-09-28,,,,5.954239,
2001-10-01,,,,5.927265,
2001-10-02,,,,5.934009,
2001-10-03,,,,6.048642,
2001-10-04,,,,6.048642,
2001-10-05,,,,5.974468,
2001-10-09,,,,5.954239,
2001-10-10,,,,6.048642,
2001-10-11,,,,6.116075,
2001-10-12,,,,6.075614,
2001-10-15,,,,6.041901,
2001-10-16,,,,6.095846,
2001-10-17,,,,6.055386,
2001-10-18,,,,5.947495,
2001-10-19,,,,5.960981,
2001-10-22,,,,5.954239,
2001-10-23,,,,5.981210,
2001-10-24,,,,5.947495,
2001-10-25,,,,5.940751,
2001-10-26,,,,6.095846,
2001-10-29,,,,5.981210,
2001-10-30,,,,5.907033,
2001-10-31,,,,5.974468,
2001-11-01,,,,6.028415,
2001-11-02,,,,6.075614,
2001-11-05,,,,6.163277,
2001-11-06,,,,6.176761,
2001-11-07,,,,6.237449,
2001-11-08,,,,6.217224,
2001-11-09,,,,6.304883,
2001-11-12,,,,6.304883,
2001-11-13,,,,6.399289,
2001-11-14,,,,6.439748,
2001-11-15,,,,6.331856,
2001-11-16,,,,6.379057,
2001-11-19,,,,6.473461,
2001-11-20,,,,6.446491,
2001-11-21,,,,6.372316,
2001-11-22,,,,6.433001,
2001-11-23,,,,6.439748,
2001-11-26,,,,6.507179,
2001-11-27,,,,6.547639,
2001-11-28,,,,6.419517,
2001-11-29,,,,6.466722,
2001-11-30,,,,6.453235,
2001-12-03,,,,6.399289,
2001-12-04,,,,6.493694,
2001-12-05,,,,6.635299,
2001-12-06,,,,6.635299,
2001-12-07,,,,6.635299,
2001-12-10,,,,6.561124,
2001-12-11,,,,6.534150,
2001-12-12,,,,6.581355,
2001-12-13,,,,6.459976,
2001-12-14,,,,6.439748,
2001-12-17,,,,6.520665,
2001-12-18,,,,6.581355,
2001-12-19,,,,6.527410,
2001-12-20,,,,6.453235,
2001-12-21,,,,6.513924,
2001-12-24,,,,6.572861,
2001-12-27,,,,6.613600,
2001-12-28,,,,6.674712,
2001-12-31,,,,6.661131,
2002-01-02,,,,6.654346,
2002-01-03,,,,6.776567,
2002-01-04,,,,6.817305,
2002-01-07,,,,6.858046,
2002-01-08,,,,6.762986,
2002-01-09,,,,6.742615,
2002-01-10,,,,6.688294,
2002-01-11,,,,6.654346,
2002-01-14,,,,6.593232,
2002-01-15,,,,6.586439,
2002-01-16,,,,6.566069,
2002-01-17,,,,6.586439,
2002-01-18,,,,6.566069,
2002-01-21,,,,6.552492,
2002-01-22,,,,6.498167,
2002-01-23,,,,6.572861,
2002-01-24,,,,6.627185,
2002-01-25,,,,6.654346,
2002-01-28,,,,6.613600,
2002-01-29,,,,6.518540,
2002-01-30,,,,6.518540,
2002-01-31,,,,6.606808,
2002-02-01,,,,6.661131,
2002-02-04,,,,6.538910,
2002-02-05,,,,6.477798,
2002-02-06,,,,6.454712,
2002-02-07,,,,6.454712,
2002-02-08,,,,6.496814,
2002-02-11,,,,6.559282,
2002-02-12,,,,6.490023,
2002-02-13,,,,6.491378,
2002-02-14,,,,6.457429,
2002-02-15,,,,6.437059,
2002-02-18,,,,6.457429,
2002-02-19,,,,6.375944,
2002-02-20,,,,6.375944,
2002-02-21,,,,6.375944,
2002-02-22,,,,6.382738,
2002-02-25,,,,6.471006,
2002-02-26,,,,6.532117,
2002-02-27,,,,6.606808,
2002-02-28,,,,6.593232,
2002-03-01,,,,6.654346,
2002-03-04,,,,6.790143,
2002-03-05,,,,6.769775,
2002-03-06,,,,6.837676,
2002-03-07,,,,6.864839,
2002-03-08,,,,6.810514,
2002-03-11,,,,6.817305,
2002-03-12,,,,6.783356,
2002-03-13,,,,6.735826,
2002-03-14,,,,6.762986,
2002-03-15,,,,6.796937,
2002-03-18,,,,6.830889,
2002-03-19,,,,6.837676,
2002-03-20,,,,6.815945,
2002-03-21,,,,6.762986,
2002-03-22,,,,6.722245,
2002-03-25,,,,6.661131,
2002-03-26,,,,6.672447,
2002-03-27,,,,6.735165,
2002-03-28,,,,6.789703,
2002-04-01,,,,6.844240,
2002-04-02,,,,6.796519,
2002-04-03,,,,6.735165,
2002-04-04,,,,6.660178,
2002-04-05,,,,6.653361,
2002-04-08,,,,6.632912,
2002-04-09,,,,6.598824,
2002-04-10,,,,6.653361,
2002-04-11,,,,6.592010,
2002-04-12,,,,6.605644,
2002-04-15,,,,6.653361,
2002-04-16,,,,6.707899,
2002-04-17,,,,6.735165,
2002-04-18,,,,6.687447,
2002-04-19,,,,6.762435,
2002-04-22,,,,6.694263,
2002-04-23,,,,6.612464,
2002-04-24,,,,6.592010,
2002-04-25,,,,6.585194,
2002-04-26,,,,6.523841,
2002-04-29,,,,6.482936,
2002-04-30,,,,6.537472,
2002-05-01,,,,6.557927,
2002-05-02,,,,6.578375,
2002-05-03,,,,6.578375,
2002-05-06,,,,6.510205,
2002-05-07,,,,6.442033,
2002-05-08,,,,6.571557,
2002-05-09,,,,6.557927,
2002-05-10,,,,6.496567,
2002-05-13,,,,6.518386,
2002-05-14,,,,6.585194,
2002-05-15,,,,6.585194,
2002-05-16,,,,6.612464,
2002-05-17,,,,6.592010,
2002-05-21,,,,6.544290,
2002-05-22,,,,6.503387,
2002-05-23,,,,6.578375,
2002-05-24,,,,6.530655,
2002-05-27,,,,6.523841,
2002-05-28,,,,6.489751,
2002-05-29,,,,6.455668,
2002-05-30,,,,6.462485,
2002-05-31,,,,6.503387,
2002-06-03,,,,6.442033,
2002-06-04,,,,6.407951,
2002-06-05,,,,6.394318,
2002-06-06,,,,6.346598,
2002-06-07,,,,6.346598,
2002-06-10,,,,6.346598,
2002-06-11,,,,6.264795,
2002-06-12,,,,6.217077,
2002-06-13,,,,6.189807,
2002-06-14,,,,6.169358,
2002-06-17,,,,6.257981,
2002-06-18,,,,6.264795,
2002-06-19,,,,6.196625,
2002-06-20,,,,6.162542,
2002-06-21,,,,6.060285,
2002-06-24,,,,6.053028,
2002-06-25,,,,6.032487,
2002-06-26,,,,5.984555,
2002-06-27,,,,6.018790,
2002-06-28,,,,6.107805,
2002-07-02,,,,5.929775,
2002-07-03,,,,5.970860,
2002-07-04,,,,6.005097,
2002-07-05,,,,6.087264,
2002-07-08,,,,6.053028,
2002-07-09,,,,5.998253,
2002-07-10,,,,5.888692,
2002-07-11,,,,5.813372,
2002-07-12,,,,5.792831,
2002-07-15,,,,5.710659,
2002-07-16,,,,5.696966,
2002-07-17,,,,5.683274,
2002-07-18,,,,5.744900,
2002-07-19,,,,5.546324,
2002-07-22,,,,5.395686,
2002-07-23,,,,5.231348,
2002-07-24,,,,5.409379,
2002-07-25,,,,5.320363,
2002-07-26,,,,5.388838,
2002-07-29,,,,5.546324,
2002-07-30,,,,5.566868,
2002-07-31,,,,5.642189,
2002-08-01,,,,5.601106,
2002-08-02,,,,5.546324,
2002-08-06,,,,5.566868,
2002-08-07,,,,5.512089,
2002-08-08,,,,5.635341,
2002-08-09,,,,5.696966,
2002-08-12,,,,5.655881,
2002-08-13,,,,5.580563,
2002-08-14,,,,5.566868,
2002-08-15,,,,5.607953,
2002-08-16,,,,5.628495,
2002-08-19,,,,5.676426,
2002-08-20,,,,5.724358,
2002-08-21,,,,5.717509,
2002-08-22,,,,5.792831,
2002-08-23,,,,5.669578,
2002-08-26,,,,5.724358,
2002-08-27,,,,5.717509,
2002-08-28,,,,5.632600,
2002-08-29,,,,5.621647,
2002-08-30,,,,5.676426,
2002-09-03,,,,5.532629,
2002-09-04,,,,5.546324,
2002-09-05,,,,5.546324,
2002-09-06,,,,5.546324,
2002-09-09,,,,5.566868,
2002-09-10,,,,5.601106,
2002-09-11,,,,5.676426,
2002-09-12,,,,5.601106,
2002-09-13,,,,5.566868,
2002-09-16,,,,5.532629,
2002-09-17,,,,5.477853,
2002-09-18,,,,5.409379,
2002-09-19,,,,5.306669,
2002-09-20,,,,5.265587,
2002-09-23,,,,5.209977,
2002-09-24,,,,5.203093,
2002-09-25,,,,5.265035,
2002-09-26,,,,5.278800,
2002-09-27,,,,5.216860,
2002-09-30,,,,5.271920,
2002-10-01,,,,5.299446,
2002-10-02,,,,5.196212,
2002-10-03,,,,5.134268,
2002-10-04,,,,5.065445,
2002-10-07,,,,4.975976,
2002-10-08,,,,5.003506,
2002-10-09,,,,4.879622,
2002-10-10,,,,4.989738,
2002-10-11,,,,5.148037,
2002-10-15,,,,5.382038,
2002-10-16,,,,5.320096,
2002-10-17,,,,5.430211,
2002-10-18,,,,5.485270,
2002-10-21,,,,5.505919,
2002-10-22,,,,5.423332,
2002-10-23,,,,5.443979,
2002-10-24,,,,5.505919,
2002-10-25,,,,5.499038,
2002-10-28,,,,5.554100,
2002-10-29,,,,5.437094,
2002-10-30,,,,5.471507,
2002-10-31,,,,5.416448,
2002-11-01,,,,5.409566,
2002-11-04,,,,5.547211,
2002-11-05,,,,5.519686,
2002-11-06,,,,5.574742,
2002-11-07,,,,5.540331,
2002-11-08,,,,5.532070,
2002-11-11,,,,5.423332,
2002-11-12,,,,5.471507,
2002-11-13,,,,5.437094,
2002-11-14,,,,5.512801,
2002-11-15,,,,5.567863,
2002-11-18,,,,5.609154,
2002-11-19,,,,5.581627,
2002-11-20,,,,5.609154,
2002-11-21,,,,5.726155,
2002-11-22,,,,5.719274,
2002-11-25,,,,5.753686,
2002-11-26,,,,5.643569,
2002-11-27,,,,5.760569,
2002-11-28,,,,5.788096,
2002-11-29,,,,5.726155,
2002-12-02,,,,5.760569,
2002-12-03,,,,5.801863,
2002-12-04,,,,5.753686,
2002-12-05,,,,5.691744,
2002-12-06,,,,5.739918,
2002-12-09,,,,5.671097,
2002-12-10,,,,5.719274,
2002-12-11,,,,5.746802,
2002-12-12,,,,5.767450,
2002-12-13,,,,5.788096,
2002-12-16,,,,5.822511,
2002-12-17,,,,5.753686,
2002-12-18,,,,5.677980,
2002-12-19,,,,5.657334,
2002-12-20,,,,5.691744,
2002-12-23,,,,5.760902,
2002-12-24,,,,5.733239,
2002-12-27,,,,5.712492,
2002-12-30,,,,5.733239,
2002-12-31,,,,5.753986,
2003-01-02,,,,5.850808,
2003-01-03,,,,5.885387,
2003-01-06,,,,5.975295,
2003-01-07,,,,5.947630,
2003-01-08,,,,5.857726,
2003-01-09,,,,5.864640,
2003-01-10,,,,5.933802,
2003-01-13,,,,5.940712,
2003-01-14,,,,5.954544,
2003-01-15,,,,5.919967,
2003-01-16,,,,5.926882,
2003-01-17,,,,5.871556,
2003-01-20,,,,5.885387,
2003-01-21,,,,5.816230,
2003-01-22,,,,5.830059,
2003-01-23,,,,5.864640,
2003-01-24,,,,5.788567,
2003-01-27,,,,5.705574,
2003-01-28,,,,5.705574,
2003-01-29,,,,5.712492,
2003-01-30,,,,5.684829,
2003-01-31,,,,5.684829,
2003-02-03,,,,5.712492,
2003-02-04,,,,5.691743,
2003-02-05,,,,5.657166,
2003-02-06,,,,5.615673,
2003-02-07,,,,5.629501,
2003-02-10,,,,5.594924,
2003-02-11,,,,5.643333,
2003-02-12,,,,5.622587,
2003-02-13,,,,5.601836,
2003-02-14,,,,5.636414,
2003-02-17,,,,5.719409,
2003-02-18,,,,5.740156,
2003-02-19,,,,5.705574,
2003-02-20,,,,5.719409,
2003-02-21,,,,5.733239,
2003-02-24,,,,5.657166,
2003-02-25,,,,5.657166,
2003-02-26,,,,5.698662,
2003-02-27,,,,5.740156,
2003-02-28,,,,5.753986,
2003-03-03,,,,5.657166,
2003-03-04,,,,5.615673,
2003-03-05,,,,5.615673,
2003-03-06,,,,5.546514,
2003-03-07,,,,5.560343,
2003-03-10,,,,5.525764,
2003-03-11,,,,5.518847,
2003-03-12,,,,5.449688,
2003-03-13,,,,5.546514,
2003-03-14,,,,5.532682,
2003-03-17,,,,5.629501,
2003-03-18,,,,5.636414,
2003-03-19,,,,5.677913,
2003-03-20,,,,5.698662,
2003-03-21,,,,5.760902,
2003-03-24,,,,5.630360,
2003-03-25,,,,5.616458,
2003-03-26,,,,5.602556,
2003-03-27,,,,5.595605,
2003-03-28,,,,5.623414,
2003-03-31,,,,5.581704,
2003-04-01,,,,5.581704,
2003-04-02,,,,5.651217,
2003-04-03,,,,5.651217,
2003-04-04,,,,5.644266,
2003-04-07,,,,5.706823,
2003-04-08,,,,5.685970,
2003-04-09,,,,5.658165,
2003-04-10,,,,5.642872,
2003-04-11,,,,5.672070,
2003-04-14,,,,5.679017,
2003-04-15,,,,5.720725,
2003-04-16,,,,5.699872,
2003-04-17,,,,5.748532,
2003-04-21,,,,5.783284,
2003-04-22,,,,5.797187,
2003-04-23,,,,5.838893,
2003-04-24,,,,5.783284,
2003-04-25,,,,5.727678,
2003-04-28,,,,5.769384,
2003-04-29,,,,5.734627,
2003-04-30,,,,5.769384,
2003-05-01,,,,5.755481,
2003-05-02,,,,5.783284,
2003-05-05,,,,5.824994,
2003-05-06,,,,5.845845,
2003-05-07,,,,5.838893,
2003-05-08,,,,5.804138,
2003-05-09,,,,5.838893,
2003-05-12,,,,5.887553,
2003-05-13,,,,5.901453,
2003-05-14,,,,5.915355,
2003-05-15,,,,5.948722,
2003-05-16,,,,5.929259,
2003-05-20,,,,5.902843,
2003-05-21,,,,5.880599,
2003-05-22,,,,5.970962,
2003-05-23,,,,5.977915,
2003-05-26,,,,5.977915,
2003-05-27,,,,5.977915,
2003-05-28,,,,6.019620,
2003-05-29,,,,5.977915,
2003-05-30,,,,6.019620,
2003-06-02,,,,6.103033,
2003-06-03,,,,6.061328,
2003-06-04,,,,6.144744,
2003-06-05,,,,6.172544,
2003-06-06,,,,6.172544,
2003-06-09,,,,6.109988,
2003-06-10,,,,6.130838,
2003-06-11,,,,6.200350,
2003-06-12,,,,6.235105,
2003-06-13,,,,6.123887,
2003-06-16,,,,6.186449,
2003-06-17,,,,6.221202,
2003-06-18,,,,6.207300,
2003-06-19,,,,6.193398,
2003-06-20,,,,6.172544,
2003-06-23,,,,6.132868,
2003-06-24,,,,6.139857,
2003-06-25,,,,6.104931,
2003-06-26,,,,6.118899,
2003-06-27,,,,6.104931,
2003-06-30,,,,6.125885,
2003-07-02,,,,6.104931,
2003-07-03,,,,6.132868,
2003-07-04,,,,6.125885,
2003-07-07,,,,6.188753,
2003-07-08,,,,6.195734,
2003-07-09,,,,6.237645,
2003-07-10,,,,6.188753,
2003-07-11,,,,6.188753,
2003-07-14,,,,6.223676,
2003-07-15,,,,6.237645,
2003-07-16,,,,6.223676,
2003-07-17,,,,6.202719,
2003-07-18,,,,6.230662,
2003-07-21,,,,6.272571,
2003-07-22,,,,6.314481,
2003-07-23,,,,6.349406,
2003-07-24,,,,6.384333,
2003-07-25,,,,6.370361,
2003-07-28,,,,6.391316,
2003-07-29,,,,6.328451,
2003-07-30,,,,6.307496,
2003-07-31,,,,6.314481,
2003-08-01,,,,6.314481,
2003-08-05,,,,6.314481,
2003-08-06,,,,6.226470,
2003-08-07,,,,6.258599,
2003-08-08,,,,6.321466,
2003-08-11,,,,6.401096,
2003-08-12,,,,6.431830,
2003-08-13,,,,6.461166,
2003-08-14,,,,6.468152,
2003-08-15,,,,6.475137,
2003-08-18,,,,6.496094,
2003-08-19,,,,6.544986,
2003-08-20,,,,6.551972,
2003-08-21,,,,6.586898,
2003-08-22,,,,6.538002,
2003-08-25,,,,6.489108,
2003-08-26,,,,6.538002,
2003-08-27,,,,6.565946,
2003-08-28,,,,6.572928,
2003-08-29,,,,6.588295,
2003-09-02,,,,6.635794,
2003-09-03,,,,6.663734,
2003-09-04,,,,6.649761,
2003-09-05,,,,6.670720,
2003-09-08,,,,6.684690,
2003-09-09,,,,6.642778,
2003-09-10,,,,6.635794,
2003-09-11,,,,6.656747,
2003-09-12,,,,6.641381,
2003-09-15,,,,6.614834,
2003-09-16,,,,6.670720,
2003-09-17,,,,6.663734,
2003-09-18,,,,6.635794,
2003-09-19,,,,6.649761,
2003-09-22,,,,6.607854,
2003-09-23,,,,6.656747,
2003-09-24,,,,6.628810,
2003-09-25,,,,6.547682,
2003-09-26,,,,6.512592,
2003-09-29,,,,6.519611,
2003-09-30,,,,6.491538,
2003-10-01,,,,6.561716,
2003-10-02,,,,6.582769,
2003-10-03,,,,6.582769,
2003-10-06,,,,6.610844,
2003-10-07,,,,6.617859,
2003-10-08,,,,6.624878,
2003-10-09,,,,6.645929,
2003-10-10,,,,6.666986,
2003-10-14,,,,6.779274,
2003-10-15,,,,6.835413,
2003-10-16,,,,6.822781,
2003-10-17,,,,6.758216,
2003-10-20,,,,6.773657,
2003-10-21,,,,6.793305,
2003-10-22,,,,6.730145,
2003-10-23,,,,6.716112,
2003-10-24,,,,6.645929,
2003-10-27,,,,6.695059,
2003-10-28,,,,6.737165,
2003-10-29,,,,6.772253,
2003-10-30,,,,6.772253,
2003-10-31,,,,6.800324,
2003-11-03,,,,6.863484,
2003-11-04,,,,6.863484,
2003-11-05,,,,6.863484,
2003-11-06,,,,6.884539,
2003-11-07,,,,6.863484,
2003-11-10,,,,6.800324,
2003-11-11,,,,6.779274,
2003-11-12,,,,6.784884,
2003-11-13,,,,6.779274,
2003-11-14,,,,6.759623,
2003-11-17,,,,6.744185,
2003-11-18,,,,6.734357,
2003-11-19,,,,6.797517,
2003-11-20,,,,6.828394,
2003-11-21,,,,6.805937,
2003-11-24,,,,6.841027,
2003-11-25,,,,6.842431,
2003-11-26,,,,6.856469,
2003-11-27,,,,6.870504,
2003-11-28,,,,6.871910,
2003-12-01,,,,6.884539,
2003-12-02,,,,6.890153,
2003-12-03,,,,6.944892,
2003-12-04,,,,6.970159,
2003-12-05,,,,6.964544,
2003-12-08,,,,6.968755,
2003-12-09,,,,6.971562,
2003-12-10,,,,6.884539,
2003-12-11,,,,6.954716,
2003-12-12,,,,6.961737,
2003-12-15,,,,6.911208,
2003-12-16,,,,6.964544,
2003-12-17,,,,7.010863,
2003-12-18,,,,7.095075,
2003-12-19,,,,7.123147,
2003-12-22,,,,7.123147,
2003-12-23,,,,7.102092,
2003-12-24,,,,7.116131,
2003-12-29,,,,7.177888,
2003-12-30,,,,7.152623,
2003-12-31,,,,7.161045,
2004-01-02,,,,7.200347,
2004-01-05,,,,7.291574,
2004-01-06,,,,7.290173,
2004-01-07,,,,7.315434,
2004-01-08,,,,7.307016,
2004-01-09,,,,7.297192,
2004-01-12,,,,7.281753,
2004-01-13,,,,7.316838,
2004-01-14,,,,7.357542,
2004-01-15,,,,7.382808,
2004-01-16,,,,7.438954,
2004-01-19,,,,7.499305,
2004-01-20,,,,7.530184,
2004-01-21,,,,7.538604,
2004-01-22,,,,7.509131,
2004-01-23,,,,7.530184,
2004-01-26,,,,7.507727,
2004-01-27,,,,7.489484,
2004-01-28,,,,7.429124,
2004-01-29,,,,7.354739,
2004-01-30,,,,7.410880,
2004-02-02,,,,7.555443,
2004-02-03,,,,7.563867,
2004-02-04,,,,7.448779,
2004-02-05,,,,7.462812,
2004-02-06,,,,7.527376,
2004-02-09,,,,7.565270,
2004-02-10,,,,7.614397,
2004-02-11,,,,7.638258,
2004-02-12,,,,7.614397,
2004-02-13,,,,7.558258,
2004-02-16,,,,7.604573,
2004-02-17,,,,7.621416,
2004-02-18,,,,7.593344,
2004-02-19,,,,7.589134,
2004-02-20,,,,7.520360,
2004-02-23,,,,7.490883,
2004-02-24,,,,7.479654,
2004-02-25,,,,7.503518,
2004-02-26,,,,7.597556,
2004-02-27,,,,7.659314,
2004-03-01,,,,7.701419,
2004-03-02,,,,7.655104,
2004-03-03,,,,7.622823,
2004-03-04,,,,7.604573,
2004-03-05,,,,7.635453,
2004-03-08,,,,7.607380,
2004-03-09,,,,7.540008,
2004-03-10,,,,7.440355,
2004-03-11,,,,7.350528,
2004-03-12,,,,7.427722,
2004-03-15,,,,7.281753,
2004-03-16,,,,7.333682,
2004-03-17,,,,7.450181,
2004-03-18,,,,7.424916,
2004-03-19,,,,7.408074,
2004-03-22,,,,7.330875,
2004-03-23,,,,7.333682,
2004-03-24,,,,7.295790,
2004-03-25,,,,7.357521,
2004-03-26,,,,7.378665,
2004-03-29,,,,7.405448,
2004-03-30,,,,7.474509,
2004-03-31,,,,7.459008,
2004-04-01,,,,7.481558,
2004-04-02,,,,7.643647,
2004-04-05,,,,7.688751,
2004-04-06,,,,7.653513,
2004-04-07,,,,7.656335,
2004-04-08,,,,7.654929,
2004-04-12,,,,7.736675,
2004-04-13,,,,7.608410,
2004-04-14,,,,7.495649,
2004-04-15,,,,7.490012,
2004-04-16,,,,7.533707,
2004-04-19,,,,7.533707,
2004-04-20,,,,7.446322,
2004-04-21,,,,7.435044,
2004-04-22,,,,7.522432,
2004-04-23,,,,7.539348,
2004-04-26,,,,7.473101,
2004-04-27,,,,7.459008,
2004-04-28,,,,7.191204,
2004-04-29,,,,7.148919,
2004-04-30,,,,7.124959,
2004-05-03,,,,7.160193,
2004-05-04,,,,7.334971,
2004-05-05,,,,7.343429,
2004-05-06,,,,7.288459,
2004-05-07,,,,7.185567,
2004-05-10,,,,7.075627,
2004-05-11,,,,7.139056,
2004-05-12,,,,7.124959,
2004-05-13,,,,7.124959,
2004-05-14,,,,7.110867,
2004-05-17,,,,7.065758,
2004-05-18,,,,7.064352,
2004-05-19,,,,7.127776,
2004-05-20,,,,7.055893,
2004-05-21,,,,7.071399,
2004-05-25,,,,7.227849,
2004-05-26,,,,7.205298,
2004-05-27,,,,7.217986,
2004-05-28,,,,7.225031,
2004-05-31,,,,7.265906,
2004-06-01,,,,7.237714,
2004-06-02,,,,7.225031,
2004-06-03,,,,7.208120,
2004-06-04,,,,7.225031,
2004-06-07,,,,7.292685,
2004-06-08,,,,7.285639,
2004-06-09,,,,7.212345,
2004-06-10,,,,7.241943,
2004-06-11,,,,7.258859,
2004-06-14,,,,7.186975,
2004-06-15,,,,7.285639,
2004-06-16,,,,7.332150,
2004-06-17,,,,7.398401,
2004-06-18,,,,7.388528,
2004-06-21,,,,7.384304,
2004-06-22,,,,7.419539,
2004-06-23,,,,7.488609,
2004-06-24,,,,7.437862,
2004-06-25,,,,7.438573,
2004-06-28,,,,7.390434,
2004-06-29,,,,7.413090,
2004-06-30,,,,7.437159,
2004-07-02,,,,7.376277,
2004-07-05,,,,7.360703,
2004-07-06,,,,7.349376,
2004-07-07,,,,7.386189,
2004-07-08,,,,7.322476,
2004-07-09,,,,7.355040,
2004-07-12,,,,7.328142,
2004-07-13,,,,7.353623,
2004-07-14,,,,7.383360,
2004-07-15,,,,7.315398,
2004-07-16,,,,7.260182,
2004-07-19,,,,7.322476,
2004-07-20,,,,7.340884,
2004-07-21,,,,7.377691,
2004-07-22,,,,7.321061,
2004-07-23,,,,7.305488,
2004-07-26,,,,7.250274,
2004-07-27,,,,7.246023,
2004-07-28,,,,7.270089,
2004-07-29,,,,7.355040,
2004-07-30,,,,7.401759,
2004-08-03,,,,7.376277,
2004-08-04,,,,7.333802,
2004-08-05,,,,7.207796,
2004-08-06,,,,7.121436,
2004-08-09,,,,7.163905,
2004-08-10,,,,7.176650,
2004-08-11,,,,7.142675,
2004-08-12,,,,7.120019,
2004-08-13,,,,7.138424,
2004-08-16,,,,7.182316,
2004-08-17,,,,7.200722,
2004-08-18,,,,7.220536,
2004-08-19,,,,7.237531,
2004-08-20,,,,7.304074,
2004-08-23,,,,7.278587,
2004-08-24,,,,7.278587,
2004-08-25,,,,7.333802,
2004-08-26,,,,7.292743,
2004-08-27,,,,7.313981,
2004-08-30,,,,7.298408,
2004-08-31,,,,7.318230,
2004-09-01,,,,7.370614,
2004-09-02,,,,7.359289,
2004-09-03,,,,7.315398,
2004-09-07,,,,7.332390,
2004-09-08,,,,7.349376,
2004-09-09,,,,7.364949,
2004-09-10,,,,7.370614,
2004-09-13,,,,7.481047,
2004-09-14,,,,7.468303,
2004-09-15,,,,7.464056,
2004-09-16,,,,7.461227,
2004-09-17,,,,7.506530,
2004-09-20,,,,7.529180,
2004-09-21,,,,7.616960,
2004-09-22,,,,7.575902,
2004-09-23,,,,7.549001,
2004-09-24,,,,7.551838,
2004-09-27,,,,7.501778,
2004-09-28,,,,7.554394,
2004-09-29,,,,7.578571,
2004-09-30,,,,7.597059,
2004-10-01,,,,7.683807,
2004-10-04,,,,7.757762,
2004-10-05,,,,7.736431,
2004-10-06,,,,7.771986,
2004-10-07,,,,7.753491,
2004-10-08,,,,7.740697,
2004-10-12,,,,7.740697,
2004-10-13,,,,7.690922,
2004-10-14,,,,7.709408,
2004-10-15,,,,7.747808,
2004-10-18,,,,7.781934,
2004-10-19,,,,7.696609,
2004-10-20,,,,7.730741,
2004-10-21,,,,7.811804,
2004-10-22,,,,7.787628,
2004-10-25,,,,7.715099,
2004-10-26,,,,7.791892,
2004-10-27,,,,7.760606,
2004-10-28,,,,7.752073,
2004-10-29,,,,7.830292,
2004-11-01,,,,7.820332,
2004-11-02,,,,7.817491,
2004-11-03,,,,7.796160,
2004-11-04,,,,7.808960,
2004-11-05,,,,7.790473,
2004-11-08,,,,7.767714,
2004-11-09,,,,7.779093,
2004-11-10,,,,7.779093,
2004-11-11,,,,7.807538,
2004-11-12,,,,7.831713,
2004-11-15,,,,7.840245,
2004-11-16,,,,7.850201,
2004-11-17,,,,7.884330,
2004-11-18,,,,7.878641,
2004-11-19,,,,7.867268,
2004-11-22,,,,7.892865,
2004-11-23,,,,7.894286,
2004-11-24,,,,7.874376,
2004-11-25,,,,7.928414,
2004-11-26,,,,7.928414,
2004-11-29,,,,7.942639,
2004-11-30,,,,7.929841,
2004-12-01,,,,7.963970,
2004-12-02,,,,7.959704,
2004-12-03,,,,7.958280,
2004-12-06,,,,7.965393,
2004-12-07,,,,7.907086,
2004-12-08,,,,7.925570,
2004-12-09,,,,7.942639,
2004-12-10,,,,7.902820,
2004-12-13,,,,7.948328,
2004-12-14,,,,7.999523,
2004-12-15,,,,8.026546,
2004-12-16,,,,8.009481,
2004-12-17,,,,8.006634,
2004-12-20,,,,8.066364,
2004-12-21,,,,8.130360,
2004-12-22,,,,8.134626,
2004-12-23,,,,8.114716,
2004-12-24,,,,8.141738,
2004-12-29,,,,8.070633,
2004-12-30,,,,8.100495,
2004-12-31,,,,8.091965,
2005-01-04,,,,8.009481,
2005-01-05,,,,7.914195,
2005-01-06,,,,7.919887,
2005-01-07,,,,7.890019,
2005-01-10,,,,7.877221,
2005-01-11,,,,7.885752,
2005-01-12,,,,7.885752,
2005-01-13,,,,7.857312,
2005-01-14,,,,7.915617,
2005-01-17,,,,7.914195,
2005-01-18,,,,7.929841,
2005-01-19,,,,7.921309,
2005-01-20,,,,7.904241,
2005-01-21,,,,7.888596,
2005-01-24,,,,7.878641,
2005-01-25,,,,7.929841,
2005-01-26,,,,7.983882,
2005-01-27,,,,7.976768,
2005-01-28,,,,7.948328,
2005-01-31,,,,7.978192,
2005-02-01,,,,8.054990,
2005-02-02,,,,8.090544,
2005-02-03,,,,8.070633,
2005-02-04,,,,8.123251,
2005-02-07,,,,8.160225,
2005-02-08,,,,8.140314,
2005-02-09,,,,8.167335,
2005-02-10,,,,8.273996,
2005-02-11,,,,8.319505,
2005-02-14,,,,8.333727,
2005-02-15,,,,8.330886,
2005-02-16,,,,8.411946,
2005-02-17,,,,8.369275,
2005-02-18,,,,8.411946,
2005-02-21,,,,8.426167,
2005-02-22,,,,8.392036,
2005-02-23,,,,8.426167,
2005-02-24,,,,8.419055,
2005-02-25,,,,8.488740,
2005-02-28,,,,8.434699,
2005-03-01,,,,8.485891,
2005-03-02,,,,8.532825,
2005-03-03,,,,8.593978,
2005-03-04,,,,8.655130,
2005-03-07,,,,8.611042,
2005-03-08,,,,8.630954,
2005-03-09,,,,8.537089,
2005-03-10,,,,8.437539,
2005-03-11,,,,8.427589,
2005-03-14,,,,8.458875,
2005-03-15,,,,8.465982,
2005-03-16,,,,8.468834,
2005-03-17,,,,8.551317,
2005-03-18,,,,8.524290,
2005-03-21,,,,8.475938,
2005-03-22,,,,8.461718,
2005-03-23,,,,8.353636,
2005-03-24,,,,8.342260,
2005-03-28,,,,8.302135,
2005-03-29,,,,8.235023,
2005-03-30,,,,8.326408,
2005-03-31,,,,8.453497,
2005-04-01,,,,8.480629,
2005-04-04,,,,8.477773,
2005-04-05,,,,8.460639,
2005-04-06,,,,8.503480,
2005-04-07,,,,8.492051,
2005-04-08,,,,8.460639,
2005-04-11,,,,8.482054,
2005-04-12,,,,8.482054,
2005-04-13,,,,8.389238,
2005-04-14,,,,8.310702,
2005-04-15,,,,8.186468,
2005-04-18,,,,8.229309,
2005-04-19,,,,8.296426,
2005-04-20,,,,8.245014,
2005-04-21,,,,8.275002,
2005-04-22,,,,8.253582,
2005-04-25,,,,8.307846,
2005-04-26,,,,8.303565,
2005-04-27,,,,8.230738,
2005-04-28,,,,8.212175,
2005-04-29,,,,8.249300,
2005-05-02,,,,8.339260,
2005-05-03,,,,8.286426,
2005-05-04,,,,8.372103,
2005-05-05,,,,8.387809,
2005-05-06,,,,8.424940,
2005-05-09,,,,8.472057,
2005-05-10,,,,8.414945,
2005-05-11,,,,8.390668,
2005-05-12,,,,8.275002,
2005-05-13,,,,8.243590,
2005-05-16,,,,8.282141,
2005-05-17,,,,8.326408,
2005-05-18,,,,8.374958,
2005-05-19,,,,8.413517,
2005-05-20,,,,8.414945,
2005-05-24,,,,8.467777,
2005-05-25,,,,8.467777,
2005-05-26,,,,8.493481,
2005-05-27,,,,8.552029,
2005-05-30,,,,8.603434,
2005-05-31,,,,8.549172,
2005-06-01,,,,8.567735,
2005-06-02,,,,8.556310,
2005-06-03,,,,8.596293,
2005-06-06,,,,8.587724,
2005-06-07,,,,8.599148,
2005-06-08,,,,8.633422,
2005-06-09,,,,8.709102,
2005-06-10,,,,8.707668,
2005-06-13,,,,8.761938,
2005-06-14,,,,8.746224,
2005-06-15,,,,8.780502,
2005-06-16,,,,8.877601,
2005-06-17,,,,8.874746,
2005-06-20,,,,8.927577,
2005-06-21,,,,8.896166,
2005-06-22,,,,8.981842,
2005-06-23,,,,8.914727,
2005-06-24,,,,8.929005,
2005-06-27,,,,8.935168,
2005-06-28,,,,8.973881,
2005-06-29,,,,8.945210,
2005-06-30,,,,8.873518,
2005-07-04,,,,8.879256,
2005-07-05,,,,8.992519,
2005-07-06,,,,9.021194,
2005-07-07,,,,9.047005,
2005-07-08,,,,9.082850,
2005-07-11,,,,9.143063,
2005-07-12,,,,9.147368,
2005-07-13,,,,9.104357,
2005-07-14,,,,9.039835,
2005-07-15,,,,9.057042,
2005-07-18,,,,9.052740,
2005-07-19,,,,9.170303,
2005-07-20,,,,9.227657,
2005-07-21,,,,9.226225,
2005-07-22,,,,9.266371,
2005-07-25,,,,9.250596,
2005-07-26,,,,9.283573,
2005-07-27,,,,9.405444,
2005-07-28,,,,9.409751,
2005-07-29,,,,9.302214,
2005-08-02,,,,9.512978,
2005-08-03,,,,9.449885,
2005-08-04,,,,9.465662,
2005-08-05,,,,9.419783,
2005-08-08,,,,9.475693,
2005-08-09,,,,9.485735,
2005-08-10,,,,9.512978,
2005-08-11,,,,9.580362,
2005-08-12,,,,9.566024,
2005-08-15,,,,9.514411,
2005-08-16,,,,9.449885,
2005-08-17,,,,9.381071,
2005-08-18,,,,9.290741,
2005-08-19,,,,9.405444,
2005-08-22,,,,9.418351,
2005-08-23,,,,9.376771,
2005-08-24,,,,9.408316,
2005-08-25,,,,9.454194,
2005-08-26,,,,9.379637,
2005-08-29,,,,9.447022,
2005-08-30,,,,9.468530,
2005-08-31,,,,9.530183,
2005-09-01,,,,9.733772,
2005-09-02,,,,9.654921,
2005-09-06,,,,9.644884,
2005-09-07,,,,9.667822,
2005-09-08,,,,9.666389,
2005-09-09,,,,9.735206,
2005-09-12,,,,9.735206,
2005-09-13,,,,9.683594,
2005-09-14,,,,9.748111,
2005-09-15,,,,9.789693,
2005-09-16,,,,9.829839,
2005-09-19,,,,9.859943,
2005-09-20,,,,9.799726,
2005-09-21,,,,9.841306,
2005-09-22,,,,9.755282,
2005-09-23,,,,9.805463,
2005-09-26,,,,9.921594,
2005-09-27,,,,10.012841,
2005-09-28,,,,9.955275,
2005-09-29,,,,9.923609,
2005-09-30,,,,9.896268,
2005-10-03,,,,9.939440,
2005-10-04,,,,9.884749,
2005-10-05,,,,9.647277,
2005-10-06,,,,9.470250,
2005-10-07,,,,9.513426,
2005-10-11,,,,9.523502,
2005-10-12,,,,9.427070,
2005-10-13,,,,9.359424,
2005-10-14,,,,9.421316,
2005-10-17,,,,9.473132,
2005-10-18,,,,9.296099,
2005-10-19,,,,9.399725,
2005-10-20,,,,9.202550,
2005-10-21,,,,9.254361,
2005-10-24,,,,9.369503,
2005-10-25,,,,9.346473,
2005-10-26,,,,9.271632,
2005-10-27,,,,9.165128,
2005-10-28,,,,9.290341,
2005-10-31,,,,9.366626,
2005-11-01,,,,9.378137,
2005-11-02,,,,9.539334,
2005-11-03,,,,9.611293,
2005-11-04,,,,9.585392,
2005-11-07,,,,9.604098,
2005-11-08,,,,9.579631,
2005-11-09,,,,9.617049,
2005-11-10,,,,9.540771,
2005-11-11,,,,9.615609,
2005-11-14,,,,9.624248,
2005-11-15,,,,9.601222,
2005-11-16,,,,9.673182,
2005-11-17,,,,9.699089,
2005-11-18,,,,9.694770,
2005-11-21,,,,9.740829,
2005-11-22,,,,9.824306,
2005-11-23,,,,9.857405,
2005-11-24,,,,10.017161,
2005-11-25,,,,9.988378,
2005-11-28,,,,9.943758,
2005-11-29,,,,9.933690,
2005-11-30,,,,9.860284,
2005-12-01,,,,9.979741,
2005-12-02,,,,10.012841,
2005-12-05,,,,10.047385,
2005-12-06,,,,10.103518,
2005-12-07,,,,10.148136,
2005-12-08,,,,10.151012,
2005-12-09,,,,10.143816,
2005-12-12,,,,10.130863,
2005-12-13,,,,10.171163,
2005-12-14,,,,10.116468,
2005-12-15,,,,10.117908,
2005-12-16,,,,10.104956,
2005-12-19,,,,10.133740,
2005-12-20,,,,10.149573,
2005-12-21,,,,10.233049,
2005-12-22,,,,10.227294,
2005-12-23,,,,10.220643,
2005-12-28,,,,10.265451,
2005-12-29,,,,10.287135,
2005-12-30,,,,10.266896,
2006-01-03,,,,10.404215,
2006-01-04,,,,10.450466,
2006-01-05,,,,10.441793,
2006-01-06,,,,10.584892,
2006-01-09,,,,10.548757,
2006-01-10,,,,10.529964,
2006-01-11,,,,10.555984,
2006-01-12,,,,10.566102,
2006-01-13,,,,10.580560,
2006-01-16,,,,10.664389,
2006-01-17,,,,10.657165,
2006-01-18,,,,10.502503,
2006-01-19,,,,10.652825,
2006-01-20,,,,10.583447,
2006-01-23,,,,10.668727,
2006-01-24,,,,10.688958,
2006-01-25,,,,10.642705,
2006-01-26,,,,10.703420,
2006-01-27,,,,10.791587,
2006-01-30,,,,10.876868,
2006-01-31,,,,10.891325,
2006-02-01,,,,10.907223,
2006-02-02,,,,10.886990,
2006-02-03,,,,10.878315,
2006-02-06,,,,10.985274,
2006-02-07,,,,10.778582,
2006-02-08,,,,10.674506,
2006-02-09,,,,10.674506,
2006-02-10,,,,10.631144,
2006-02-13,,,,10.460584,
2006-02-14,,,,10.551646,
2006-02-15,,,,10.524182,
2006-02-16,,,,10.657165,
2006-02-17,,,,10.716426,
2006-02-20,,,,10.826280,
2006-02-21,,,,10.782916,
2006-02-22,,,,10.730877,
2006-02-23,,,,10.725101,
2006-02-24,,,,10.769907,
2006-02-27,,,,10.690411,
2006-02-28,,,,10.635480,
2006-03-01,,,,10.732327,
2006-03-02,,,,10.862420,
2006-03-03,,,,10.913007,
2006-03-06,,,,10.840734,
2006-03-07,,,,10.762679,
2006-03-08,,,,10.701971,
2006-03-09,,,,10.727992,
2006-03-10,,,,10.804599,
2006-03-13,,,,10.833508,
2006-03-14,,,,10.937578,
2006-03-15,,,,10.992505,
2006-03-16,,,,11.047431,
2006-03-17,,,,10.976606,
2006-03-20,,,,10.941911,
2006-03-21,,,,10.913007,
2006-03-22,,,,10.939018,
2006-03-23,,,,10.988169,
2006-03-24,,,,11.060438,
2006-03-27,,,,11.044535,
2006-03-28,,,,11.017222,
2006-03-29,,,,11.149437,
2006-03-30,,,,11.172682,
2006-03-31,,,,11.089865,
2006-04-03,,,,11.143625,
2006-04-04,,,,11.129095,
2006-04-05,,,,11.230794,
2006-04-06,,,,11.265666,
2006-04-07,,,,11.194477,
2006-04-10,,,,11.242417,
2006-04-11,,,,11.139266,
2006-04-12,,,,11.139266,
2006-04-13,,,,11.182857,
2006-04-17,,,,11.235158,
2006-04-18,,,,11.397882,
2006-04-19,,,,11.406601,
2006-04-20,,,,11.255500,
2006-04-21,,,,11.383354,
2006-04-24,,,,11.317969,
2006-04-25,,,,11.291821,
2006-04-26,,,,11.284558,
2006-04-27,,,,11.153801,
2006-04-28,,,,11.171227,
2006-05-01,,,,11.198833,
2006-05-02,,,,11.219170,
2006-05-03,,,,11.149437,
2006-05-04,,,,11.130548,
2006-05-05,,,,11.220630,
2006-05-08,,,,11.230794,
2006-05-09,,,,11.299086,
2006-05-10,,,,11.274385,
2006-05-11,,,,11.129095,
2006-05-12,,,,11.041924,
2006-05-15,,,,10.818183,
2006-05-16,,,,10.822537,
2006-05-17,,,,10.687420,
2006-05-18,,,,10.588628,
2006-05-19,,,,10.594439,
2006-05-23,,,,10.594439,
2006-05-24,,,,10.484014,
2006-05-25,,,,10.669979,
2006-05-26,,,,10.780406,
2006-05-29,,,,10.874844,
2006-05-30,,,,10.751348,
2006-05-31,,,,10.816727,
2006-06-01,,,,10.870488,
2006-06-02,,,,10.916977,
2006-06-05,,,,10.751348,
2006-06-06,,,,10.674343,
2006-06-07,,,,10.546488,
2006-06-08,,,,10.460772,
2006-06-09,,,,10.457864,
2006-06-12,,,,10.245745,
2006-06-13,,,,10.021997,
2006-06-14,,,,10.046700,
2006-06-15,,,,10.324203,
2006-06-16,,,,10.325652,
2006-06-19,,,,10.100451,
2006-06-20,,,,10.098996,
2006-06-21,,,,10.207971,
2006-06-22,,,,10.261724,
2006-06-23,,,,10.348899,
2006-06-26,,,,10.456411,
2006-06-27,,,,10.390521,
2006-06-28,,,,10.435811,
2006-06-29,,,,10.622815,
2006-06-30,,,,10.701704,
2006-07-04,,,,10.796673,
2006-07-05,,,,10.694407,
2006-07-06,,,,10.688562,
2006-07-07,,,,10.673953,
2006-07-10,,,,10.733852,
2006-07-11,,,,10.856579,
2006-07-12,,,,10.809826,
2006-07-13,,,,10.679799,
2006-07-14,,,,10.649114,
2006-07-17,,,,10.583369,
2006-07-18,,,,10.520544,
2006-07-19,,,,10.668110,
2006-07-20,,,,10.570224,
2006-07-21,,,,10.519089,
2006-07-24,,,,10.660804,
2006-07-25,,,,10.796673,
2006-07-26,,,,10.906249,
2006-07-27,,,,10.839043,
2006-07-28,,,,10.884338,
2006-07-31,,,,10.913555,
2006-08-01,,,,10.919399,
2006-08-02,,,,10.990985,
2006-08-03,,,,11.027511,
2006-08-04,,,,10.992448,
2006-08-08,,,,11.040655,
2006-08-09,,,,11.052348,
2006-08-10,,,,11.001212,
2006-08-11,,,,11.008517,
2006-08-14,,,,10.890182,
2006-08-15,,,,11.014366,
2006-08-16,,,,11.065495,
2006-08-17,,,,11.074261,
2006-08-18,,,,11.093256,
2006-08-21,,,,11.176529,
2006-08-22,,,,11.213058,
2006-08-23,,,,11.176529,
2006-08-24,,,,11.163383,
2006-08-25,,,,11.204289,
2006-08-28,,,,11.220360,
2006-08-29,,,,11.116632,
2006-08-30,,,,11.103479,
2006-08-31,,,,11.151691,
2006-09-01,,,,11.211595,
2006-09-05,,,,11.264191,
2006-09-06,,,,11.068422,
2006-09-07,,,,10.971994,
2006-09-08,,,,10.934012,
2006-09-11,,,,10.745538,
2006-09-12,,,,10.798136,
2006-09-13,,,,10.869728,
2006-09-14,,,,10.782066,
2006-09-15,,,,10.776219,
2006-09-18,,,,10.855119,
2006-09-19,,,,10.821513,
2006-09-20,,,,10.761611,
2006-09-21,,,,10.732396,
2006-09-22,,,,10.668110,
2006-09-25,,,,10.672490,
2006-09-26,,,,10.772124,
2006-09-27,,,,10.838260,
2006-09-28,,,,10.945543,
2006-09-29,,,,10.904392,
2006-10-02,,,,10.848546,
2006-10-03,,,,10.691299,
2006-10-04,,,,10.728046,
2006-10-05,,,,10.836795,
2006-10-06,,,,10.823565,
2006-10-10,,,,10.867651,
2006-10-11,,,,10.775068,
2006-10-12,,,,10.813279,
2006-10-13,,,,10.995511,
2006-10-16,,,,11.173326,
2006-10-17,,,,11.101319,
2006-10-18,,,,11.044003,
2006-10-19,,,,11.157164,
2006-10-20,,,,11.139532,
2006-10-23,,,,11.213005,
2006-10-24,,,,11.267383,
2006-10-25,,,,11.423158,
2006-10-26,,,,11.414340,
2006-10-27,,,,11.382011,
2006-10-30,,,,11.368783,
2006-10-31,,,,11.411404,
2006-11-01,,,,11.164509,
2006-11-02,,,,11.249743,
2006-11-03,,,,11.354090,
2006-11-06,,,,11.437855,
2006-11-07,,,,11.404056,
2006-11-08,,,,11.448143,
2006-11-09,,,,11.511339,
2006-11-10,,,,11.427568,
2006-11-13,,,,11.415813,
2006-11-14,,,,11.370255,
2006-11-15,,,,11.509864,
2006-11-16,,,,11.451083,
2006-11-17,,,,11.471655,
2006-11-20,,,,11.539257,
2006-11-21,,,,11.696507,
2006-11-22,,,,11.667117,
2006-11-23,,,,11.695033,
2006-11-24,,,,11.725896,
2006-11-27,,,,11.609798,
2006-11-28,,,,11.612731,
2006-11-29,,,,11.753822,
2006-11-30,,,,11.844934,
2006-12-01,,,,11.812602,
2006-12-04,,,,11.893432,
2006-12-05,,,,11.984546,
2006-12-06,,,,12.002184,
2006-12-07,,,,11.991893,
2006-12-08,,,,11.980138,
2006-12-11,,,,11.965439,
2006-12-12,,,,11.933108,
2006-12-13,,,,11.974258,
2006-12-14,,,,12.099174,
2006-12-15,,,,11.978667,
2006-12-18,,,,11.862570,
2006-12-19,,,,11.909598,
2006-12-20,,,,11.903723,
2006-12-21,,,,11.821420,
2006-12-22,,,,11.822014,
2006-12-27,,,,11.940305,
2006-12-28,,,,11.996496,
2006-12-29,,,,12.021633,
2007-01-02,,,,12.052683,
2007-01-03,,,,11.845670,
2007-01-04,,,,11.678579,
2007-01-05,,,,11.622391,
2007-01-08,,,,11.688931,
2007-01-09,,,,11.610559,
2007-01-10,,,,11.586901,
2007-01-11,,,,11.635702,
2007-01-12,,,,11.793916,
2007-01-15,,,,11.850106,
2007-01-16,,,,11.847148,
2007-01-17,,,,11.838277,
2007-01-18,,,,11.767303,
2007-01-19,,,,11.851582,
2007-01-22,,,,11.830887,
2007-01-23,,,,12.008322,
2007-01-24,,,,12.111831,
2007-01-25,,,,12.020154,
2007-01-26,,,,12.082262,
2007-01-29,,,,12.036420,
2007-01-30,,,,12.114788,
2007-01-31,,,,12.154714,
2007-02-01,,,,12.250829,
2007-02-02,,,,12.207947,
2007-02-05,,,,12.265617,
2007-02-06,,,,12.278925,
2007-02-07,,,,12.243436,
2007-02-08,,,,12.273003,
2007-02-09,,,,12.185760,
2007-02-12,,,,12.157670,
2007-02-13,,,,12.250829,
2007-02-14,,,,12.301100,
2007-02-15,,,,12.354336,
2007-02-16,,,,12.395742,
2007-02-19,,,,12.397220,
2007-02-20,,,,12.413485,
2007-02-21,,,,12.420876,
2007-02-22,,,,12.404610,
2007-02-23,,,,12.431224,
2007-02-26,,,,12.502202,
2007-02-27,,,,12.173938,
2007-02-28,,,,12.176898,
2007-03-01,,,,12.095572,
2007-03-02,,,,12.008322,
2007-03-05,,,,11.856022,
2007-03-06,,,,12.015718,
2007-03-07,,,,12.117743,
2007-03-08,,,,12.181334,
2007-03-09,,,,12.187249,
2007-03-12,,,,12.169501,
2007-03-13,,,,11.974313,
2007-03-14,,,,11.955088,
2007-03-15,,,,12.026071,
2007-03-16,,,,11.977275,
2007-03-19,,,,12.160628,
2007-03-20,,,,12.125142,
2007-03-21,,,,12.286316,
2007-03-22,,,,12.274487,
2007-03-23,,,,12.357287,
2007-03-26,,,,12.406094,
2007-03-27,,,,12.351871,
2007-03-28,,,,12.331070,
2007-03-29,,,,12.386035,
2007-03-30,,,,12.323638,
2007-04-02,,,,12.405346,
2007-04-03,,,,12.510815,
2007-04-04,,,,12.552412,
2007-04-05,,,,12.553894,
2007-04-09,,,,12.608854,
2007-04-10,,,,12.559835,
2007-04-11,,,,12.527155,
2007-04-12,,,,12.622230,
2007-04-13,,,,12.700958,
2007-04-16,,,,12.775234,
2007-04-17,,,,12.763349,
2007-04-18,,,,12.804950,
2007-04-19,,,,12.721754,
2007-04-20,,,,12.745525,
2007-04-23,,,,12.763349,
2007-04-24,,,,12.715813,
2007-04-25,,,,12.785630,
2007-04-26,,,,12.764837,
2007-04-27,,,,12.755921,
2007-04-30,,,,12.582122,
2007-05-01,,,,12.574693,
2007-05-02,,,,12.720271,
2007-05-03,,,,12.797513,
2007-05-04,,,,12.900019,
2007-05-07,,,,13.002511,
2007-05-08,,,,13.035192,
2007-05-09,,,,13.020335,
2007-05-10,,,,12.962399,
2007-05-11,,,,13.102039,
2007-05-14,,,,13.035192,
2007-05-15,,,,13.032227,
2007-05-16,,,,13.139180,
2007-05-17,,,,13.183745,
2007-05-18,,,,13.228306,
2007-05-22,,,,13.207512,
2007-05-23,,,,13.262476,
2007-05-24,,,,13.075305,
2007-05-25,,,,13.158493,
2007-05-28,,,,13.183745,
2007-05-29,,,,13.112438,
2007-05-30,,,,13.191174,
2007-05-31,,,,13.209001,
2007-06-01,,,,13.241683,
2007-06-04,,,,13.255050,
2007-06-05,,,,13.243162,
2007-06-06,,,,13.079762,
2007-06-07,,,,12.873275,
2007-06-08,,,,12.940120,
2007-06-11,,,,13.003997,
2007-06-12,,,,12.894076,
2007-06-13,,,,12.993598,
2007-06-14,,,,13.142146,
2007-06-15,,,,13.235736,
2007-06-18,,,,13.310009,
2007-06-19,,,,13.235736,
2007-06-20,,,,13.146607,
2007-06-21,,,,13.234242,
2007-06-22,,,,13.125809,
2007-06-25,,,,12.999541,
2007-06-26,,,,12.839735,
2007-06-27,,,,12.903954,
2007-06-28,,,,12.933825,
2007-06-29,,,,12.993569,
2007-07-03,,,,13.205647,
2007-07-04,,,,13.242988,
2007-07-05,,,,13.232528,
2007-07-06,,,,13.284810,
2007-07-09,,,,13.344547,
2007-07-10,,,,13.293763,
2007-07-11,,,,13.302726,
2007-07-12,,,,13.468507,
2007-07-13,,,,13.608897,
2007-07-16,,,,13.498377,
2007-07-17,,,,13.516296,
2007-07-18,,,,13.665649,
2007-07-19,,,,13.773187,
2007-07-20,,,,13.722406,
2007-07-23,,,,13.613379,
2007-07-24,,,,13.247469,
2007-07-25,,,,13.272861,
2007-07-26,,,,13.029417,
2007-07-27,,,,12.971169,
2007-07-30,,,,13.033892,
2007-07-31,,,,13.068236,
2007-08-01,,,,12.890517,
2007-08-02,,,,12.996555,
2007-08-03,,,,12.791945,
2007-08-07,,,,12.814347,
2007-08-08,,,,12.935325,
2007-08-09,,,,12.697856,
2007-08-10,,,,12.681428,
2007-08-13,,,,12.679929,
2007-08-14,,,,12.503695,
2007-08-15,,,,12.281165,
2007-08-16,,,,12.097462,
2007-08-17,,,,12.300585,
2007-08-20,,,,12.363305,
2007-08-21,,,,12.497723,
2007-08-22,,,,12.679929,
2007-08-23,,,,12.676939,
2007-08-24,,,,12.750122,
2007-08-27,,,,12.741162,
2007-08-28,,,,12.511166,
2007-08-29,,,,12.706813,
2007-08-30,,,,12.672463,
2007-08-31,,,,12.862144,
2007-09-04,,,,12.981619,
2007-09-05,,,,12.929349,
2007-09-06,,,,12.998050,
2007-09-07,,,,12.871099,
2007-09-10,,,,12.874093,
2007-09-11,,,,12.956229,
2007-09-12,,,,12.966687,
2007-09-13,,,,13.066751,
2007-09-14,,,,13.068236,
2007-09-17,,,,13.050327,
2007-09-18,,,,13.190712,
2007-09-19,,,,13.157855,
2007-09-20,,,,13.072722,
2007-09-21,,,,13.165322,
2007-09-24,,,,13.202660,
2007-09-25,,,,13.189448,
2007-09-26,,,,13.229983,
2007-09-27,,,,13.344073,
2007-09-28,,,,13.306538,
2007-10-01,,,,13.431141,
2007-10-02,,,,13.392120,
2007-10-03,,,,13.270513,
2007-10-04,,,,13.333566,
2007-10-05,,,,13.467175,
2007-10-09,,,,13.485180,
2007-10-10,,,,13.500196,
2007-10-11,,,,13.429640,
2007-10-12,,,,13.495691,
2007-10-15,,,,13.435645,
2007-10-16,,,,13.416135,
2007-10-17,,,,13.419135,
2007-10-18,,,,13.533221,
2007-10-19,,,,13.261506,
2007-10-22,,,,13.264507,
2007-10-23,,,,13.324558,
2007-10-24,,,,13.326057,
2007-10-25,,,,13.372600,
2007-10-26,,,,13.510699,
2007-10-29,,,,13.645808,
2007-10-30,,,,13.554238,
2007-10-31,,,,13.804938,
2007-11-01,,,,13.599277,
2007-11-02,,,,13.587263,
2007-11-05,,,,13.477677,
2007-11-06,,,,13.591767,
2007-11-07,,,,13.410127,
2007-11-08,,,,13.353090,
2007-11-09,,,,13.148916,
2007-11-12,,,,12.892216,
2007-11-13,,,,12.985289,
2007-11-14,,,,13.015318,
2007-11-15,,,,12.823158,
2007-11-16,,,,12.835168,
2007-11-19,,,,12.655029,
2007-11-20,,,,12.742091,
2007-11-21,,,,12.605493,
2007-11-22,,,,12.676041,
2007-11-23,,,,12.788633,
2007-11-26,,,,12.605493,
2007-11-27,,,,12.653525,
2007-11-28,,,,12.932744,
2007-11-29,,,,12.949260,
2007-11-30,,,,12.982288,
2007-12-03,,,,12.970271,
2007-12-04,,,,12.884713,
2007-12-05,,,,13.033327,
2007-12-06,,,,13.148916,
2007-12-07,,,,13.142912,
2007-12-10,,,,13.225478,
2007-12-11,,,,13.037832,
2007-12-12,,,,13.075357,
2007-12-13,,,,13.052840,
2007-12-14,,,,12.985289,
2007-12-17,,,,12.715079,
2007-12-18,,,,12.703067,
2007-12-19,,,,12.754104,
2007-12-20,,,,12.748098,
2007-12-21,,,,12.905726,
2007-12-24,,,,12.984427,
2007-12-27,,,,13.031264,
2007-12-28,,,,13.143059,
2007-12-31,,,,13.170253,
2008-01-02,,,,13.229166,
2008-01-03,,,,13.318296,
2008-01-04,,,,13.112844,
2008-01-07,,,,12.930049,
2008-01-08,,,,12.869620,
2008-01-09,,,,12.930049,
2008-01-10,,,,12.981414,
2008-01-11,,,,12.939113,
2008-01-14,,,,13.005586,
2008-01-15,,,,12.688332,
2008-01-16,,,,12.478350,
2008-01-17,,,,12.173189,
2008-01-18,,,,12.085567,
2008-01-21,,,,11.556826,
2008-01-22,,,,11.979822,
2008-01-23,,,,12.047798,
2008-01-24,,,,12.284984,
2008-01-25,,,,12.256277,
2008-01-28,,,,12.334833,
2008-01-29,,,,12.433028,
2008-01-30,,,,12.384681,
2008-01-31,,,,12.552375,
2008-02-01,,,,12.661150,
2008-02-04,,,,12.639992,
2008-02-05,,,,12.313686,
2008-02-06,,,,12.251749,
2008-02-07,,,,12.289515,
2008-02-08,,,,12.372600,
2008-02-11,,,,12.502524,
2008-02-12,,,,12.457202,
2008-02-13,,,,12.624887,
2008-02-14,,,,12.606760,
2008-02-15,,,,12.599209,
2008-02-19,,,,12.750269,
2008-02-20,,,,12.923999,
2008-02-21,,,,12.856020,
2008-02-22,,,,12.936091,
2008-02-25,,,,13.066013,
2008-02-26,,,,13.135500,
2008-02-27,,,,13.158159,
2008-02-28,,,,13.218587,
2008-02-29,,,,12.954227,
2008-03-03,,,,12.901351,
2008-03-04,,,,12.821282,
2008-03-05,,,,12.984427,
2008-03-06,,,,12.753296,
2008-03-07,,,,12.697404,
2008-03-10,,,,12.414899,
2008-03-11,,,,12.712513,
2008-03-12,,,,12.720057,
2008-03-13,,,,12.827319,
2008-03-14,,,,12.667190,
2008-03-17,,,,12.431519,
2008-03-18,,,,12.516116,
2008-03-19,,,,12.206427,
2008-03-20,,,,12.257793,
2008-03-24,,,,12.426991,
2008-03-25,,,,12.729122,
2008-03-26,,,,12.822051,
2008-03-27,,,,12.791679,
2008-03-28,,,,12.699063,
2008-03-31,,,,12.752199,
2008-04-01,,,,12.806859,
2008-04-02,,,,12.951099,
2008-04-03,,,,12.982985,
2008-04-04,,,,13.051311,
2008-04-07,,,,13.162151,
2008-04-08,,,,13.118112,
2008-04-09,,,,13.140886,
2008-04-10,,,,13.269943,
2008-04-11,,,,13.102934,
2008-04-14,,,,13.125708,
2008-04-15,,,,13.247169,
2008-04-16,,,,13.482509,
2008-04-17,,,,13.520465,
2008-04-18,,,,13.640411,
2008-04-21,,,,13.687475,
2008-04-22,,,,13.634335,
2008-04-23,,,,13.482509,
2008-04-24,,,,13.415700,
2008-04-25,,,,13.503762,
2008-04-28,,,,13.505289,
2008-04-29,,,,13.260832,
2008-04-30,,,,13.409628,
2008-05-01,,,,13.477949,
2008-05-02,,,,13.672293,
2008-05-05,,,,13.666221,
2008-05-06,,,,13.815015,
2008-05-07,,,,13.790725,
2008-05-08,,,,13.968363,
2008-05-09,,,,13.936479,
2008-05-12,,,,14.044275,
2008-05-13,,,,14.006322,
2008-05-14,,,,14.026056,
2008-05-15,,,,14.203705,
2008-05-16,,,,14.349460,
2008-05-20,,,,14.432965,
2008-05-21,,,,14.220400,
2008-05-22,,,,14.150559,
2008-05-23,,,,14.135375,
2008-05-26,,,,14.126267,
2008-05-27,,,,13.930406,
2008-05-28,,,,14.105008,
2008-05-29,,,,13.998727,
2008-05-30,,,,14.180925,
2008-06-02,,,,14.209767,
2008-06-03,,,,14.150559,
2008-06-04,,,,14.097411,
2008-06-05,,,,14.390456,
2008-06-06,,,,14.398045,
2008-06-09,,,,14.361603,
2008-06-10,,,,14.159666,
2008-06-11,,,,14.147525,
2008-06-12,,,,14.006322,
2008-06-13,,,,14.203705,
2008-06-16,,,,14.352496,
2008-06-17,,,,14.432965,
2008-06-18,,,,14.451180,
2008-06-19,,,,14.196110,
2008-06-20,,,,14.029093,
2008-06-23,,,,14.106527,
2008-06-24,,,,13.862082,
2008-06-25,,,,13.844972,
2008-06-26,,,,13.754853,
2008-06-27,,,,13.831227,
2008-06-30,,,,13.915237,
2008-07-02,,,,13.502815,
2008-07-03,,,,13.579192,
2008-07-04,,,,13.518097,
2008-07-07,,,,13.255374,
2008-07-08,,,,13.288978,
2008-07-09,,,,13.101098,
2008-07-10,,,,13.246201,
2008-07-11,,,,13.182052,
2008-07-14,,,,13.252313,
2008-07-15,,,,12.913224,
2008-07-16,,,,13.015561,
2008-07-17,,,,12.917801,
2008-07-18,,,,13.029305,
2008-07-21,,,,13.197325,
2008-07-22,,,,13.130120,
2008-07-23,,,,13.036939,
2008-07-24,,,,12.711592,
2008-07-25,,,,12.887254,
2008-07-28,,,,12.830738,
2008-07-29,,,,12.830738,
2008-07-30,,,,13.191217,
2008-07-31,,,,13.093460,
2008-08-01,,,,12.943764,
2008-08-05,,,,12.755884,
2008-08-06,,,,13.001813,
2008-08-07,,,,12.922382,
2008-08-08,,,,12.873502,
2008-08-11,,,,12.745198,
2008-08-12,,,,12.696319,
2008-08-13,,,,12.910164,
2008-08-14,,,,12.861286,
2008-08-15,,,,12.653550,
2008-08-18,,,,12.684096,
2008-08-19,,,,12.629108,
2008-08-20,,,,12.861286,
2008-08-21,,,,13.075129,
2008-08-22,,,,12.965151,
2008-08-25,,,,12.806296,
2008-08-26,,,,12.861286,
2008-08-27,,,,13.075129,
2008-08-28,,,,13.233989,
2008-08-29,,,,13.276756,
2008-09-02,,,,12.867392,
2008-09-03,,,,12.726871,
2008-09-04,,,,12.427482,
2008-09-05,,,,12.458032,
2008-09-08,,,,12.262522,
2008-09-09,,,,11.785943,
2008-09-10,,,,12.085334,
2008-09-11,,,,12.213638,
2008-09-12,,,,12.317503,
2008-09-15,,,,11.908144,
2008-09-16,,,,11.871483,
2008-09-17,,,,11.529333,
2008-09-18,,,,11.840934,
2008-09-19,,,,12.403039,
2008-09-22,,,,12.225856,
2008-09-23,,,,12.207527,
2008-09-24,,,,12.085334,
2008-09-25,,,,12.129039,
2008-09-26,,,,11.802729,
2008-09-29,,,,11.100845,
2008-09-30,,,,11.519515,
2008-10-01,,,,11.365590,
2008-10-02,,,,10.682178,
2008-10-03,,,,10.528255,
2008-10-06,,,,10.066490,
2008-10-07,,,,9.543156,
2008-10-08,,,,9.783277,
2008-10-09,,,,9.358452,
2008-10-10,,,,9.050603,
2008-10-14,,,,9.690921,
2008-10-15,,,,9.050603,
2008-10-16,,,,9.056764,
2008-10-17,,,,9.290724,
2008-10-20,,,,9.869471,
2008-10-21,,,,9.537004,
2008-10-22,,,,9.081394,
2008-10-23,,,,9.062922,
2008-10-24,,,,8.976724,
2008-10-27,,,,8.373350,
2008-10-28,,,,8.921311,
2008-10-29,,,,9.210681,
2008-10-30,,,,9.530842,
2008-10-31,,,,9.543156,
2008-11-03,,,,9.444647,
2008-11-04,,,,9.826375,
2008-11-05,,,,9.592412,
2008-11-06,,,,9.272253,
2008-11-07,,,,9.364605,
2008-11-10,,,,9.438493,
2008-11-11,,,,9.229156,
2008-11-12,,,,8.705821,
2008-11-13,,,,9.093706,
2008-11-14,,,,8.792016,
2008-11-17,,,,8.607312,
2008-11-18,,,,8.582685,
2008-11-19,,,,8.268682,
2008-11-20,,,,7.579116,
2008-11-21,,,,8.003935,
2008-11-24,,,,8.280997,
2008-11-25,,,,8.188645,
2008-11-26,,,,8.434916,
2008-11-27,,,,8.576526,
2008-11-28,,,,8.915155,
2008-12-01,,,,8.219430,
2008-12-02,,,,8.034719,
2008-12-03,,,,8.157859,
2008-12-04,,,,7.923900,
2008-12-05,,,,7.942369,
2008-12-08,,,,8.330253,
2008-12-09,,,,8.225586,
2008-12-10,,,,8.404139,
2008-12-11,,,,8.207118,
2008-12-12,,,,8.336409,
2008-12-15,,,,8.305628,
2008-12-16,,,,8.545742,
2008-12-17,,,,8.711981,
2008-12-18,,,,8.237899,
2008-12-19,,,,8.354883,
2008-12-22,,,,8.139391,
2008-12-23,,,,8.145547,
2008-12-24,,,,8.113142,
2008-12-29,,,,8.455867,
2008-12-30,,,,8.636570,
2008-12-31,,,,8.779889,
2009-01-02,,,,9.072762,
2009-01-05,,,,9.085228,
2009-01-06,,,,9.290858,
2009-01-07,,,,8.991754,
2009-01-08,,,,9.035376,
2009-01-09,,,,8.910750,
2009-01-12,,,,8.649034,
2009-01-13,,,,8.811047,
2009-01-14,,,,8.555566,
2009-01-15,,,,8.642806,
2009-01-16,,,,8.748734,
2009-01-19,,,,8.730040,
2009-01-20,,,,8.349936,
2009-01-21,,,,8.592953,
2009-01-22,,,,8.331235,
2009-01-23,,,,8.462096,
2009-01-26,,,,8.487020,
2009-01-27,,,,8.605417,
2009-01-28,,,,8.754963,
2009-01-29,,,,8.599186,
2009-01-30,,,,8.518177,
2009-02-02,,,,8.474555,
2009-02-03,,,,8.474555,
2009-02-04,,,,8.574256,
2009-02-05,,,,8.717579,
2009-02-06,,,,8.879593,
2009-02-09,,,,8.910750,
2009-02-10,,,,8.692655,
2009-02-11,,,,8.649034,
2009-02-12,,,,8.661498,
2009-02-13,,,,8.555566,
2009-02-17,,,,8.237767,
2009-02-18,,,,8.094450,
2009-02-19,,,,8.081985,
2009-02-20,,,,7.826500,
2009-02-23,,,,7.558558,
2009-02-24,,,,7.739266,
2009-02-25,,,,7.845199,
2009-02-26,,,,8.063293,
2009-02-27,,,,8.000979,
2009-03-02,,,,7.558558,
2009-03-03,,,,7.521172,
2009-03-04,,,,7.720571,
2009-03-05,,,,7.527397,
2009-03-06,,,,7.521172,
2009-03-09,,,,7.483783,
2009-03-10,,,,7.770423,
2009-03-11,,,,7.938662,
2009-03-12,,,,8.219077,
2009-03-13,,,,8.212844,
2009-03-16,,,,8.300082,
2009-03-17,,,,8.455867,
2009-03-18,,,,8.524408,
2009-03-19,,,,8.599186,
2009-03-20,,,,8.418474,
2009-03-23,,,,8.817281,
2009-03-24,,,,8.736273,
2009-03-25,,,,8.736273,
2009-03-26,,,,8.897005,
2009-03-27,,,,8.758877,
2009-03-30,,,,8.457499,
2009-03-31,,,,8.620742,
2009-04-01,,,,8.840502,
2009-04-02,,,,8.984912,
2009-04-03,,,,9.016304,
2009-04-06,,,,8.984912,
2009-04-07,,,,8.746319,
2009-04-08,,,,8.853059,
2009-04-09,,,,9.085375,
2009-04-13,,,,9.173273,
2009-04-14,,,,9.091649,
2009-04-15,,,,9.129325,
2009-04-16,,,,9.229786,
2009-04-17,,,,9.323964,
2009-04-20,,,,9.041421,
2009-04-21,,,,9.160717,
2009-04-22,,,,9.185832,
2009-04-23,,,,9.292566,
2009-04-24,,,,9.436983,
2009-04-27,,,,9.323964,
2009-04-28,,,,9.261175,
2009-04-29,,,,9.336521,
2009-04-30,,,,9.261175,
2009-05-01,,,,9.430706,
2009-05-04,,,,9.763474,
2009-05-05,,,,9.807430,
2009-05-06,,,,10.020908,
2009-05-07,,,,9.914170,
2009-05-08,,,,10.152761,
2009-05-11,,,,10.033466,
2009-05-12,,,,9.983232,
2009-05-13,,,,9.619063,
2009-05-14,,,,9.807430,
2009-05-15,,,,9.719525,
2009-05-19,,,,10.002072,
2009-05-20,,,,10.159039,
2009-05-21,,,,9.914170,
2009-05-22,,,,9.939282,
2009-05-25,,,,9.983232,
2009-05-26,,,,10.209270,
2009-05-27,,,,10.071136,
2009-05-28,,,,10.322288,
2009-05-29,,,,10.265776,
2009-06-01,,,,10.498096,
2009-06-02,,,,10.523207,
2009-06-03,,,,10.253222,
2009-06-04,,,,10.403913,
2009-06-05,,,,10.472979,
2009-06-08,,,,10.472979,
2009-06-09,,,,10.491814,
2009-06-10,,,,10.535767,
2009-06-11,,,,10.617388,
2009-06-12,,,,10.585994,
2009-06-15,,,,10.359959,
2009-06-16,,,,10.278342,
2009-06-17,,,,10.039744,
2009-06-18,,,,10.359959,
2009-06-19,,,,10.190435,
2009-06-22,,,,9.819985,
2009-06-23,,,,9.838822,
2009-06-24,,,,10.039744,
2009-06-25,,,,10.297984,
2009-06-26,,,,10.348623,
2009-06-29,,,,10.449893,
2009-06-30,,,,10.323305,
2009-07-02,,,,10.241020,
2009-07-03,,,,10.241020,
2009-07-06,,,,10.019487,
2009-07-07,,,,9.810618,
2009-07-08,,,,9.658711,
2009-07-09,,,,9.734665,
2009-07-10,,,,9.728335,
2009-07-13,,,,9.842263,
2009-07-14,,,,9.962526,
2009-07-15,,,,10.184052,
2009-07-16,,,,10.266338,
2009-07-17,,,,10.354951,
2009-07-20,,,,10.494198,
2009-07-21,,,,10.487867,
2009-07-22,,,,10.443561,
2009-07-23,,,,10.646105,
2009-07-24,,,,10.677749,
2009-07-27,,,,10.722054,
2009-07-28,,,,10.544836,
2009-07-29,,,,10.456221,
2009-07-30,,,,10.646105,
2009-07-31,,,,10.772695,
2009-08-04,,,,10.968907,
2009-08-05,,,,10.987896,
2009-08-06,,,,10.816999,
2009-08-07,,,,10.848647,
2009-08-10,,,,10.798007,
2009-08-11,,,,10.646105,
2009-08-12,,,,10.665092,
2009-08-13,,,,10.804336,
2009-08-14,,,,10.810674,
2009-08-17,,,,10.525843,
2009-08-18,,,,10.665092,
2009-08-19,,,,10.658761,
2009-08-20,,,,10.734715,
2009-08-21,,,,10.816999,
2009-08-24,,,,10.779022,
2009-08-25,,,,10.911936,
2009-08-26,,,,10.911936,
2009-08-27,,,,10.930928,
2009-08-28,,,,10.962570,
2009-08-31,,,,10.861303,
2009-09-01,,,,10.690411,
2009-09-02,,,,10.715727,
2009-09-03,,,,10.905609,
2009-09-04,,,,11.006883,
2009-09-08,,,,11.108150,
2009-09-09,,,,10.684080,
2009-09-10,,,,11.171446,
2009-09-11,,,,11.266392,
2009-09-14,,,,11.329686,
2009-09-15,,,,11.475259,
2009-09-16,,,,11.582862,
2009-09-17,,,,11.525894,
2009-09-18,,,,11.525894,
2009-09-21,,,,11.443615,
2009-09-22,,,,11.608175,
2009-09-23,,,,11.525894,
2009-09-24,,,,11.342342,
2009-09-25,,,,11.241077,
2009-09-28,,,,11.381191,
2009-09-29,,,,11.432145,
2009-09-30,,,,11.387557,
2009-10-01,,,,11.113701,
2009-10-02,,,,11.011791,
2009-10-05,,,,11.158278,
2009-10-06,,,,11.292027,
2009-10-07,,,,11.393928,
2009-10-08,,,,11.495831,
2009-10-09,,,,11.483094,
2009-10-13,,,,11.451250,
2009-10-14,,,,11.572259,
2009-10-15,,,,11.553148,
2009-10-16,,,,11.546779,
2009-10-19,,,,11.591367,
2009-10-20,,,,11.591367,
2009-10-21,,,,11.489462,
2009-10-22,,,,11.559520,
2009-10-23,,,,11.432145,
2009-10-26,,,,11.292027,
2009-10-27,,,,11.139174,
2009-10-28,,,,10.878052,
2009-10-29,,,,11.120070,
2009-10-30,,,,10.941736,
2009-11-02,,,,10.928999,
2009-11-03,,,,11.075484,
2009-11-04,,,,11.113701,
2009-11-05,,,,11.228340,
2009-11-06,,,,11.304762,
2009-11-09,,,,11.546779,
2009-11-10,,,,11.463986,
2009-11-11,,,,11.508565,
2009-11-12,,,,11.406667,
2009-11-13,,,,11.476726,
2009-11-16,,,,11.572259,
2009-11-17,,,,11.693264,
2009-11-18,,,,11.712367,
2009-11-19,,,,11.667792,
2009-11-20,,,,11.655056,
2009-11-23,,,,11.693264,
2009-11-24,,,,11.616840,
2009-11-25,,,,11.712367,
2009-11-26,,,,11.527676,
2009-11-27,,,,11.527676,
2009-11-30,,,,11.559520,
2009-12-01,,,,11.788805,
2009-12-02,,,,11.833386,
2009-12-03,,,,11.706006,
2009-12-04,,,,11.604104,
2009-12-07,,,,11.572259,
2009-12-08,,,,11.451250,
2009-12-09,,,,11.463986,
2009-12-10,,,,11.534049,
2009-12-11,,,,11.502201,
2009-12-14,,,,11.616840,
2009-12-15,,,,11.629579,
2009-12-16,,,,11.725113,
2009-12-17,,,,11.584996,
2009-12-18,,,,11.642316,
2009-12-21,,,,11.642316,
2009-12-22,,,,11.718742,
2009-12-23,,,,11.737849,
2009-12-24,,,,11.841653,
2009-12-29,,,,11.796802,
2009-12-30,,,,11.822433,
2009-12-31,,,,11.816023,
2010-01-04,,,,11.982630,
2010-01-05,,,,12.014665,
2010-01-06,,,,12.059520,
2010-01-07,,,,11.630198,
2010-01-08,,,,12.065931,
2010-01-11,,,,12.072338,
2010-01-12,,,,11.931366,
2010-01-13,,,,11.969810,
2010-01-14,,,,11.918550,
2010-01-15,,,,11.841653,
2010-01-18,,,,11.854465,
2010-01-19,,,,11.880102,
2010-01-20,,,,11.796802,
2010-01-21,,,,11.585344,
2010-01-22,,,,11.450778,
2010-01-25,,,,11.476409,8.707526
2010-01-26,,,,11.463592,8.724804
2010-01-27,,,,11.463592,8.730566
2010-01-28,,,,11.386701,8.742081
2010-01-29,,,,11.226502,8.730566
2010-02-01,,,,11.431556,8.736321
2010-02-02,,,,11.546895,8.736321
2010-02-03,,,,11.521265,8.742081
2010-02-04,,,,11.258539,8.742081
2010-02-05,,,,11.335437,8.742081
2010-02-08,,,,11.232913,8.730566
2010-02-09,,,,11.386701,8.736321
2010-02-10,,,,11.425146,8.707526
2010-02-11,,,,11.559711,8.690250
2010-02-12,,,,11.566118,8.690250
2010-02-16,,,,11.726319,8.713284
2010-02-17,,,,11.771170,8.707526
2010-02-18,,,,11.828840,8.707526
2010-02-19,,,,11.854465,8.707526
2010-02-22,,,,11.783979,8.707526
2010-02-23,,,,11.668643,8.719049
2010-02-24,,,,11.662239,8.736321
2010-02-25,,,,11.758351,8.742081
2010-02-26,,,,11.771170,8.742081
2010-03-01,,,,11.873694,8.742081
2010-03-02,,,,11.963403,8.742081
2010-03-03,,,,11.995443,8.742081
2010-03-04,,,,11.989033,8.742081
2010-03-05,,,,12.117191,8.742081
2010-03-08,,,,12.110781,8.742081
2010-03-09,,,,12.078746,8.644184
2010-03-10,,,,12.123597,8.644184
2010-03-11,,,,12.149225,8.690250
2010-03-12,,,,12.162048,8.690250
2010-03-15,,,,12.149225,8.696011
2010-03-16,,,,12.258159,8.719049
2010-03-17,,,,12.270979,8.719049
2010-03-18,,,,12.219711,8.730566
2010-03-19,,,,12.110781,8.730566
2010-03-22,,,,12.142827,8.730566
2010-03-23,,,,12.213313,8.724804
2010-03-24,,,,12.136415,8.724804
2010-03-25,,,,12.142827,8.724804
2010-03-26,,,,12.127994,8.685957
2010-03-29,,,,12.218261,8.685957
2010-03-30,,,,12.231159,8.685957
2010-03-31,,,,12.218261,8.685957
2010-04-01,,,,12.347211,8.685957
2010-04-05,,,,12.379453,8.685957
2010-04-06,,,,12.353661,8.651169
2010-04-07,,,,12.308525,8.651169
2010-04-08,,,,12.308525,8.651169
2010-04-09,,,,12.366555,8.651169
2010-04-12,,,,12.347211,8.651169
2010-04-13,,,,12.282737,8.651169
2010-04-14,,,,12.398792,8.651169
2010-04-15,,,,12.398792,8.651169
2010-04-16,,,,12.250498,8.651169
2010-04-19,,,,12.295629,8.645366
2010-04-20,,,,12.327871,8.645366
2010-04-21,,,,12.321425,8.645366
2010-04-22,,,,12.340762,8.645366
2010-04-23,,,,12.431030,8.645366
2010-04-26,,,,12.469720,8.616378
2010-04-27,,,,12.334314,8.616378
2010-04-28,,,,12.302074,8.616378
2010-04-29,,,,12.405242,8.616378
2010-04-30,,,,12.379453,8.662762
2010-05-03,,,,12.418139,8.662762
2010-05-04,,,,12.250498,8.714952
2010-05-05,,,,12.089305,8.703347
2010-05-06,,,,11.999043,8.738138
2010-05-07,,,,11.882982,8.697553
2010-05-10,,,,12.153786,8.697553
2010-05-11,,,,12.211809,8.662762
2010-05-12,,,,12.392342,8.680158
2010-05-13,,,,12.308525,8.697553
2010-05-14,,,,12.198917,8.755531
2010-05-17,,,,12.037724,8.738138
2010-05-18,,,,11.973250,8.749737
2010-05-19,,,,11.902326,8.755531
2010-05-20,,,,11.579938,8.784526
2010-05-21,,,,11.728242,8.796124
2010-05-25,,,,11.715348,8.830918
2010-05-26,,,,11.773375,8.813521
2010-05-27,,,,11.986143,8.767129
2010-05-28,,,,11.876534,8.796124
2010-05-31,,,,11.915222,8.784526
2010-06-01,,,,11.792717,8.801922
2010-06-02,,,,11.999043,8.778730
2010-06-03,,,,12.037724,8.772928
2010-06-04,,,,11.792717,8.825117
2010-06-07,,,,11.721791,8.796124
2010-06-08,,,,11.760480,8.807720
2010-06-09,,,,11.676661,8.761328
2010-06-10,,,,11.850748,8.738138
2010-06-11,,,,11.895882,8.743937
2010-06-14,,,,11.915222,8.691753
2010-06-15,,,,12.134439,8.732340
2010-06-16,,,,12.186019,8.749737
2010-06-17,,,,12.192469,8.801922
2010-06-18,,,,12.218261,8.784526
2010-06-21,,,,12.173125,8.778730
2010-06-22,,,,12.031278,8.801922
2010-06-23,,,,12.057074,8.836711
2010-06-24,,,,11.928111,8.871501
2010-06-25,,,,11.937850,8.865636
2010-06-28,,,,11.892430,8.877368
2010-06-29,,,,11.535591,8.918409
2010-06-30,,,,11.574525,8.936002
2010-07-02,,,,11.444759,8.912551
2010-07-05,,,,11.366906,8.924279
2010-07-06,,,,11.431784,8.900821
2010-07-07,,,,11.665359,8.894954
2010-07-08,,,,11.704282,8.889096
2010-07-09,,,,11.834042,8.853908
2010-07-12,,,,11.834042,8.865636
2010-07-13,,,,11.924877,8.842183
2010-07-14,,,,11.892430,8.807008
2010-07-15,,,,11.996243,8.877368
2010-07-16,,,,11.801602,8.889096
2010-07-19,,,,11.801602,8.889096
2010-07-20,,,,11.898922,8.900821
2010-07-21,,,,11.769158,8.894954
2010-07-22,,,,11.937850,8.894954
2010-07-23,,,,11.983264,8.889096
2010-07-26,,,,12.028678,8.889096
2010-07-27,,,,11.996243,8.883228
2010-07-28,,,,11.963800,8.883228
2010-07-29,,,,12.009218,8.924279
2010-07-30,,,,11.989754,8.959456
2010-08-03,,,,12.080585,8.965318
2010-08-04,,,,12.125999,8.930138
2010-08-05,,,,12.061118,8.953593
2010-08-06,,,,12.087073,8.971183
2010-08-09,,,,12.145461,8.971183
2010-08-10,,,,12.125999,9.006366
2010-08-11,,,,11.872969,9.023954
2010-08-12,,,,11.821071,9.012229
2010-08-13,,,,11.808085,9.023954
2010-08-16,,,,11.821071,9.147089
2010-08-17,,,,12.022193,9.023954
2010-08-18,,,,12.048143,9.023954
2010-08-19,,,,12.002727,9.047406
2010-08-20,,,,12.002727,9.070865
2010-08-23,,,,11.996243,9.100182
2010-08-24,,,,11.827554,9.094324
2010-08-25,,,,11.911894,9.100182
2010-08-26,,,,11.918386,9.111909
2010-08-27,,,,12.177904,9.076726
2010-08-30,,,,12.177904,9.106043
2010-08-31,,,,12.203855,9.123640
2010-09-01,,,,12.314150,9.088457
2010-09-02,,,,12.424443,9.088457
2010-09-03,,,,12.430935,9.076726
2010-09-07,,,,12.392002,9.076726
2010-09-08,,,,12.346592,9.076726
2010-09-09,,,,12.333617,9.047406
2010-09-10,,,,12.404985,9.053270
2010-09-13,,,,12.469858,9.047406
2010-09-14,,,,12.515278,9.047406
2010-09-15,,,,12.489328,9.035684
2010-09-16,,,,12.508790,9.041543
2010-09-17,,,,12.489328,9.065003
2010-09-20,,,,12.573669,9.065003
2010-09-21,,,,12.515278,9.065003
2010-09-22,,,,12.482841,9.111909
2010-09-23,,,,12.430935,9.123640
2010-09-24,,,,12.547720,9.147089
2010-09-27,,,,12.522255,9.139383
2010-09-28,,,,12.626716,9.163095
2010-09-29,,,,12.718119,9.174946
2010-09-30,,,,12.731174,9.169023
2010-10-01,,,,12.744234,9.157169
2010-10-04,,,,12.665888,9.180872
2010-10-05,,,,12.861754,9.163095
2010-10-06,,,,12.848695,9.186803
2010-10-07,,,,12.796465,9.174946
2010-10-08,,,,12.874807,9.216434
2010-10-12,,,,12.920513,9.198658
2010-10-13,,,,13.044561,9.180872
2010-10-14,,,,12.985795,9.192728
2010-10-15,,,,12.979273,9.169023
2010-10-18,,,,13.018441,9.192728
2010-10-19,,,,12.933577,9.210509
2010-10-20,,,,13.011913,9.210509
2010-10-21,,,,12.966220,9.216434
2010-10-22,,,,12.959687,9.216434
2010-10-25,,,,13.018441,9.216434
2010-10-26,,,,13.044561,9.204581
2010-10-27,,,,12.953153,9.163095
2010-10-28,,,,12.940100,9.169023
2010-10-29,,,,13.051085,9.186803
2010-11-01,,,,13.038029,9.192728
2010-11-02,,,,13.051085,9.174946
2010-11-03,,,,13.057619,9.180872
2010-11-04,,,,13.292656,9.198658
2010-11-05,,,,13.312242,9.186803
2010-11-08,,,,13.429757,9.163095
2010-11-09,,,,13.312242,9.151237
2010-11-10,,,,13.312242,9.109743
2010-11-11,,,,13.312242,9.121600
2010-11-12,,,,13.135961,9.103826
2010-11-15,,,,13.116380,9.056408
2010-11-16,,,,12.966220,9.044552
2010-11-17,,,,13.051085,9.074190
2010-11-18,,,,13.260006,9.050481
2010-11-19,,,,13.351414,9.056408
2010-11-22,,,,13.338354,9.080117
2010-11-23,,,,13.207779,9.056408
2010-11-24,,,,13.279596,9.026773
2010-11-25,,,,13.344888,9.020848
2010-11-26,,,,13.318768,9.062335
2010-11-29,,,,13.325304,9.068257
2010-11-30,,,,13.357937,9.097893
2010-12-01,,,,13.560338,9.056408
2010-12-02,,,,13.579922,9.038627
2010-12-03,,,,13.606034,9.038627
2010-12-06,,,,13.671320,9.062335
2010-12-07,,,,13.658265,9.026773
2010-12-08,,,,13.586451,8.997141
2010-12-09,,,,13.606034,8.997141
2010-12-10,,,,13.658265,8.991208
2010-12-13,,,,13.717023,8.997141
2010-12-14,,,,13.717023,8.979356
2010-12-15,,,,13.638681,8.967503
2010-12-16,,,,13.612569,8.991208
2010-12-17,,,,13.625625,9.038627
2010-12-20,,,,13.625625,9.044552
2010-12-21,,,,13.782312,9.074190
2010-12-22,,,,13.808430,9.080117
2010-12-23,,,,13.788846,9.074190
2010-12-24,,,,13.830197,9.340805
2010-12-29,,,,13.882709,9.089167
2010-12-30,,,,13.876143,9.083178
2010-12-31,,,,13.876143,9.095155
2011-01-04,,,,13.849884,9.083178
2011-01-05,,,,13.849884,9.053217
2011-01-06,,,,13.771121,9.053217
2011-01-07,,,,13.718611,9.047221
2011-01-10,,,,13.692349,9.071191
2011-01-11,,,,13.863015,9.053217
2011-01-12,,,,13.922089,8.975328
2011-01-13,,,,13.869585,9.041233
2011-01-14,,,,13.915526,9.041233
2011-01-17,,,,13.915526,9.047221
2011-01-18,,,,14.027113,8.957355
2011-01-19,,,,13.895832,9.059207
2011-01-20,,,,13.797379,9.023254
2011-01-21,,,,13.790805,9.005283
2011-01-24,,,,13.817063,9.011278
2011-01-25,,,,13.744866,9.035236
2011-01-26,,,,13.922089,9.032239
2011-01-27,,,,13.889273,8.984127
2011-01-28,,,,13.915526,9.062302
2011-01-31,,,,14.053372,9.056289
2011-02-01,,,,14.191209,9.044261
2011-02-02,,,,14.171521,9.020211
2011-02-03,,,,14.335622,9.026217
2011-02-04,,,,14.283113,8.990145
2011-02-07,,,,14.309365,9.008180
2011-02-08,,,,14.388132,9.008180
2011-02-09,,,,14.269979,9.008180
2011-02-10,,,,14.322489,8.996159
2011-02-11,,,,14.256846,8.996159
2011-02-14,,,,14.407820,9.002168
2011-02-15,,,,14.427518,8.990145
2011-02-16,,,,14.565359,8.966091
2011-02-17,,,,14.624430,8.996159
2011-02-18,,,,14.617872,8.990145
2011-02-22,,,,14.480026,9.044261
2011-02-23,,,,14.466898,9.041245
2011-02-24,,,,14.361871,9.077459
2011-02-25,,,,14.558794,9.065388
2011-02-28,,,,14.670381,9.089525
2011-03-01,,,,14.657248,9.083495
2011-03-02,,,,14.657248,9.047281
2011-03-03,,,,14.736015,9.041245
2011-03-04,,,,14.755708,9.047281
2011-03-07,,,,14.617872,9.047281
2011-03-08,,,,14.512843,8.998996
2011-03-09,,,,14.407820,9.035209
2011-03-10,,,,14.151833,9.065388
2011-03-11,,,,14.191209,9.059355
2011-03-14,,,,14.132131,9.095568
2011-03-15,,,,14.073058,9.125742
2011-03-16,,,,14.040239,9.155925
2011-03-17,,,,14.283113,9.137815
2011-03-18,,,,14.329055,9.119700
2011-03-21,,,,14.545665,9.125742
2011-03-22,,,,14.539098,9.119700
2011-03-23,,,,14.630999,9.119700
2011-03-24,,,,14.578485,9.113667
2011-03-25,,,,14.590375,9.107639
2011-03-28,,,,14.438457,9.104605
2011-03-29,,,,14.471481,9.062207
2011-03-30,,,,14.630004,9.086439
2011-03-31,,,,14.663030,9.074321
2011-04-01,,,,14.702653,9.056146
2011-04-04,,,,14.781922,9.062207
2011-04-05,,,,14.854576,9.062207
2011-04-06,,,,14.768708,9.044033
2011-04-07,,,,14.676233,9.019804
2011-04-08,,,,14.775311,8.989518
2011-04-11,,,,14.557344,8.995570
2011-04-12,,,,14.359200,9.025855
2011-04-13,,,,14.385624,9.056146
2011-04-14,,,,14.372410,9.068261
2011-04-15,,,,14.352594,9.092497
2011-04-18,,,,14.253516,9.134891
2011-04-19,,,,14.299756,9.104605
2011-04-20,,,,14.445064,9.092497
2011-04-21,,,,14.530924,9.092497
2011-04-25,,,,14.464879,9.110669
2011-04-26,,,,14.464879,9.129510
2011-04-27,,,,14.623398,9.105194
2011-04-28,,,,14.471481,9.135584
2011-04-29,,,,14.497902,9.129510
2011-05-02,,,,14.484694,9.147742
2011-05-03,,,,14.266729,9.147742
2011-05-04,,,,14.167655,9.178133
2011-05-05,,,,14.015743,9.196369
2011-05-06,,,,14.108215,9.190289
2011-05-09,,,,14.227098,9.165975
2011-05-10,,,,14.213890,9.165975
2011-05-11,,,,13.969509,9.147742
2011-05-12,,,,13.943085,9.172059
2011-05-13,,,,13.916665,9.172059
2011-05-16,,,,13.949696,9.190289
2011-05-17,,,,14.015743,9.202444
2011-05-18,,,,14.167655,9.184207
2011-05-19,,,,14.194075,9.190289
2011-05-20,,,,14.200679,9.202444
2011-05-24,,,,14.147837,9.184207
2011-05-25,,,,14.312960,9.232839
2011-05-26,,,,14.345992,9.251743
2011-05-27,,,,14.379012,9.257842
2011-05-30,,,,14.385624,9.251743
2011-05-31,,,,14.405431,9.257842
2011-06-01,,,,14.114812,9.257842
2011-06-02,,,,14.101600,9.263937
2011-06-03,,,,14.121419,9.288342
2011-06-06,,,,13.890246,9.276138
2011-06-07,,,,13.850619,9.263937
2011-06-08,,,,13.751540,9.282237
2011-06-09,,,,13.810990,9.276138
2011-06-10,,,,13.652464,9.288342
2011-06-13,,,,13.533578,9.288342
2011-06-14,,,,13.665680,9.270038
2011-06-15,,,,13.533578,9.318830
2011-06-16,,,,13.441113,9.318830
2011-06-17,,,,13.388268,9.331029
2011-06-20,,,,13.421290,9.318830
2011-06-21,,,,13.645863,9.318830
2011-06-22,,,,13.632657,9.318830
2011-06-23,,,,13.559997,9.349319
2011-06-24,,,,13.480307,9.379818
2011-06-27,,,,13.533432,9.355955
2011-06-28,,,,13.692805,9.313122
2011-06-29,,,,13.785774,9.294756
2011-06-30,,,,13.892021,9.264174
2011-07-04,,,,13.998273,9.270283
2011-07-05,,,,14.044762,9.276406
2011-07-06,,,,13.998273,9.307001
2011-07-07,,,,14.011551,9.288648
2011-07-08,,,,13.984993,9.337598
2011-07-11,,,,13.785774,9.337598
2011-07-12,,,,13.838903,9.386548
2011-07-13,,,,13.925230,9.380427
2011-07-14,,,,13.852181,9.355955
2011-07-15,,,,13.898664,9.404909
2011-07-18,,,,13.852181,9.404909
2011-07-19,,,,13.931870,9.392667
2011-07-20,,,,13.945149,9.355955
2011-07-21,,,,14.064680,9.349836
2011-07-22,,,,14.117804,9.374310
2011-07-25,,,,14.058039,9.374310
2011-07-26,,,,13.925230,9.398252
2011-07-27,,,,13.659608,9.398252
2011-07-28,,,,13.659608,9.416660
2011-07-29,,,,13.553355,9.441221
2011-08-02,,,,13.354141,9.521024
2011-08-03,,,,13.420551,9.502607
2011-08-04,,,,12.968989,9.557856
2011-08-05,,,,12.729927,9.576272
2011-08-08,,,,12.205327,9.594683
2011-08-09,,,,12.676805,9.643794
2011-08-10,,,,12.710010,9.643794
2011-08-11,,,,13.101799,9.613100
2011-08-12,,,,13.141641,9.613100
2011-08-15,,,,13.294377,9.588550
2011-08-16,,,,13.101799,9.606964
2011-08-17,,,,13.161569,9.631517
2011-08-18,,,,12.769774,9.680627
2011-08-19,,,,12.577193,9.699048
2011-08-22,,,,12.623682,9.692905
2011-08-23,,,,12.942427,9.662211
2011-08-24,,,,12.922504,9.613100
2011-08-25,,,,12.856101,9.619245
2011-08-26,,,,12.929149,9.618626
2011-08-29,,,,13.101799,9.587839
2011-08-30,,,,13.261171,9.600150
2011-08-31,,,,13.380703,9.575524
2011-09-01,,,,13.301012,9.575524
2011-09-02,,,,13.201409,9.667885
2011-09-06,,,,13.101799,9.674043
2011-09-07,,,,13.314301,9.661732
2011-09-08,,,,13.294377,9.680203
2011-09-09,,,,12.995551,9.747937
2011-09-12,,,,12.756494,9.729471
2011-09-13,,,,12.802979,9.704839
2011-09-14,,,,12.889300,9.686362
2011-09-15,,,,13.028754,9.649417
2011-09-16,,,,12.703364,9.643258
2011-09-19,,,,12.802979,9.686362
2011-09-20,,,,12.822894,9.686362
2011-09-21,,,,12.563918,9.717152
2011-09-22,,,,12.145563,9.784891
2011-09-23,,,,12.054022,9.784891
2011-09-26,,,,12.241110,9.741780
2011-09-27,,,,12.388114,9.667040
2011-09-28,,,,12.174295,9.697928
2011-09-29,,,,12.247790,9.685575
2011-09-30,,,,12.160930,9.722632
2011-10-03,,,,11.826833,9.753522
2011-10-04,,,,11.766704,9.778225
2011-10-05,,,,12.074063,9.728811
2011-10-06,,,,12.381427,9.691752
2011-10-07,,,,12.241110,9.642331
2011-10-11,,,,12.481660,9.617623
2011-10-12,,,,12.655385,9.611447
2011-10-13,,,,12.508387,9.660865
2011-10-14,,,,12.695475,9.617623
2011-10-17,,,,12.535114,9.660865
2011-10-18,,,,12.682110,9.654693
2011-10-19,,,,12.488340,9.605273
2011-10-20,,,,12.461605,9.648511
2011-10-21,,,,12.581885,9.629983
2011-10-24,,,,12.782336,9.623804
2011-10-25,,,,12.755605,9.660865
2011-10-26,,,,12.829111,9.621836
2011-10-27,,,,13.129789,9.559877
2011-10-28,,,,13.183251,9.603245
2011-10-31,,,,12.949387,9.659014
2011-11-01,,,,12.768977,9.758139
2011-11-02,,,,12.895931,9.739550
2011-11-03,,,,13.136472,9.720964
2011-11-04,,,,13.083020,9.745739
2011-11-07,,,,13.136472,9.764330
2011-11-08,,,,13.149838,9.758139
2011-11-09,,,,12.815750,9.795311
2011-11-10,,,,12.775662,9.782925
2011-11-11,,,,12.936019,9.782925
2011-11-14,,,,12.875887,9.751942
2011-11-15,,,,12.875887,9.770528
2011-11-16,,,,12.842471,9.789113
2011-11-17,,,,12.575203,9.789113
2011-11-18,,,,12.548473,9.745739
2011-11-21,,,,12.441564,9.782925
2011-11-22,,,,12.434886,9.795311
2011-11-23,,,,12.214380,9.813895
2011-11-24,,,,12.134200,9.807705
2011-11-25,,,,12.087432,9.780982
2011-11-28,,,,12.294567,9.774763
2011-11-29,,,,12.374746,9.762335
2011-11-30,,,,12.829111,9.737484
2011-12-01,,,,12.782336,9.774763
2011-12-02,,,,12.748930,9.780982
2011-12-05,,,,12.795705,9.805837
2011-12-06,,,,12.755605,9.799624
2011-12-07,,,,12.815750,9.818266
2011-12-08,,,,12.615294,9.867978
2011-12-09,,,,12.708839,9.830688
2011-12-12,,,,12.575203,9.855547
2011-12-13,,,,12.441564,9.874198
2011-12-14,,,,12.214380,9.892835
2011-12-15,,,,12.160930,9.905262
2011-12-16,,,,12.321295,9.936332
2011-12-19,,,,12.187654,9.954977
2011-12-20,,,,12.401475,9.923905
2011-12-21,,,,12.408156,9.892835
2011-12-22,,,,12.555159,9.936332
2011-12-23,,,,12.595466,9.952538
2011-12-28,,,,12.420807,9.908913
2011-12-29,,,,12.528280,9.927605
2011-12-30,,,,12.655919,9.940076
2012-01-03,,,,12.924624,9.896449
2012-01-04,,,,12.938061,9.883983
2012-01-05,,,,12.958210,9.902682
2012-01-06,,,,12.904469,9.921372
2012-01-09,,,,12.917907,9.927605
2012-01-10,,,,12.991799,9.890222
2012-01-11,,,,12.998522,9.940076
2012-01-12,,,,13.005233,9.915142
2012-01-13,,,,12.951494,9.940076
2012-01-16,,,,12.958210,9.940076
2012-01-17,,,,12.951494,9.952538
2012-01-18,,,,13.065693,9.921372
2012-01-19,,,,13.112719,9.908913
2012-01-20,,,,13.119431,9.877753
2012-01-23,,,,13.273940,9.859051
2012-01-24,,,,13.132865,9.859051
2012-01-25,,,,13.280660,9.890222
2012-01-26,,,,13.200041,9.899590
2012-01-27,,,,13.220197,9.918336
2012-01-30,,,,13.179894,9.955833
2012-01-31,,,,13.206758,9.968337
2012-02-01,,,,13.260504,9.962086
2012-02-02,,,,13.307528,9.955833
2012-02-03,,,,13.334397,9.905838
2012-02-06,,,,13.320961,9.937088
2012-02-07,,,,13.280660,9.912086
2012-02-08,,,,13.287375,9.905838
2012-02-09,,,,13.240351,9.880841
2012-02-10,,,,13.139587,9.912086
2012-02-13,,,,13.153020,9.899590
2012-02-14,,,,13.112719,9.924592
2012-02-15,,,,13.112719,9.905838
2012-02-16,,,,13.233638,9.912086
2012-02-17,,,,13.213479,9.912086
2012-02-21,,,,13.388139,9.868339
2012-02-22,,,,13.475462,9.899590
2012-02-23,,,,13.509053,9.887088
2012-02-24,,,,13.495619,9.909022
2012-02-27,,,,13.475462,9.934093
2012-02-28,,,,13.535921,9.934093
2012-02-29,,,,13.415009,9.934093
2012-03-01,,,,13.515775,9.915293
2012-03-02,,,,13.428440,9.940367
2012-03-05,,,,13.300808,9.934093
2012-03-06,,,,13.065693,9.927834
2012-03-07,,,,13.126149,9.940367
2012-03-08,,,,13.240351,9.921561
2012-03-09,,,,13.260504,9.909022
2012-03-12,,,,13.206758,9.927834
2012-03-13,,,,13.327679,9.909022
2012-03-14,,,,13.173168,9.852618
2012-03-15,,,,13.240351,9.821283
2012-03-16,,,,13.300808,9.815017
2012-03-19,,,,13.273940,9.815017
2012-03-20,,,,13.220197,9.789947
2012-03-21,,,,13.233638,9.783677
2012-03-22,,,,13.153020,9.840083
2012-03-23,,,,13.246382,9.846347
2012-03-26,,,,13.381688,9.846347
2012-03-27,,,,13.314034,9.855775
2012-03-28,,,,13.205792,9.893493
2012-03-29,,,,13.124605,9.893493
2012-03-30,,,,13.205792,9.899777
2012-04-02,,,,13.314034,9.887204
2012-04-03,,,,13.138139,9.855775
2012-04-04,,,,12.975775,9.880927
2012-04-05,,,,12.901354,9.862064
2012-04-09,,,,12.799878,9.906063
2012-04-10,,,,12.725460,9.937491
2012-04-11,,,,12.813407,9.924924
2012-04-12,,,,13.009599,9.906063
2012-04-13,,,,12.847232,9.931210
2012-04-16,,,,12.833705,9.918634
2012-04-17,,,,12.935185,9.880927
2012-04-18,,,,12.928417,9.893493
2012-04-19,,,,12.955478,9.912346
2012-04-20,,,,12.955478,9.887204
2012-04-23,,,,12.793110,9.887204
2012-04-24,,,,12.786343,9.880927
2012-04-25,,,,12.908122,9.858859
2012-04-26,,,,12.948709,9.877770
2012-04-27,,,,13.056957,9.877770
2012-04-30,,,,13.124605,9.902979
2012-05-01,,,,13.165197,9.871468
2012-05-02,,,,13.056957,9.921898
2012-05-03,,,,12.833705,9.928202
2012-05-04,,,,12.678098,9.928202
2012-05-07,,,,12.651042,9.966022
2012-05-08,,,,12.461611,9.991235
2012-05-09,,,,12.468374,9.972318
2012-05-10,,,,12.522497,9.972318
2012-05-11,,,,12.481907,9.991235
2012-05-14,,,,12.272183,9.991235
2012-05-15,,,,12.109821,9.984933
2012-05-16,,,,12.096287,9.978621
2012-05-17,,,,12.103053,10.016454
2012-05-18,,,,12.048934,10.010148
2012-05-22,,,,12.224828,9.991235
2012-05-23,,,,12.353368,10.022750
2012-05-24,,,,12.360133,10.035360
2012-05-25,,,,12.366896,10.066878
2012-05-28,,,,12.360133,10.057400
2012-05-29,,,,12.421020,10.051075
2012-05-30,,,,12.238358,10.089005
2012-05-31,,,,12.265421,10.089005
2012-06-01,,,,12.157173,10.177506
2012-06-04,,,,12.123347,10.120612
2012-06-05,,,,12.299242,10.101644
2012-06-06,,,,12.461611,10.076365
2012-06-07,,,,12.414254,10.076365
2012-06-08,,,,12.319536,10.089005
2012-06-11,,,,12.191001,10.095323
2012-06-12,,,,12.299242,10.082685
2012-06-13,,,,12.306010,10.082685
2012-06-14,,,,12.278951,10.063718
2012-06-15,,,,12.319536,10.101644
2012-06-18,,,,12.414254,10.082685
2012-06-19,,,,12.617207,10.082685
2012-06-20,,,,12.583388,10.051075
2012-06-21,,,,12.238358,10.107965
2012-06-22,,,,12.254036,10.089005
2012-06-25,,,,12.138172,10.101644
2012-06-26,,,,12.158619,10.104184
2012-06-27,,,,12.247219,10.097843
2012-06-28,,,,12.267661,10.142218
2012-06-29,,,,12.444865,10.110521
2012-07-03,,,,12.765185,10.110521
2012-07-04,,,,12.778821,10.129539
2012-07-05,,,,12.710659,10.129539
2012-07-06,,,,12.533464,10.129539
2012-07-09,,,,12.485757,10.167569
2012-07-10,,,,12.376712,10.161231
2012-07-11,,,,12.397158,10.161231
2012-07-12,,,,12.274480,10.180249
2012-07-13,,,,12.363077,10.186595
2012-07-16,,,,12.363077,10.192924
2012-07-17,,,,12.424421,10.192924
2012-07-18,,,,12.438046,10.199263
2012-07-19,,,,12.526649,10.186595
2012-07-20,,,,12.485757,10.199263
2012-07-23,,,,12.403971,10.199263
2012-07-24,,,,12.335816,10.218278
2012-07-25,,,,12.349449,10.199263
2012-07-26,,,,12.499387,10.189094
2012-07-27,,,,12.642508,10.144601
2012-07-30,,,,12.642508,10.150958
2012-07-31,,,,12.533464,10.157313
2012-08-01,,,,12.499387,10.163671
2012-08-02,,,,12.390337,10.182734
2012-08-03,,,,12.533464,10.150958
2012-08-07,,,,12.765185,10.100105
2012-08-08,,,,12.683404,10.087394
2012-08-09,,,,12.751554,10.119182
2012-08-10,,,,12.799265,10.144601
2012-08-13,,,,12.731113,10.131887
2012-08-14,,,,12.758373,10.106459
2012-08-15,,,,12.806082,10.061971
2012-08-16,,,,12.935573,10.017475
2012-08-17,,,,13.003723,10.036545
2012-08-20,,,,13.003723,10.055614
2012-08-21,,,,13.044614,10.036545
2012-08-22,,,,13.044614,10.100105
2012-08-23,,,,12.983280,10.100105
2012-08-24,,,,13.010537,10.125534
2012-08-27,,,,12.962832,10.138242
2012-08-28,,,,12.928759,10.121673
2012-08-29,,,,12.942387,10.134418
2012-08-30,,,,12.806082,10.153542
2012-08-31,,,,12.894680,10.159918
2012-09-04,,,,12.881043,10.166287
2012-09-05,,,,12.935573,10.172663
2012-09-06,,,,13.085509,10.134418
2012-09-07,,,,13.215000,10.134418
2012-09-10,,,,13.174107,10.096176
2012-09-11,,,,13.174107,10.102551
2012-09-12,,,,13.194552,10.096176
2012-09-13,,,,13.330862,10.096176
2012-09-14,,,,13.487613,10.077055
2012-09-17,,,,13.433093,10.083430
2012-09-18,,,,13.412647,10.108930
2012-09-19,,,,13.412647,10.115302
2012-09-20,,,,13.392197,10.140796
2012-09-21,,,,13.378483,10.140796
2012-09-24,,,,13.282425,10.159918
2012-09-25,,,,13.213821,10.175254
2012-09-26,,,,13.206958,10.213605
2012-09-27,,,,13.337315,10.213605
2012-09-28,,,,13.296150,10.226389
2012-10-01,,,,13.378483,10.226389
2012-10-02,,,,13.385345,10.194432
2012-10-03,,,,13.371615,10.194432
2012-10-04,,,,13.460813,10.194432
2012-10-05,,,,13.419645,10.175254
2012-10-09,,,,13.282425,10.149687
2012-10-10,,,,13.206958,10.149687
2012-10-11,,,,13.248124,10.175254
2012-10-12,,,,13.186372,10.181641
2012-10-15,,,,13.220680,10.175254
2012-10-16,,,,13.412778,10.175254
2012-10-17,,,,13.474530,10.130510
2012-10-18,,,,13.481384,10.117728
2012-10-19,,,,13.426504,10.162473
2012-10-22,,,,13.412778,10.156084
2012-10-23,,,,13.234399,10.162473
2012-10-24,,,,13.206958,10.162473
2012-10-25,,,,13.303011,10.117728
2012-10-26,,,,13.316730,10.158746
2012-10-29,,,,13.275572,10.190800
2012-10-30,,,,13.412778,10.190800
2012-10-31,,,,13.467673,10.190800
2012-11-01,,,,13.522553,10.197210
2012-11-02,,,,13.412778,10.210022
2012-11-05,,,,13.385345,10.210022
2012-11-06,,,,13.378483,10.177978
2012-11-07,,,,13.254980,10.222844
2012-11-08,,,,13.193239,10.235655
2012-11-09,,,,13.179512,10.242076
2012-11-12,,,,13.193239,10.248482
2012-11-13,,,,13.152073,10.267712
2012-11-14,,,,12.925669,10.248482
2012-11-15,,,,12.802176,10.242076
2012-11-16,,,,12.857059,10.229251
2012-11-19,,,,13.042300,10.216434
2012-11-20,,,,13.056025,10.210022
2012-11-21,,,,13.117773,10.190800
2012-11-22,,,,13.172656,10.203615
2012-11-23,,,,13.220680,10.210022
2012-11-26,,,,13.200101,10.210022
2012-11-27,,,,13.124629,10.225451
2012-11-28,,,,13.158935,10.225451
2012-11-29,,,,13.241264,10.251159
2012-11-30,,,,13.241264,10.264014
2012-12-03,,,,13.193239,10.251159
2012-12-04,,,,13.165805,10.257586
2012-12-05,,,,13.193239,10.270437
2012-12-06,,,,13.193239,10.251159
2012-12-07,,,,13.206958,10.251159
2012-12-10,,,,13.268705,10.251159
2012-12-11,,,,13.330456,10.251159
2012-12-12,,,,13.419645,10.231874
2012-12-13,,,,13.344172,10.212601
2012-12-14,,,,13.323592,10.212601
2012-12-17,,,,13.323592,10.206171
2012-12-18,,,,13.405922,10.199747
2012-12-19,,,,13.460813,10.212601
2012-12-20,,,,13.460813,10.199747
2012-12-21,,,,13.467673,10.238301
2012-12-24,,,,13.440082,10.227997
2012-12-27,,,,13.412499,10.215098
2012-12-28,,,,13.378018,10.260216
2012-12-31,,,,13.543528,10.253775
2013-01-02,,,,13.653857,10.195769
2013-01-03,,,,13.571107,10.182878
2013-01-04,,,,13.653857,10.163547
2013-01-07,,,,13.598689,10.182878
2013-01-08,,,,13.605583,10.195769
2013-01-09,,,,13.626278,10.195769
2013-01-10,,,,13.715919,10.189326
2013-01-11,,,,13.715919,10.182878
2013-01-14,,,,13.715919,10.182878
2013-01-15,,,,13.764194,10.195769
2013-01-16,,,,13.729712,10.215098
2013-01-17,,,,13.805569,10.195769
2013-01-18,,,,13.867628,10.195769
2013-01-21,,,,13.929693,10.182878
2013-01-22,,,,13.964174,10.208657
2013-01-23,,,,13.943481,10.221549
2013-01-24,,,,13.971071,10.227997
2013-01-25,,,,13.964174,10.189326
2013-01-28,,,,13.957276,10.178979
2013-01-29,,,,13.984859,10.172520
2013-01-30,,,,13.936592,10.153131
2013-01-31,,,,13.846939,10.172520
2013-02-01,,,,13.929693,10.140208
2013-02-04,,,,13.867628,10.159598
2013-02-05,,,,13.888313,10.127283
2013-02-06,,,,13.936592,10.159598
2013-02-07,,,,13.902108,10.172520
2013-02-08,,,,13.957276,10.178979
2013-02-11,,,,13.915898,10.166060
2013-02-12,,,,13.950377,10.159598
2013-02-13,,,,13.929693,10.146669
2013-02-14,,,,13.874525,10.159598
2013-02-15,,,,13.826261,10.159598
2013-02-19,,,,13.971071,10.153131
2013-02-20,,,,13.840048,10.166060
2013-02-21,,,,13.777983,10.185450
2013-02-22,,,,13.860733,10.198368
2013-02-25,,,,13.798674,10.220413
2013-02-26,,,,13.819357,10.246331
2013-02-27,,,,13.909001,10.252810
2013-02-28,,,,13.984859,10.259295
2013-03-01,,,,13.929693,10.285219
2013-03-04,,,,13.888313,10.285219
2013-03-05,,,,13.909001,10.291698
2013-03-06,,,,14.019341,10.272256
2013-03-07,,,,14.026237,10.259295
2013-03-08,,,,14.019341,10.220413
2013-03-11,,,,14.053816,10.213928
2013-03-12,,,,14.067616,10.239850
2013-03-13,,,,13.943481,10.226888
2013-03-14,,,,14.019341,10.220413
2013-03-15,,,,14.033134,10.220413
2013-03-18,,,,13.957276,10.252810
2013-03-19,,,,13.977963,10.278734
2013-03-20,,,,14.019341,10.259295
2013-03-21,,,,13.954739,10.272256
2013-03-22,,,,13.954739,10.291698
2013-03-25,,,,13.885276,10.287802
2013-03-26,,,,13.906117,10.287802
2013-03-27,,,,13.899175,10.300795
2013-03-28,,,,13.961687,10.307297
2013-04-01,,,,13.926960,10.326793
2013-04-02,,,,13.906117,10.313795
2013-04-03,,,,13.628278,10.326793
2013-04-04,,,,13.551873,10.346290
2013-04-05,,,,13.524083,10.398279
2013-04-08,,,,13.537975,10.391787
2013-04-09,,,,13.697732,10.372286
2013-04-10,,,,13.753304,10.365789
2013-04-11,,,,13.690788,10.359288
2013-04-12,,,,13.524083,10.372286
2013-04-15,,14.446697,14.722651,13.176773,10.391787
2013-04-16,,14.446697,14.903110,13.294859,10.385278
2013-04-17,,14.345571,14.790328,13.100368,10.378784
2013-04-18,,14.266118,14.790328,13.155933,10.404780
2013-04-19,,14.266118,14.985823,13.232347,10.404780
2013-04-22,,14.432252,15.015897,13.267078,10.398279
2013-04-23,,14.627284,15.128690,13.274023,10.398279
2013-04-24,,14.627284,15.188843,13.468512,10.391787
2013-04-25,,14.778976,15.188843,13.537975,10.381356
2013-04-26,,14.692294,15.000863,13.426833,10.387873
2013-04-29,,14.771753,15.143725,13.524083,10.413941
2013-04-30,,14.757301,15.151245,13.676891,10.407427
2013-05-01,,14.677844,15.068532,13.544925,10.426967
2013-05-02,,14.728411,15.068532,13.593541,10.426967
2013-05-03,,14.901772,15.361781,13.663005,10.381356
2013-05-06,,14.858433,15.324188,13.676891,10.361805
2013-05-07,,14.865659,15.399380,13.697732,10.355287
2013-05-08,,14.952334,15.452016,13.815817,10.381356
2013-05-09,,14.908999,15.436979,13.774141,10.381356
2013-05-10,,14.995680,15.339226,13.829710,10.335733
2013-05-13,,14.981230,15.264032,13.774141,10.309671
2013-05-14,,15.096800,15.414417,13.815817,10.309671
2013-05-15,,15.118471,15.376822,13.704676,10.329218
2013-05-16,,15.067912,15.421939,13.739416,10.342254
2013-05-17,,15.234042,15.549764,13.864444,10.335733
2013-05-21,,15.407403,15.639996,13.996418,10.329218
2013-05-22,,15.378511,15.602403,14.010304,10.309671
2013-05-23,,15.046238,15.331706,13.920010,10.316188
2013-05-24,,14.981230,15.286592,13.926960,10.303153
2013-05-27,,15.017346,15.361781,13.961687,10.303153
2013-05-28,,15.096800,15.504650,14.031149,10.260020
2013-05-29,,14.916221,15.331706,14.010304,10.266557
2013-05-30,,14.916221,15.188843,14.017257,10.273094
2013-05-31,,14.721188,14.993344,13.892223,10.260020
2013-06-03,,14.656176,15.015897,13.871387,10.273094
2013-06-04,,14.807870,15.000863,13.857492,10.273094
2013-06-05,,14.518932,14.812880,13.683840,10.279625
2013-06-06,,14.396133,14.504594,13.663005,10.286164
2013-06-07,,14.518932,14.587302,13.628278,10.227343
2013-06-10,,14.583943,14.331644,13.642165,10.181600
2013-06-11,,14.345571,14.136147,13.454615,10.188137
2013-06-12,,14.367243,13.985766,13.350429,10.181600
2013-06-13,,14.540604,14.211341,13.531029,10.188137
2013-06-14,,14.374465,13.993282,13.440727,10.240416
2013-06-17,,14.555049,14.136147,13.531029,10.233884
2013-06-18,,14.735631,14.218863,13.642165,10.214277
2013-06-19,,14.593348,13.972641,13.525889,10.161997
2013-06-20,,14.133657,13.398629,13.203679,10.109718
2013-06-21,,14.345262,13.700740,13.245706,10.037828
2013-06-24,,14.140949,13.527027,13.056577,10.011688
2013-06-25,,14.337965,13.527027,13.238696,10.006452
2013-06-26,,14.359858,13.821587,13.203679,9.993340
2013-06-27,,14.476602,14.161460,13.266715,10.045771
2013-06-28,,14.505790,14.252094,13.378797,10.039212
2013-07-02,,14.556868,14.153908,13.448840,10.065427
2013-07-03,,14.600644,14.101040,13.385799,10.078530
2013-07-04,,14.629837,14.101040,13.462849,10.058870
2013-07-05,,14.695502,13.942427,13.420822,10.012999
2013-07-08,,14.768468,14.025513,13.511875,10.039212
2013-07-09,,14.812247,14.093488,13.574927,10.052320
2013-07-10,,14.856026,13.972641,13.595932,10.039212
2013-07-11,,15.009258,13.972641,13.806072,10.065427
2013-07-12,,14.958184,14.267201,13.778055,10.091635
2013-07-15,,15.082222,14.516443,13.848099,10.071976
2013-07-16,,14.980071,14.425807,13.834093,10.098192
2013-07-17,,15.118707,14.629732,13.890128,10.104743
2013-07-18,,15.169786,14.440915,13.960173,10.098192
2013-07-19,,15.147901,14.440915,14.023215,10.124400
2013-07-22,,15.155192,14.478679,14.100266,10.137507
2013-07-23,,15.133302,14.546651,14.086255,10.098192
2013-07-24,,15.096817,14.425807,14.009205,10.045771
2013-07-25,,15.053041,14.418257,14.002199,10.065427
2013-07-26,,15.001960,14.410701,13.995201,10.073315
2013-07-29,,14.856026,14.236988,14.002199,10.073315
2013-07-30,,14.928998,14.267201,13.925154,10.040452
2013-07-31,,14.914401,14.161460,13.834093,10.040452
2013-08-01,,15.228159,14.372938,13.939157,10.014174
2013-08-02,,15.395986,14.561757,13.953172,10.047029
2013-08-06,,15.337608,14.403149,13.792059,10.014174
2013-08-07,,15.359495,14.184120,13.729019,10.047029
2013-08-08,,15.352200,14.327621,13.890128,10.060170
2013-08-09,,15.286531,14.274754,13.869114,10.060170
2013-08-12,,15.271939,14.388044,13.932153,10.053596
2013-08-13,,15.447060,14.486228,13.995201,9.994460
2013-08-14,,15.425166,14.576861,13.988194,9.974744
2013-08-15,,15.250046,14.350280,14.051236,9.941889
2013-08-16,,15.344904,14.448462,14.107268,9.909034
2013-08-19,,15.264647,14.123697,13.939157,9.909034
2013-08-20,,15.301122,14.161460,14.037226,9.935321
2013-08-21,,15.242752,13.957537,13.932153,9.915609
2013-08-22,,15.483538,14.176568,14.044235,9.909034
2013-08-23,,15.563804,14.176568,14.142295,9.941889
2013-08-26,,15.498131,14.176568,14.142295,9.968177
2013-08-27,,15.140599,13.897115,13.939157,10.002439
2013-08-28,,15.198971,13.897115,13.981192,9.989261
2013-08-29,,15.206269,14.063274,14.093263,10.015612
2013-08-30,,15.060335,14.063274,14.058244,9.995847
2013-09-03,,15.315722,14.252094,14.135292,9.936544
2013-09-04,,15.374089,14.357832,14.149301,9.956312
2013-09-05,,15.388683,14.508891,14.254371,9.897004
2013-09-06,,15.337608,14.591969,14.219340,9.897004
2013-09-09,,15.490837,14.591969,14.254371,9.897004
2013-09-10,,15.607585,14.992267,14.219340,9.857478
2013-09-11,,15.614882,14.954500,14.226353,9.870649
2013-09-12,,15.578393,14.848763,14.100266,9.897004
2013-09-13,,15.651368,14.916738,14.142295,9.883836
2013-09-16,,15.738924,15.090452,14.226353,9.877239
2013-09-17,,15.687851,15.090452,14.247360,9.883836
2013-09-18,,15.987011,15.422772,14.366677,9.890414
2013-09-19,,16.016199,15.422772,14.338434,9.923368
2013-09-20,,15.965127,15.241507,14.225475,9.936544
2013-09-23,,15.906746,15.211293,14.218412,9.982665
2013-09-24,,15.935935,15.188636,14.218412,10.002439
2013-09-25,,15.965127,15.090452,14.253711,10.023582
2013-09-26,,16.023495,15.060243,14.281958,10.003757
2013-09-27,,15.979721,14.916738,14.289019,10.036795
2013-09-30,,15.877561,14.765684,14.239594,10.023582
2013-10-01,,15.987011,15.067794,14.296075,10.030183
2013-10-02,,15.943233,15.098003,14.274893,10.023582
2013-10-03,,15.884861,15.045133,14.168997,10.036795
2013-10-04,,15.870269,15.249062,14.204300,10.010367
2013-10-07,,15.760818,15.249062,14.225475,10.023582
2013-10-08,,15.717035,15.188636,14.133701,10.023582
2013-10-09,,15.819191,15.241507,14.176057,10.010367
2013-10-10,,16.103764,15.520963,14.345488,10.016973
2013-10-11,,16.081869,15.604042,14.296075,10.016973
2013-10-15,,16.140244,15.581381,14.387847,9.977331
2013-10-16,,16.154842,15.634254,14.409031,9.997153
2013-10-17,,16.264286,15.558726,14.507873,10.043405
2013-10-18,,16.424814,15.656911,14.627882,10.063226
2013-10-21,,16.439405,15.649357,14.670240,10.043405
2013-10-22,,16.599936,15.792859,14.762018,10.083053
2013-10-23,,16.599936,15.604042,14.754963,10.116083
2013-10-24,,16.767756,15.604042,14.804381,10.142512
2013-10-25,,16.738573,15.702228,14.917338,10.155727
2013-10-28,,16.716684,15.747543,14.889094,10.157053
2013-10-29,,16.775057,15.823071,14.980876,10.163686
2013-10-30,,16.738573,15.838175,14.980876,10.170305
2013-10-31,,16.599936,15.672016,14.910273,10.157053
2013-11-01,,16.475889,15.566274,14.853802,10.110682
2013-11-04,,16.541563,15.611598,14.882036,10.117301
2013-11-05,,16.497782,15.445433,14.882036,10.097430
2013-11-06,,16.570745,15.415221,14.903219,10.104050
2013-11-07,,16.366440,15.294375,14.818501,10.110682
2013-11-08,,16.505074,15.181088,14.917338,10.077548
2013-11-11,,16.526966,15.105557,14.903219,10.077548
2013-11-12,,16.490480,15.113110,14.860860,10.064301
2013-11-13,,16.497782,14.992267,14.910273,10.090797
2013-11-14,,16.599936,15.241507,14.994994,10.123927
2013-11-15,,16.687492,15.498304,15.037353,10.123927
2013-11-18,,16.658304,15.732434,15.009118,10.123927
2013-11-19,,16.658304,15.588934,15.009118,10.137179
2013-11-20,,16.519672,15.332140,14.973814,10.084173
2013-11-21,,16.731272,15.460535,15.037353,10.097430
2013-11-22,,16.804241,15.566274,15.044408,10.110682
2013-11-25,,16.782349,15.513411,15.030295,10.143802
2013-11-26,,16.775057,15.490748,14.917338,10.138488
2013-11-27,,16.920984,15.604042,14.917338,10.118559
2013-11-28,,16.993956,15.709778,14.938519,10.125203
2013-11-29,,17.023134,15.830626,14.980876,10.138488
2013-12-02,,16.913691,15.611598,14.980876,10.111912
2013-12-03,,16.804241,15.430325,14.874976,10.131845
2013-12-04,,16.738573,15.543621,14.853802,10.098628
2013-12-05,,16.599936,15.452980,14.740838,10.085338
2013-12-06,,16.826132,15.755101,14.846740,10.078691
2013-12-09,,16.782349,15.792859,14.882036,10.098628
2013-12-10,,16.702087,15.672016,14.889094,10.131845
2013-12-11,,16.548859,15.445433,14.691425,10.105271
2013-12-12,,16.475889,15.332140,14.677304,10.098628
2013-12-13,,16.424814,15.279272,14.684363,10.118559
2013-12-16,,16.548859,15.279272,14.740838,10.091984
2013-12-17,,16.490480,15.332140,14.747907,10.131845
2013-12-18,,16.804241,15.649357,14.931452,10.111912
2013-12-19,,16.811533,15.362350,14.973814,10.091984
2013-12-20,,16.862614,15.339691,15.002052,10.131845
2013-12-23,,16.928284,15.369905,15.030295,10.138488
2013-12-24,,16.986656,15.475642,15.115013,10.122464
2013-12-27,,17.356157,15.557161,15.210074,10.089082
2013-12-30,,17.319351,15.656207,15.181699,10.089082
2013-12-31,,17.363520,15.671444,15.231354,10.089082
2014-01-02,,17.098543,15.275278,15.224261,10.095755
2014-01-03,,17.098543,15.168615,15.181699,10.102435
2014-01-06,,17.113256,15.092429,15.117847,10.109105
2014-01-07,,17.407677,15.351459,15.245552,10.135818
2014-01-08,,17.422396,15.343839,15.259728,10.142494
2014-01-09,,17.518089,15.343839,15.273918,10.135818
2014-01-10,,17.753624,15.610493,15.401622,10.202590
2014-01-13,,17.532808,15.389557,15.330681,10.215942
2014-01-14,,17.834591,15.625731,15.373241,10.209270
2014-01-15,,17.886114,15.701913,15.444183,10.189234
2014-01-16,,17.841955,15.580018,15.500939,10.215942
2014-01-17,,17.886114,15.625731,15.564782,10.242654
2014-01-20,,17.893475,15.587633,15.664110,10.269361
2014-01-21,,17.959719,15.564780,15.642817,10.256008
2014-01-22,,18.121655,15.884762,15.678293,10.249330
2014-01-23,,18.033325,15.633351,15.642817,10.296066
2014-01-24,,17.518089,15.138142,15.380329,10.289390
2014-01-27,,17.503361,15.077191,15.273918,10.296066
2014-01-28,,17.731546,15.282893,15.366150,10.297408
2014-01-29,,17.569616,15.107666,15.316486,10.304105
2014-01-30,,17.643215,15.221945,15.422902,10.310802
2014-01-31,,17.326714,15.160999,15.373241,10.324183
2014-02-03,,16.907166,14.749596,15.124945,10.350970
2014-02-04,,17.039652,15.023864,15.160410,10.344269
2014-02-05,,17.069094,15.008621,15.217172,10.310802
2014-02-06,,17.356157,15.214323,15.408716,10.304105
2014-02-07,,17.540171,15.290511,15.472558,10.290716
2014-02-10,,17.481287,15.122905,15.472558,10.290716
2014-02-11,,17.716822,15.397171,15.593166,10.284021
2014-02-12,,17.694742,15.366700,15.607352,10.270630
2014-02-13,,17.746267,15.359074,15.706669,10.297408
2014-02-14,,17.797789,15.587633,15.777614,10.277327
2014-02-18,,17.908194,15.389557,15.813087,10.297408
2014-02-19,,18.011242,15.480973,15.855652,10.310802
2014-02-20,,18.106932,15.572401,15.947866,10.284021
2014-02-21,,18.195257,15.679062,15.954971,10.317493
2014-02-24,,18.268867,15.633351,15.969167,10.330885
2014-02-25,,18.224699,15.496211,15.940784,10.332230
2014-02-26,,18.224699,15.503833,15.940784,10.338944
2014-02-27,,18.298306,15.800961,15.983345,10.365792
2014-02-28,,18.261501,15.595253,15.983345,10.365792
2014-03-03,,17.864033,15.351459,15.976253,10.399367
2014-03-04,,18.268867,15.679062,16.068478,10.352366
2014-03-05,,18.143730,15.580018,16.082664,10.352366
2014-03-06,,18.261501,15.762870,16.068478,10.318795
2014-03-07,,18.327749,15.694300,16.082664,10.318795
2014-03-10,,18.209980,15.602875,16.075573,10.325521
2014-03-11,,18.106932,15.473356,16.054287,10.345653
2014-03-12,,18.018606,15.511451,16.118135,10.359082
2014-03-13,,17.635855,15.176231,16.033007,10.392652
2014-03-14,,17.650578,15.275278,16.025911,10.406079
2014-03-17,,17.812506,15.389557,16.025911,10.372507
2014-03-18,,18.055405,15.701913,16.167797,10.392652
2014-03-19,,18.040686,15.640971,16.127083,10.352366
2014-03-20,,17.937639,15.541924,16.169939,10.359082
2014-03-21,,17.834591,15.679062,16.141375,10.345653
2014-03-24,,17.871395,15.724771,16.069948,10.359082
2014-03-25,,18.003880,15.854286,16.105654,10.365792
2014-03-26,,17.922922,15.800961,15.977100,10.373871
2014-03-27,,17.886114,15.892385,15.984243,10.340212
2014-03-28,,18.062767,16.052372,16.091375,10.367145
2014-03-31,,18.136377,16.159027,16.177086,10.367145
2014-04-01,,18.217340,16.242834,16.241360,10.333483
2014-04-02,,18.239422,16.326643,16.319923,10.320014
2014-04-03,,18.232058,16.143795,16.255640,10.320014
2014-04-04,,18.048048,16.159027,16.241360,10.346941
2014-04-07,,17.959719,16.113319,16.091375,10.367145
2014-04-08,,17.849312,16.303783,16.219940,10.360410
2014-04-09,,18.018606,16.334257,16.298502,10.346941
2014-04-10,,17.797789,16.303783,16.148518,10.387338
2014-04-11,,17.738907,16.265694,16.091375,10.394068
2014-04-14,,17.775703,16.258080,16.112806,10.394068
2014-04-15,,17.738907,16.006660,16.141375,10.407534
2014-04-16,,18.033325,16.364729,16.305641,10.420998
2014-04-17,,18.136377,16.509487,16.362783,10.380606
2014-04-21,,18.143730,16.402828,16.369925,10.380606
2014-04-22,,18.232058,16.418064,16.427063,10.380606
2014-04-23,,18.180536,16.280926,16.434200,10.407534
2014-04-24,,18.195257,16.189508,16.434200,10.414266
2014-04-25,,18.121655,16.067612,16.419914,10.415614
2014-04-28,,18.173182,16.212364,16.412773,10.395367
2014-04-29,,18.136377,16.181889,16.498482,10.395367
2014-04-30,,18.202618,16.067612,16.562763,10.408864
2014-05-01,,18.268867,16.166651,16.569902,10.415614
2014-05-02,,18.298306,16.242834,16.677040,10.442616
2014-05-05,,18.232058,16.143795,16.605616,10.429115
2014-05-06,,18.099567,16.098082,16.512770,10.429115
2014-05-07,,18.121655,16.174271,16.562763,10.429115
2014-05-08,,17.996523,16.098082,16.441343,10.435866
2014-05-09,,18.114290,16.151417,16.434200,10.435866
2014-05-12,,18.224699,16.379972,16.562763,10.429115
2014-05-13,,18.254139,16.494249,16.591328,10.442616
2014-05-14,,18.165813,16.501865,16.584185,10.496620
2014-05-15,,18.084850,16.395210,16.491339,10.510119
2014-05-16,,18.048048,16.555201,16.405632,10.523615
2014-05-20,,17.996523,16.456158,16.441343,10.503371
2014-05-21,,18.173182,16.631382,16.555614,10.483116
2014-05-22,,18.173182,16.684715,16.669895,10.469618
2014-05-23,,18.180536,16.677094,16.627039,10.489863
2014-05-26,,18.195257,16.692331,16.641327,10.496620
2014-05-27,,18.290945,16.509487,16.577038,10.504740
2014-05-28,,18.268867,16.639004,16.541338,10.545351
2014-05-29,,18.290945,16.616148,16.512770,10.538584
2014-05-30,,18.305666,16.456158,16.548481,10.545351
2014-06-02,,18.467600,16.585676,16.619898,10.511508
2014-06-03,,18.430798,16.669481,16.684179,10.491207
2014-06-04,,18.474960,16.631382,16.755608,10.484439
2014-06-05,,18.585365,16.753284,16.755608,10.491207
2014-06-06,,18.681053,16.905655,16.798456,10.504740
2014-06-09,,18.614813,16.943748,16.834167,10.497974
2014-06-10,,18.563286,17.012316,16.884159,10.491207
2014-06-11,,18.423435,16.928509,16.855591,10.484439
2014-06-12,,18.416075,16.798994,16.891296,10.511508
2014-06-13,,18.401348,16.821846,17.012718,10.511508
2014-06-16,,18.386631,16.745661,17.062714,10.511508
2014-06-17,,18.416075,16.753284,17.077005,10.504740
2014-06-18,,18.541325,16.915550,17.128727,10.504740
2014-06-19,,18.608416,16.808390,17.128727,10.538584
2014-06-20,,18.466766,16.632351,17.143101,10.504740
2014-06-23,,18.362392,16.586422,17.128727,10.497974
2014-06-24,,18.280388,16.586422,16.977848,10.525048
2014-06-25,,18.190922,16.548155,16.992216,10.533190
2014-06-26,,18.138735,16.540508,17.064064,10.553556
2014-06-27,,18.101463,16.479267,17.128727,10.553556
2014-06-30,,18.123827,16.525192,17.200581,10.560341
2014-07-02,,18.325119,16.747158,17.272434,10.512829
2014-07-03,,18.340031,16.808390,17.272434,10.512829
2014-07-04,,18.347485,16.846661,17.293980,10.506048
2014-07-07,,18.235653,16.839006,17.243685,10.526401
2014-07-08,,18.049273,16.777775,17.200581,10.553556
2014-07-09,,18.094006,16.854317,17.272434,10.567124
2014-07-10,,17.847979,16.747158,17.186201,10.573908
2014-07-11,,18.034369,16.869625,17.179029,10.580696
2014-07-14,,18.116373,16.946167,17.236506,10.580696
2014-07-15,,18.146194,17.022705,17.157478,10.587487
2014-07-16,,18.235653,17.060980,17.301165,10.594275
2014-07-17,,18.041813,16.762468,17.279617,10.607846
2014-07-18,,18.131281,16.984436,17.358643,10.614635
2014-07-21,,18.056732,17.038013,17.408939,10.641782
2014-07-22,,18.153652,17.198748,17.423307,10.641782
2014-07-23,,18.176012,17.191093,17.502346,10.655357
2014-07-24,,18.258020,17.267635,17.502346,10.634994
2014-07-25,,18.272934,17.282948,17.574190,10.662138
2014-07-28,,18.265476,17.405409,17.552639,10.649899
2014-07-29,,18.317667,17.382446,17.567009,10.656697
2014-07-30,,18.384760,17.374794,17.660414,10.629478
2014-07-31,,18.064184,17.060980,17.437683,10.615864
2014-08-01,,18.004539,17.221708,17.315538,10.677112
2014-08-05,,17.892715,17.183439,17.265242,10.649899
2014-08-06,,17.788338,17.045668,17.293980,10.677112
2014-08-07,,17.646683,16.907890,17.186201,10.683915
2014-08-08,,17.788338,17.191093,17.286791,10.704332
2014-08-11,,17.810707,17.313564,17.365839,10.677112
2014-08-12,,17.795797,17.328869,17.380196,10.656697
2014-08-13,,17.877802,17.397755,17.373014,10.670303
2014-08-14,,17.952356,17.413065,17.401754,10.697530
2014-08-15,,17.922533,17.359486,17.408939,10.704332
2014-08-18,,18.034369,17.474295,17.423307,10.690725
2014-08-19,,18.161100,17.673309,17.624487,10.690725
2014-08-20,,18.153652,17.688610,17.717894,10.670303
2014-08-21,,18.183474,17.581457,17.717894,10.683915
2014-08-22,,18.101463,17.558498,17.689154,10.677112
2014-08-25,,18.280388,17.726883,17.768188,10.704332
2014-08-26,,18.228203,17.780464,17.782555,10.712523
2014-08-27,,18.116373,17.635035,17.782555,10.726165
2014-08-28,,18.004539,17.527878,17.746630,10.732990
2014-08-29,,18.026907,17.543184,17.811295,10.739812
2014-09-02,,18.176012,17.635035,17.804113,10.685228
2014-09-03,,18.198381,17.818733,17.847223,10.671578
2014-09-04,,18.086548,17.742191,17.739450,10.671578
2014-09-05,,18.086548,17.811079,17.768188,10.678405
2014-09-08,,18.056732,17.857000,17.674782,10.664755
2014-09-09,,18.004539,17.665653,17.717894,10.644286
2014-09-10,,18.056732,17.497261,17.638855,10.616995
2014-09-11,,18.116373,17.604414,17.725075,10.630640
2014-09-12,,18.183474,17.512564,17.739450,10.610177
2014-09-15,,18.094006,17.290602,17.667595,10.616995
2014-09-16,,18.019453,17.413065,17.703518,10.616995
2014-09-17,,17.922533,17.336529,17.651464,10.596520
2014-09-18,,17.959810,17.275290,17.651464,10.582880
2014-09-19,,17.937443,17.160477,17.420057,10.582880
2014-09-22,,17.974724,17.007399,17.282661,10.623814
2014-09-23,,17.892715,17.030365,17.260969,10.637461
2014-09-24,,17.967268,17.221708,17.260969,10.630640
2014-09-25,,17.780882,16.877275,17.022337,10.651844
2014-09-26,,17.944899,17.091593,17.166967,10.645011
2014-09-29,,17.795797,16.739508,17.138035,10.672372
2014-09-30,,17.840521,16.785433,17.072960,10.665529
2014-10-01,,17.601957,16.463957,16.935562,10.699735
2014-10-02,,17.393200,16.525192,16.856010,10.699735
2014-10-03,,17.549768,16.793083,16.921099,10.699735
2014-10-06,,17.430481,16.816046,16.870483,10.713422
2014-10-07,,17.236645,16.731853,16.675230,10.747629
2014-10-08,,17.355932,16.823700,16.776474,10.754467
2014-10-09,,16.998075,16.647657,16.537848,10.733945
2014-10-10,,16.848967,16.418034,16.284750,10.747629
2014-10-14,,16.983168,16.724197,16.060583,10.788671
2014-10-15,,16.841516,16.372108,15.879800,10.822879
2014-10-16,,16.677502,16.341494,16.075047,10.774991
2014-10-17,,17.020441,16.555805,16.291977,10.768150
2014-10-20,,17.147181,16.601734,16.422148,10.781830
2014-10-21,,17.244097,16.594080,16.631849,10.761311
2014-10-22,,17.139725,16.502232,16.371529,10.768150
2014-10-23,,17.341015,16.502232,16.566769,10.747629
2014-10-24,,17.348475,16.617039,16.646311,10.747629
2014-10-27,,17.296293,16.433342,16.573999,10.740788
2014-10-28,,17.415575,16.708889,16.733086,10.727751
2014-10-29,,17.311195,16.647657,16.631849,10.714037
2014-10-30,,17.452848,16.839006,16.573999,10.720894
2014-10-31,,17.892715,17.007399,16.740313,10.720894
2014-11-03,,17.922533,17.045668,16.653538,10.707175
2014-11-04,,17.833069,17.137516,16.494450,10.720894
2014-11-05,,17.877802,16.984436,16.660776,10.734613
2014-11-06,,17.840521,16.839006,16.675230,10.700316
2014-11-07,,17.661594,16.800739,16.827089,10.727751
2014-11-10,,17.833069,16.884933,16.827089,10.720894
2014-11-11,,17.870344,16.816046,16.906637,10.727751
2014-11-12,,17.691420,16.754816,17.015104,10.720894
2014-11-13,,17.825617,16.762468,16.928322,10.727751
2014-11-14,,17.743607,16.739508,16.993416,10.741474
2014-11-17,,17.706333,16.632351,17.051262,10.748330
2014-11-18,,17.885258,16.747158,17.138035,10.762052
2014-11-19,,17.892715,16.793083,17.159731,10.755193
2014-11-20,,17.713787,16.731853,17.318817,10.755193
2014-11-21,,17.780882,17.076283,17.326050,10.755193
2014-11-24,,17.959810,17.030365,17.210350,10.790263
2014-11-25,,17.892715,16.900240,17.282661,10.797142
2014-11-26,,17.967268,17.053318,17.239271,10.824649
2014-11-27,,18.176012,17.237022,17.065725,10.824649
2014-11-28,,18.146194,17.137516,16.935562,10.852154
2014-12-01,,18.146194,17.137516,16.776474,10.859035
2014-12-02,,18.146194,17.137516,16.769239,10.817773
2014-12-03,,17.982174,16.609385,16.928322,10.824649
2014-12-04,,18.086548,16.724197,16.617388,10.852154
2014-12-05,,18.071642,16.747158,16.610157,10.831526
2014-12-08,,18.146194,16.839006,16.248592,10.852154
2014-12-09,,18.146194,16.839006,16.291977,10.865913
2014-12-10,,18.079094,16.685925,15.908722,10.886545
2014-12-11,,17.862888,16.440994,16.002737,10.886545
2014-12-12,,17.765974,16.318531,15.793022,10.927812
2014-12-15,,17.616861,16.096561,15.771330,10.927812
2014-12-16,,17.616861,16.096561,15.937650,10.941560
2014-12-17,,17.452848,15.905210,16.328136,10.934682
2014-12-18,,17.505037,15.866938,16.487221,10.893417
2014-12-19,,17.676514,16.188408,16.660776,10.900296
2014-12-22,,18.026907,16.418034,16.588459,10.927812
2014-12-23,,18.026907,16.418034,16.783710,10.865913
2014-12-24,,18.153652,16.479267,16.805395,10.861769
2014-12-29,,18.238281,16.718433,16.877447,10.910080
2014-12-30,,18.238281,16.718433,16.862892,10.923876
2014-12-31,,18.103462,16.578663,16.899282,10.958384
2015-01-02,,17.788883,16.601954,17.008459,10.958384
2015-01-05,,17.946177,16.617481,16.571783,10.999791
2015-01-06,,17.946177,16.617481,16.418947,11.027383
2015-01-07,,17.639082,16.337940,16.448059,11.041194
2015-01-08,,17.504259,16.376764,16.651834,10.985984
2015-01-09,,17.639082,16.710670,16.571783,11.041194
2015-01-12,,17.781393,17.021271,16.397108,11.068790
2015-01-13,,17.781393,17.021271,16.331615,11.089494
2015-01-14,,17.931194,16.982450,16.222443,11.117099
2015-01-15,,18.036053,17.098928,16.171505,11.172314
2015-01-16,,17.991114,17.005745,16.477171,11.137801
2015-01-19,,18.320671,17.199873,16.484447,11.158504
2015-01-20,,18.320671,17.199873,16.477171,11.172314
2015-01-21,,18.253262,17.161049,16.775558,11.248215
2015-01-22,,18.680201,17.362946,17.023005,11.234416
2015-01-23,,19.122116,18.007454,17.044842,11.275813
2015-01-26,,19.197014,18.380178,17.073956,11.282714
2015-01-27,,19.197014,18.380178,17.146734,11.324920
2015-01-28,,19.511595,18.419008,16.862892,11.373345
2015-01-29,,19.369284,18.255941,16.884727,11.359509
2015-01-30,,19.369284,18.248173,16.921122,11.442520
2015-02-02,,19.698845,18.116163,17.190399,11.470192
2015-02-03,,19.698845,18.116163,17.372347,11.421774
2015-02-04,,19.646418,18.255941,17.306850,11.435605
2015-02-05,,19.631433,18.263702,17.452408,11.407930
2015-02-06,,19.743788,18.450069,17.401464,11.331832
2015-02-09,,19.691359,18.170519,17.394186,11.345673
2015-02-10,,19.691359,18.170519,17.452408,11.324920
2015-02-11,,19.489120,18.069576,17.496078,11.331832
2015-02-12,,19.871119,18.170519,17.568851,11.345673
2015-02-13,,19.923542,18.186050,17.627083,11.338752
2015-02-17,,20.035900,18.473362,17.656187,11.276487
2015-02-18,,20.035900,18.473362,17.561573,11.297251
2015-02-19,,19.998449,18.279232,17.532465,11.317997
2015-02-20,17.392393,20.163227,18.333593,17.525185,11.345673
2015-02-23,17.555103,20.575182,18.551018,17.547018,11.380262
2015-02-24,17.555103,20.575182,18.551018,17.539742,11.408699
2015-02-25,17.418089,20.552710,18.465599,17.597965,11.408699
2015-02-26,17.512291,20.530239,18.582073,17.619804,11.380956
2015-02-27,17.486603,20.432877,18.473362,17.619804,11.422564
2015-03-02,17.555103,20.485302,18.605371,17.648909,11.387895
2015-03-03,17.460903,20.485302,18.605371,17.503351,11.346278
2015-03-04,17.281069,20.612629,18.558781,17.416018,11.283858
2015-03-05,17.281069,20.395422,18.403477,17.466961,11.263054
2015-03-06,17.323889,20.208170,18.131695,17.270462,11.207568
2015-03-09,17.392393,20.253109,18.131695,17.190399,11.221446
2015-03-10,17.246824,20.253109,18.131695,16.928398,11.235312
2015-03-11,17.315336,20.298046,18.092875,17.030287,11.269994
2015-03-12,17.255384,20.013428,17.805561,17.095789,11.283858
2015-03-13,17.255384,20.073349,18.030748,17.059401,11.297730
2015-03-16,17.563671,20.290562,17.937569,17.212234,11.325476
2015-03-17,17.589355,20.290562,17.937569,17.204956,11.346278
2015-03-18,17.512291,20.455341,18.139458,17.339064,11.387895
2015-03-19,17.692122,20.455341,18.325829,17.163185,11.429505
2015-03-20,17.640743,20.769922,18.426779,17.317083,11.443376
2015-03-23,17.546541,20.769922,18.426779,17.302435,11.429505
2015-03-24,17.418089,20.769922,18.426779,17.456326,11.443376
2015-03-25,17.212568,20.762434,18.364653,17.339064,11.415628
2015-03-26,17.041298,20.680044,18.380178,17.229141,11.339848
2015-03-27,17.238256,20.635107,18.209343,17.185171,11.381565
2015-03-30,17.606493,20.635107,18.209343,17.243793,11.388516
2015-03-31,17.238256,20.635107,18.209343,17.317083,11.381565
2015-04-01,17.606493,20.822357,18.651964,17.331739,11.430236
2015-04-02,17.392393,20.372950,18.558781,17.441666,11.444135
2015-04-06,17.263948,20.612629,18.923744,17.514954,11.409378
2015-04-07,17.263948,20.612629,18.923744,17.602894,11.409378
2015-04-08,17.315336,20.627615,19.032459,17.646860,11.416332
2015-04-09,17.221130,20.695023,19.001394,17.786098,11.388516
2015-04-10,17.537975,20.972151,19.684734,17.852058,11.395474
2015-04-13,17.537975,20.972151,19.684734,17.852058,11.388516
2015-04-14,17.537975,20.972151,19.684734,17.859386,11.430236
2015-04-15,17.572233,20.897255,19.614847,17.954657,11.409378
2015-04-16,17.341017,20.889771,19.560488,17.852058,11.388516
2015-04-17,16.904280,20.230642,19.047987,17.837399,11.374611
2015-04-20,16.904280,20.230642,19.047987,17.866711,11.353754
2015-04-21,16.904280,20.230642,19.047987,17.837399,11.339848
2015-04-22,17.075552,20.305540,19.024687,17.764116,11.305090
2015-04-23,17.084114,20.605145,19.257648,17.866711,11.318996
2015-04-24,17.126928,20.560202,19.335299,17.896027,11.346801
2015-04-27,17.109802,20.665064,19.436249,17.800756,11.340526
2015-04-28,17.109802,20.665064,19.436249,17.844732,11.270830
2015-04-29,16.921410,20.582672,19.397419,17.830067,11.229005
2015-04-30,16.878590,20.567690,19.335299,17.698162,11.235971
2015-05-01,16.724449,20.612629,19.203289,17.852058,11.180211
2015-05-04,16.955664,20.485302,19.203289,17.859386,11.152331
2015-05-05,17.024164,20.485302,19.172234,17.617552,11.138391
2015-05-06,17.024164,20.485302,19.172234,17.441666,11.082631
2015-05-07,16.724449,20.163227,18.947041,17.478310,11.138391
2015-05-08,16.647383,20.073349,18.667492,17.639536,11.173243
2015-05-11,16.938532,20.627615,18.954805,17.610222,11.089602
2015-05-12,16.938532,20.627615,18.954805,17.463655,11.096566
2015-05-13,16.929972,20.507772,18.815035,17.419680,11.089602
2015-05-14,16.750134,20.372950,18.613140,17.492964,11.110513
2015-05-15,16.655945,20.792395,18.993626,17.566246,11.152331
2015-05-19,16.861465,20.792395,18.993626,17.588238,11.082631
2015-05-20,16.861465,20.792395,18.993626,17.522285,11.110513
2015-05-21,17.289642,20.972151,19.195526,17.683504,11.145359
2015-05-22,17.255384,20.957172,19.148935,17.683504,11.131428
2015-05-25,17.409529,21.151918,19.300354,17.676168,11.124452
2015-05-26,17.409529,21.151918,19.300354,17.500294,11.181055
2015-05-27,17.426651,21.361637,19.397419,17.595568,11.181055
2015-05-28,17.341017,20.975904,19.203289,17.588238,11.215992
2015-05-29,17.366713,20.927217,18.877155,17.478310,11.243951
2015-06-01,17.366713,20.927217,18.877155,17.551590,11.229972
2015-06-02,17.366713,20.927217,18.877155,17.566246,11.188045
2015-06-03,17.632177,21.062035,18.931509,17.639536,11.132137
2015-06-04,17.392393,20.972151,18.799500,17.485638,11.174063
2015-06-05,17.512291,20.635107,18.419008,17.441666,11.104181
2015-06-08,17.409529,20.635107,18.419008,17.170515,11.104181
2015-06-09,17.409529,20.635107,18.419008,17.273108,11.076236
2015-06-10,17.281069,20.515263,18.364653,17.324413,11.027314
2015-06-11,17.092674,20.335503,18.116163,17.309750,11.083222
2015-06-12,17.204004,20.627615,18.248173,17.185171,11.104181
2015-06-15,17.144056,20.627615,18.248173,17.199827,11.111173
2015-06-16,17.144056,20.627615,18.248173,17.192499,11.146112
2015-06-17,17.197403,20.801785,18.139677,17.174786,11.132137
2015-06-18,17.231810,20.809387,18.163095,17.233829,11.111173
2015-06-19,17.145779,20.474737,18.163095,17.108362,11.153099
2015-06-22,17.352242,20.474737,18.163095,17.278114,11.097196
2015-06-23,17.352242,20.474737,18.163095,17.374065,11.076236
2015-06-24,17.446882,20.961502,18.459702,17.433098,11.104181
2015-06-25,17.489899,21.014746,18.623610,17.388826,11.104887
2015-06-26,17.515711,20.786577,18.241146,17.292871,11.034825
2015-06-29,17.335049,20.786577,18.241146,16.916462,11.118896
2015-06-30,17.335049,20.786577,18.241146,16.975510,11.188961
2015-07-02,17.223204,20.322620,18.319201,17.108362,11.146919
2015-07-03,17.223204,20.322620,18.319201,17.115742,11.181958
2015-07-06,17.257620,20.832209,18.490923,17.049316,11.209980
2015-07-07,17.257620,20.832209,18.490923,17.071459,11.259027
2015-07-08,17.438286,20.353043,18.085041,16.842655,11.301056
2015-07-09,17.515711,20.520365,17.889906,16.702421,11.245009
2015-07-10,17.575926,20.953901,18.046017,16.850031,11.167943
2015-07-13,17.575926,20.953901,18.046017,16.997650,11.174949
2015-07-14,17.575926,20.953901,18.046017,17.078840,11.188961
2015-07-15,17.842623,21.106014,18.256762,17.123117,11.252017
2015-07-16,17.851223,21.303766,18.295792,17.219070,11.252017
2015-07-17,18.358799,21.775322,18.631416,17.130501,11.252017
2015-07-20,18.358799,21.775322,18.631416,16.872175,11.259027
2015-07-21,18.358799,21.775322,18.631416,16.813137,11.252017
2015-07-22,18.393215,21.836168,18.529947,16.731947,11.259027
2015-07-23,18.272774,21.691660,18.490923,16.672901,11.280046
2015-07-24,18.143730,21.433064,17.936739,16.591713,11.322076
2015-07-27,18.143730,21.433064,17.936739,16.355532,11.329091
2015-07-28,18.143730,21.433064,17.936739,16.473623,11.301692
2015-07-29,17.877033,21.250525,17.569885,16.731947,11.266571
2015-07-30,17.920052,21.357004,17.593306,16.835278,11.301692
2015-07-31,18.100712,21.668837,17.788439,16.938602,11.322761
2015-08-04,18.289976,21.668837,17.897715,16.960745,11.364909
2015-08-05,18.289976,22.011106,17.889906,16.968122,11.336813
2015-08-06,18.178133,21.798141,17.647943,16.864796,11.336813
2015-08-07,18.083511,21.820961,17.686970,16.739332,11.357890
2015-08-10,18.255562,21.851377,17.780632,16.938602,11.322761
2015-08-11,18.221155,21.691660,17.476221,16.872175,11.371933
2015-08-12,17.988874,21.326584,17.070343,16.805748,11.350857
2015-08-13,18.049093,21.501518,17.203035,16.672901,11.343835
2015-08-14,18.143730,21.577570,17.273281,16.731947,11.364909
2015-08-17,18.143730,21.516727,17.273281,16.687664,11.371933
2015-08-18,18.143730,21.577570,17.273281,16.621237,11.336813
2015-08-19,18.264168,21.516727,17.085957,16.466244,11.378958
2015-08-20,18.229761,21.296158,16.820570,16.111969,11.393004
2015-08-21,17.610338,20.353043,15.977588,15.787221,11.385979
2015-08-24,17.610338,20.353043,15.977588,15.314862,11.400025
2015-08-25,16.775845,19.934723,15.345354,15.410810,11.301692
2015-08-26,16.638205,20.193321,15.751237,15.698663,11.253102
2015-08-27,17.205999,20.596428,16.180529,16.148872,11.267186
2015-08-28,17.472691,20.649666,16.445913,16.252205,11.246058
2015-08-31,17.472691,20.649666,16.445913,16.207920,11.217896
2015-09-01,17.472691,20.649666,16.445913,15.824130,11.231978
2015-09-02,17.326443,20.383469,16.391275,15.890552,11.224934
2015-09-03,16.818863,19.851068,15.876118,15.949603,11.239017
2015-09-04,16.947908,19.790215,15.673182,15.816747,11.253102
2015-09-08,16.947908,19.790215,15.673182,16.008642,11.224934
2015-09-09,16.947908,20.109657,16.172724,15.890552,11.210846
2015-09-10,17.205999,20.269384,16.282003,15.934833,11.210846
2015-09-11,17.274830,20.322620,16.360054,15.816747,11.224934
2015-09-14,17.300627,20.216141,16.321028,15.698663,11.246058
2015-09-15,17.352242,20.276989,16.523966,15.816747,11.175634
2015-09-16,17.370388,20.216141,16.321028,16.184162,11.140427
2015-09-17,17.422209,20.276989,16.523966,16.206470,11.140427
2015-09-18,17.482685,20.147690,16.484941,16.057720,11.231978
2015-09-21,17.292650,20.147690,16.484941,16.184162,11.182682
2015-09-22,17.292650,20.147690,16.484941,15.849469,11.224934
2015-09-23,17.396301,20.109657,16.547386,15.737906,11.210846
2015-09-24,17.206272,19.683737,16.282003,15.678404,11.217896
2015-09-25,17.232191,19.706558,16.157114,15.723032,11.154351
2015-09-28,17.232191,19.706558,16.118086,15.321401,11.217896
2015-09-29,17.232191,19.706558,16.118086,15.343719,11.203772
2015-09-30,16.808943,19.493591,15.798070,15.663531,11.182592
2015-10-01,16.757118,19.455563,15.899539,15.581717,11.182592
2015-10-02,16.938503,19.683737,16.211752,15.715593,11.196711
2015-10-05,16.998968,19.790215,16.500547,15.975914,11.168473
2015-10-06,16.998968,19.790215,16.500547,16.087473,11.189652
2015-10-07,17.249460,20.094446,16.742514,16.340349,11.168473
2015-10-08,17.370388,20.064024,16.625431,16.474228,11.126116
2015-10-09,17.335838,20.330227,17.132788,16.459351,11.126116
2015-10-13,17.370388,20.330227,17.132788,16.310602,11.168473
2015-10-14,17.370388,20.330227,17.132788,16.340349,11.203772
2015-10-15,17.404947,20.185711,16.906433,16.303158,11.189652
2015-10-16,17.188997,20.368258,17.273281,16.318039,11.161412
2015-10-19,17.448130,20.368258,17.273281,16.213913,11.168473
2015-10-20,17.448130,20.368258,17.273281,16.318039,11.140237
2015-10-21,17.543142,20.588823,17.195232,16.154408,11.189652
2015-10-22,17.543142,20.368258,17.195232,16.370106,11.182592
2015-10-23,18.130510,21.029957,17.655750,16.451914,11.154351
2015-10-26,18.130510,21.029957,17.655750,16.265972,11.203772
2015-10-27,18.130510,21.029957,17.655750,16.146973,11.217932
2015-10-28,18.070045,20.961502,17.507442,16.347788,11.203773
2015-10-29,18.078680,20.938688,17.445002,16.273413,11.161307
2015-10-30,18.225523,20.543184,16.914234,15.961034,11.147151
2015-11-02,18.035490,20.543184,16.914234,16.072601,11.147151
2015-11-03,18.035490,20.543184,16.914234,16.176722,11.132998
2015-11-04,18.285984,20.816998,17.218645,16.124664,11.118840
2015-11-05,18.389631,20.771360,17.390362,16.013100,11.097613
2015-11-06,18.545116,20.824598,17.382559,15.990787,11.048075
2015-11-09,18.545116,20.824598,17.382559,15.916409,11.062222
2015-11-10,18.458736,20.604036,16.922045,15.819724,11.090529
2015-11-11,18.381001,20.581215,16.859600,15.737906,11.118840
2015-11-12,18.113232,20.459520,16.742514,15.492467,11.090529
2015-11-13,18.000938,20.368258,16.578606,15.440399,11.118840
2015-11-16,18.000938,20.368258,16.578606,15.715593,11.125918
2015-11-17,18.000938,20.368258,16.578606,15.678404,11.132998
2015-11-18,18.147781,20.642063,16.883011,15.827160,11.118840
2015-11-19,18.190966,20.680092,16.843988,15.908972,11.147151
2015-11-20,18.493298,20.938688,17.335724,15.871780,11.154230
2015-11-23,18.493298,20.938688,17.335724,15.804842,11.161307
2015-11-24,18.493298,20.938688,17.335724,15.849469,11.161307
2015-11-25,18.493298,20.877846,17.265480,15.842037,11.140017
2015-11-26,18.510567,20.763752,17.226454,15.871780,11.161308
2015-11-27,18.596941,20.893051,16.859600,15.797409,11.182594
2015-11-30,18.596941,20.893051,16.859600,15.923844,11.175497
2015-12-01,18.596941,20.893051,16.859600,16.124664,11.232263
2015-12-02,18.579660,20.885447,16.812771,15.923844,11.225167
2015-12-03,18.216887,20.718121,16.680075,15.760220,11.140017
2015-12-04,18.527840,21.022350,16.843988,15.797409,11.182594
2015-12-07,18.527840,21.022350,16.843988,15.432964,11.218066
2015-12-08,18.527840,21.022350,16.843988,15.291645,11.203882
2015-12-09,18.441465,20.771360,16.508356,15.321401,11.225167
2015-12-10,18.596941,20.900663,16.578606,15.403219,11.203882
2015-12-11,18.441465,20.657274,16.110281,15.135462,11.246458
2015-12-14,18.441465,20.657274,16.110281,15.031333,11.239356
2015-12-15,18.441465,20.657274,16.110281,15.306530,11.203882
2015-12-16,18.268705,20.649666,16.305414,15.596594,11.196782
2015-12-17,18.622849,20.756149,16.578606,15.418093,11.246458
2015-12-18,18.614216,21.045166,16.961069,15.425528,11.296122
2015-12-21,18.640133,21.128832,17.054729,15.432964,11.296122
2015-12-22,18.890621,21.227711,17.148396,15.492467,11.281928
2015-12-23,18.907907,21.478699,17.257675,15.737906,11.267741
2015-12-24,18.951094,21.524332,17.210840,15.775100,11.303328
2015-12-29,19.060444,21.577282,17.071287,15.699372,11.281975
2015-12-30,19.060444,21.546585,16.936497,15.579415,11.289093
2015-12-31,18.930252,21.208960,16.849274,15.444468,11.310452
2016-01-04,18.557034,21.040150,16.492460,15.346996,11.303328
2016-01-05,18.687225,21.109207,16.611401,15.339497,11.310452
2016-01-06,18.565718,20.848314,16.436960,15.107085,11.346037
2016-01-07,18.201168,20.526039,15.977077,14.784697,11.331802
2016-01-08,18.018898,20.295837,15.842283,14.777202,11.353155
2016-01-11,18.010210,20.526039,15.929501,14.627254,11.317564
2016-01-12,18.201168,20.671833,15.992934,14.694735,11.367395
2016-01-13,18.001537,20.472326,15.905711,14.462317,11.374509
2016-01-14,18.322683,20.694845,16.103941,14.649751,11.381625
2016-01-15,18.053616,20.272818,15.636127,14.342361,11.395867
2016-01-18,17.888704,20.242126,15.564767,14.177420,11.395867
2016-01-19,18.088329,20.441633,15.937432,14.274884,11.374509
2016-01-20,17.810585,19.820095,15.572692,14.049964,11.395867
2016-01-21,17.654352,19.712673,15.390325,14.304870,11.331802
2016-01-22,17.810585,20.088663,15.683699,14.732219,11.303328
2016-01-25,17.845304,19.965891,15.636127,14.447320,11.317564
2016-01-26,17.671713,20.050299,15.580625,14.664742,11.303291
2016-01-27,17.541510,19.996582,15.501335,14.724719,11.303291
2016-01-28,17.593594,20.011927,15.683699,14.979630,11.317565
2016-01-29,17.880024,20.265148,16.151518,15.189556,11.338969
2016-02-01,17.880024,20.157721,15.921571,15.084591,11.331838
2016-02-02,17.906061,19.835443,15.548908,14.799694,11.396062
2016-02-03,17.359241,19.635937,15.659910,14.987126,11.367518
2016-02-04,17.333204,19.566874,15.675767,15.212043,11.374653
2016-02-05,17.324524,19.520836,15.675767,15.182057,11.403199
2016-02-08,17.090176,19.213907,15.533047,14.927149,11.446015
2016-02-09,16.847147,18.922323,15.303102,14.627254,11.424605
2016-02-10,17.159616,18.922323,15.437899,14.499804,11.446015
2016-02-11,16.795069,18.722815,15.239674,14.387340,11.474560
2016-02-12,16.942617,18.822569,15.271388,14.747211,11.403199
2016-02-16,17.393969,19.267622,15.659910,14.949641,11.367518
2016-02-17,17.498116,19.405739,15.770922,15.317011,11.360381
2016-02-18,17.463404,19.398069,15.683699,15.391980,11.410332
2016-02-19,17.506790,19.382719,15.691629,15.264526,11.403199
2016-02-22,17.636992,19.513163,15.977077,15.317011,11.417461
2016-02-23,17.532837,19.290642,15.715414,15.204547,11.388925
2016-02-24,17.524164,19.160196,15.612340,15.182057,11.381772
2016-02-25,17.524164,19.160196,15.612340,15.204547,11.396078
2016-02-26,17.506790,19.091133,15.326894,15.257031,11.367462
2016-02-29,17.385284,19.091133,15.437899,15.294517,11.374619
2016-03-01,17.576231,19.305986,15.826426,15.474452,11.317389
2016-03-02,17.715111,19.444107,16.072227,15.526937,11.317389
2016-03-03,17.689074,19.559202,16.191158,15.646891,11.346004
2016-03-04,17.749830,19.628265,16.436960,15.751850,11.346004
2016-03-07,17.715111,19.505491,16.325954,15.954283,11.317389
2016-03-08,17.689074,19.505491,16.238741,15.879310,11.381772
2016-03-09,17.558872,19.329004,16.119797,15.976769,11.353157
2016-03-10,17.636992,19.428761,16.270456,15.961778,11.331693
2016-03-11,17.749830,19.758707,16.500395,16.141712,11.317389
2016-03-14,17.871334,19.843115,16.421103,16.081739,11.324545
2016-03-15,17.914740,19.781729,16.294245,15.999271,11.353157
2016-03-16,17.671713,19.612913,16.325954,16.099741,11.367462
2016-03-17,17.636992,19.566874,16.508326,16.258396,11.381772
2016-03-18,17.706432,19.628265,16.595545,16.122417,11.396078
2016-03-21,17.706432,19.651289,16.722408,16.197966,11.381772
2016-03-22,17.749830,19.528509,16.651047,16.129955,11.381772
2016-03-23,17.871334,19.612913,16.587616,15.986416,11.410391
2016-03-24,17.827948,19.520836,16.563826,15.956198,11.417540
2016-03-28,17.819267,19.559202,16.563826,16.001530,11.417538
2016-03-29,17.827948,19.597570,16.603474,16.054411,11.453399
2016-03-30,17.810585,19.612913,16.674835,16.152628,11.453399
2016-03-31,17.793228,19.497818,16.674835,16.129955,11.453399
2016-04-01,17.897375,19.305986,16.690695,16.077082,11.439056
2016-04-04,17.949459,19.336681,16.571758,15.956198,11.453399
2016-04-05,17.880024,19.083464,16.397316,15.910866,11.503602
2016-04-06,17.880024,19.252275,16.460749,15.971311,11.489258
2016-04-07,17.784542,19.068115,16.246666,15.880650,11.503602
2016-04-08,17.784542,19.175545,16.318027,16.039310,11.474909
2016-04-11,17.610954,19.075790,16.405252,16.084637,11.467739
2016-04-12,17.498116,19.144846,16.476612,16.258396,11.439056
2016-04-13,17.498116,19.505491,16.801701,16.364170,11.474909
2016-04-14,17.801905,19.597570,16.793770,16.371727,11.446231
2016-04-15,17.784542,19.551529,16.714483,16.326397,11.474909
2016-04-18,17.836626,19.651289,16.722408,16.424612,11.453399
2016-04-19,17.663029,19.774055,16.793770,16.605927,11.453399
2016-04-20,17.706432,19.781729,16.698626,16.658819,11.460573
2016-04-21,17.732466,19.797075,16.595545,16.628601,11.439056
2016-04-22,17.654352,19.704996,16.460749,16.628601,11.424711
2016-04-25,17.593594,19.612913,16.373529,16.530382,11.403200
2016-04-26,17.567562,19.582222,16.444891,16.553045,11.410391
2016-04-27,17.663029,19.635937,16.555895,16.643702,11.431959
2016-04-28,17.359241,19.267622,16.294245,16.651262,11.446336
2016-04-29,17.289806,19.152517,16.222879,16.726809,11.439148
2016-05-02,17.411325,19.390392,16.191158,16.628601,11.417576
2016-05-03,17.402643,19.298315,15.977077,16.432171,11.460715
2016-05-04,17.593594,19.352026,15.937432,16.341509,11.489477
2016-05-05,17.576231,19.336681,15.921571,16.341509,11.511045
2016-05-06,17.689074,19.382719,16.016720,16.447277,11.539806
2016-05-09,17.801905,19.474798,15.897787,16.265955,11.546991
2016-05-10,17.932096,19.666630,16.096012,16.522825,11.546991
2016-05-11,17.697742,19.359697,15.985003,16.537937,11.554189
2016-05-12,17.663029,19.336681,15.937432,16.537937,11.525431
2016-05-13,17.732466,19.259945,15.778852,16.492609,11.561379
2016-05-16,17.784542,19.482473,15.921571,16.673929,11.532617
2016-05-17,17.593594,19.382719,15.850211,16.696598,11.532617
2016-05-18,17.732466,19.559202,15.866075,16.590820,11.496662
2016-05-19,17.801905,19.612913,15.810569,16.575714,11.496662
2016-05-20,17.801905,19.697327,16.008799,16.719263,11.532617
2016-05-24,18.235886,19.973566,16.151518,16.741917,11.510991
2016-05-25,18.183805,20.011927,16.191158,16.877909,11.525409
2016-05-26,18.070974,19.950539,16.199087,16.862812,11.554316
2016-05-27,18.235886,20.004257,16.254591,16.938349,11.547083
2016-05-30,18.305325,20.057966,16.310099,16.915688,11.518182
2016-05-31,18.392124,20.050299,16.397316,16.893028,11.568761
2016-06-01,18.357397,20.004257,16.325954,16.885469,11.590441
2016-06-02,18.374760,20.027273,16.476612,16.976126,11.626571
2016-06-03,18.235886,19.904505,16.500395,17.097010,11.655475
2016-06-06,18.123049,19.835443,16.516253,17.165003,11.641022
2016-06-07,18.079653,19.912170,16.571758,17.255663,11.648252
2016-06-08,18.079653,19.866138,16.603474,17.202774,11.641022
2016-06-09,18.010210,19.643610,16.452822,17.119671,11.662704
2016-06-10,17.871334,19.152517,16.135656,16.870358,11.706060
2016-06-13,17.853983,18.899303,15.945358,16.832579,11.698830
2016-06-14,17.836626,18.669104,15.953292,16.711702,11.706060
2016-06-15,17.962122,18.948845,16.260469,16.755859,11.727734
2016-06-16,18.040569,19.019165,16.196634,16.702574,11.720514
2016-06-17,17.857536,19.120752,16.100893,16.740627,11.713284
2016-06-20,17.953407,19.448935,16.316317,16.877661,11.655475
2016-06-21,17.927263,19.620842,16.428017,16.870050,11.619345
2016-06-22,17.962122,19.605217,16.467913,16.854816,11.641022
2016-06-23,18.040569,19.988102,16.755142,17.014690,11.612119
2016-06-24,17.796530,18.722239,16.053020,16.733021,11.677153
2016-06-27,17.439205,18.354980,15.957279,16.489405,11.742349
2016-06-28,17.718100,18.776936,16.372166,16.664501,11.742349
2016-06-29,17.970837,19.066051,16.691315,16.908110,11.720614
2016-06-30,18.145144,19.269213,16.787058,16.938570,11.778569
2016-07-04,18.328165,19.347355,16.787058,17.197399,11.793056
2016-07-05,18.171291,18.987913,16.739187,17.136496,11.865492
2016-07-06,18.171291,18.870701,16.611528,17.159340,11.894478
2016-07-07,18.249727,18.894142,16.635466,17.045145,11.887225
2016-07-08,18.249727,19.269213,17.010456,17.205013,11.894478
2016-07-11,18.824936,19.691172,17.313650,17.334435,11.894478
2016-07-12,18.807501,19.769304,17.393431,17.471468,11.814788
2016-07-13,18.729065,19.698980,17.305668,17.479080,11.858253
2016-07-14,18.720350,19.667727,17.425352,17.517145,11.814788
2016-07-15,18.755213,19.652098,17.425352,17.479080,11.764082
2016-07-18,18.833651,19.730240,17.553007,17.524752,11.778569
2016-07-19,18.833651,19.691172,17.513113,17.517145,11.800303
2016-07-20,19.025383,19.917774,17.656727,17.532368,11.771324
2016-07-21,18.964375,19.894335,17.640772,17.562817,11.778569
2016-07-22,19.199690,20.011539,17.840244,17.623718,11.800303
2016-07-25,19.208405,20.074053,17.784382,17.501909,11.793056
2016-07-26,19.225836,20.136560,17.872152,17.562817,11.800321
2016-07-27,19.199690,20.222519,17.912045,17.562817,11.822102
2016-07-28,19.147398,20.206888,17.888105,17.578039,11.836624
2016-07-29,19.051531,20.238146,17.840244,17.600883,11.887458
2016-08-02,18.946953,20.120934,17.744493,17.471468,11.851142
2016-08-03,18.973095,19.988102,17.776407,17.524752,11.836624
2016-08-04,18.912092,20.003727,17.800346,17.539976,11.872931
2016-08-05,19.330420,20.355354,18.215233,17.684626,11.843889
2016-08-08,19.286839,20.324099,18.326937,17.814045,11.851142
2016-08-09,19.243267,20.480375,18.398745,17.874945,11.887458
2016-08-10,19.077677,20.456936,18.271082,17.844498,11.901981
2016-08-11,19.060246,20.433496,18.406721,17.882557,11.872931
2016-08-12,18.964375,20.410051,18.279062,17.821653,11.880198
2016-08-15,19.051531,20.417866,18.446613,17.852104,11.865673
2016-08-16,18.946953,20.269403,18.271082,17.783590,11.851142
2016-08-17,18.833651,20.261587,18.167364,17.768364,11.843889
2016-08-18,18.729065,20.183443,18.183321,17.760750,11.858415
2016-08-19,18.920797,20.230331,18.223213,17.753138,11.836624
2016-08-22,18.990520,20.363167,18.103531,17.814045,11.872931
2016-08-23,19.007948,20.394426,18.047682,17.852104,11.865673
2016-08-24,18.929518,20.402239,18.023745,17.684626,11.880198
2016-08-25,18.929518,20.324099,18.063644,17.684626,11.851142
2016-08-26,18.964375,20.238146,18.031723,17.692230,11.829315
2016-08-29,19.025383,20.370983,18.183321,17.760750,11.880270
2016-08-30,19.208405,20.464752,18.295023,17.768364,11.872989
2016-08-31,19.199690,20.464752,18.167364,17.654177,11.894832
2016-09-01,19.129967,20.542892,18.175344,17.768364,11.902109
2016-09-02,19.129967,20.644468,18.318958,17.905388,11.894832
2016-09-06,18.999239,20.527260,18.478529,17.920622,11.902109
2016-09-07,19.016672,20.683544,18.566296,17.913006,11.916665
2016-09-08,19.025383,20.675728,18.526398,17.928236,11.858432
2016-09-09,18.720350,20.386608,18.111513,17.600883,11.800192
2016-09-12,18.981812,20.589773,18.255121,17.677010,11.792910
2016-09-13,18.885942,20.417866,17.951942,17.387718,11.727396
2016-09-14,18.884188,20.370983,18.119492,17.406132,11.749234
2016-09-15,19.050608,20.550703,18.318958,17.574818,11.749234
2016-09-16,19.050608,20.394426,18.271082,17.498138,11.756513
2016-09-19,19.076885,20.449120,18.422676,17.567150,11.778350
2016-09-20,19.076885,20.480375,18.438631,17.605495,11.807473
2016-09-21,19.146959,20.714792,18.773741,17.827862,11.814753
2016-09-22,19.217030,20.917963,18.813631,17.919880,11.851145
2016-09-23,19.278341,20.921865,18.725868,17.804857,11.887547
2016-09-26,19.181990,20.839817,18.582251,17.728180,11.931225
2016-09-27,19.252071,20.878889,18.757786,17.651495,11.953116
2016-09-28,19.199507,20.855450,18.781717,17.873871,11.938524
2016-09-29,19.138201,20.706987,18.598207,17.904543,11.953116
2016-09-30,19.208269,20.730425,18.646084,17.889202,11.909328
2016-10-03,19.120680,20.714792,18.701935,17.835529,11.916628
2016-10-04,19.146959,20.746054,18.654058,17.620827,11.872848
2016-10-05,19.234541,20.917963,18.877462,17.743517,11.843661
2016-10-06,19.304617,20.808563,18.901396,17.728180,11.814466
2016-10-07,19.304617,20.824194,18.925329,17.689837,11.792575
2016-10-11,19.059372,20.464752,18.638102,17.674501,11.777978
2016-10-12,19.146959,20.527260,18.630125,17.758848,11.770682
2016-10-13,19.006815,20.378798,18.390762,17.789516,11.799872
2016-10-14,18.901711,20.285028,18.326937,17.728180,11.748788
2016-10-17,18.814117,20.214706,18.287043,17.720507,11.770682
2016-10-18,18.954258,20.433496,18.606186,17.919880,11.777978
2016-10-19,19.006815,20.496006,18.733845,18.034885,11.777978
2016-10-20,19.068119,20.667913,18.797670,18.042559,11.807173
2016-10-21,19.260820,20.777309,18.933310,18.149914,11.850956
2016-10-24,19.357164,20.847633,19.108841,18.134575,11.829065
2016-10-25,19.260820,20.769493,19.052992,18.080900,11.836359
2016-10-26,19.225784,20.730425,18.893415,18.011889,11.821729
2016-10-27,19.287096,20.738235,18.765762,18.050230,11.777838
2016-10-28,19.208269,20.675728,18.685972,17.973555,11.777838
2016-10-31,19.181990,20.738235,18.845549,17.981216,11.799778
2016-11-01,19.033085,20.581963,18.606186,17.973555,11.792471
2016-11-02,18.936747,20.496006,18.446613,17.751179,11.807096
2016-11-03,18.849152,20.437405,18.350874,17.735842,11.799778
2016-11-04,18.831631,20.316286,18.207256,17.643835,11.821729
2016-11-07,19.076885,20.511633,18.781717,17.820187,11.792471
2016-11-08,19.138201,20.492100,18.845549,17.827862,11.755892
2016-11-09,19.549870,20.621027,18.318958,17.942883,11.682735
2016-11-10,19.768841,20.660103,17.888105,17.935207,11.638844
2016-11-11,19.856422,20.589773,17.720558,17.705168,11.653473
2016-11-14,19.961536,20.538982,17.600876,17.758848,11.536427
2016-11-15,19.944019,20.441305,17.824280,17.958216,11.551057
2016-11-16,19.908985,20.222519,17.648750,17.919880,11.580319
2016-11-17,20.101677,20.488190,17.760452,18.057898,11.565687
2016-11-18,20.101677,20.331917,17.720558,18.096239,11.536427
2016-11-21,20.057878,20.285028,17.720558,18.310938,11.551057
2016-11-22,20.180508,20.441305,18.023745,18.379946,11.558371
2016-11-23,20.303129,20.394426,17.888105,18.372280,11.558371
2016-11-24,20.303129,20.355354,18.191299,18.364607,11.551057
2016-11-25,20.425755,20.527260,17.951942,18.364607,11.573061
2016-11-28,20.180508,20.285028,17.951942,18.272600,11.580394
2016-11-29,20.198030,20.417866,17.991829,18.280264,11.587725
2016-11-30,20.136707,20.410051,18.039703,18.387617,11.558393
2016-12-01,19.900211,20.160006,17.704601,18.318609,11.499720
2016-12-02,19.865189,20.152197,17.616837,18.341612,11.521721
2016-12-05,19.952774,20.277214,17.744493,18.395288,11.514387
2016-12-06,20.084156,20.370983,17.856192,18.433622,11.521721
2016-12-07,20.294367,20.558514,18.095556,18.579317,11.536394
2016-12-08,20.276850,20.574144,18.087574,18.648329,11.507053
2016-12-09,20.329409,20.613214,17.975876,18.671328,11.441041
2016-12-12,20.268089,20.456936,17.792366,18.640654,11.426374
2016-12-13,20.373205,20.683544,17.991829,18.771009,11.426374
2016-12-14,20.381956,20.589773,17.728537,18.540968,11.419050
2016-12-15,20.635971,20.683544,17.856192,18.571650,11.389706
2016-12-16,20.583416,20.675728,17.728537,18.609989,11.389706
2016-12-19,20.741068,20.808563,17.728537,18.632988,11.426374
2016-12-20,20.741068,20.722607,17.648750,18.663662,11.419050
2016-12-21,20.767351,20.820286,17.648750,18.678995,11.426374
2016-12-22,20.819904,20.917963,17.560984,18.709665,11.404375
2016-12-23,20.916250,21.011732,17.720558,18.717337,11.441143
2016-12-28,20.826427,20.929050,17.910408,18.766743,11.477908
2016-12-29,20.694340,20.960548,18.128531,18.836218,11.492613
2016-12-30,20.535828,20.929050,17.926563,18.689543,11.514669
2017-01-03,20.703144,21.015665,18.104296,18.836218,11.492613
2017-01-04,20.694340,21.062912,18.096218,18.967459,11.529377
2017-01-05,20.527029,21.141649,18.241632,19.044651,11.544080
2017-01-06,20.579861,21.070780,18.160845,18.952013,11.507318
2017-01-09,20.500610,21.023539,18.104296,18.828505,11.529377
2017-01-10,20.527029,21.039288,18.225475,18.867098,11.536730
2017-01-11,20.465382,21.055035,18.306259,18.936573,11.536730
2017-01-12,20.342098,20.984169,18.322420,18.867098,11.551432
2017-01-13,20.377316,21.062912,18.314339,18.944298,11.514669
2017-01-16,20.377316,21.307001,18.467834,18.921135,11.536730
2017-01-17,20.218811,20.921175,18.225475,18.882542,11.544080
2017-01-18,20.562250,21.181019,18.403208,18.843937,11.529377
2017-01-19,20.544640,21.212515,18.435520,18.851658,11.492613
2017-01-20,20.615082,21.338497,18.475916,19.013775,11.492613
2017-01-23,20.474188,21.322748,18.661722,18.944298,11.536730
2017-01-24,20.535828,21.188892,18.677879,19.106411,11.477908
2017-01-25,20.535828,21.267632,18.694040,19.145016,11.433786
2017-01-26,20.553438,21.236135,18.685959,19.114134,11.441159
2017-01-27,20.562250,21.259760,18.726351,19.060093,11.463278
2017-01-30,20.386122,21.110151,18.580936,18.867098,11.470652
2017-01-31,20.262846,20.999914,18.500147,18.836218,11.492762
2017-02-01,20.324482,21.125902,18.613251,18.859381,11.485387
2017-02-02,20.271652,21.062912,18.605173,18.851658,11.500132
2017-02-03,20.447771,21.149525,18.742512,18.944298,11.492762
2017-02-06,20.474188,21.102278,18.815216,18.936573,11.536994
2017-02-07,20.597473,21.220390,18.831371,18.975174,11.551737
2017-02-08,20.615082,21.251879,18.936401,19.044651,11.595975
2017-02-09,20.738363,21.267632,19.017183,19.121855,11.551737
2017-02-10,20.747173,21.251879,19.073738,19.260807,11.536994
2017-02-13,20.808819,21.330622,19.134321,19.291693,11.514876
2017-02-14,20.879265,21.299129,19.146446,19.338005,11.492762
2017-02-15,20.993744,21.377871,19.291859,19.407486,11.478025
2017-02-16,20.967325,21.440859,19.227232,19.430641,11.500132
2017-02-17,21.028973,21.440859,19.170677,19.415201,11.544363
2017-02-21,21.257935,21.547159,19.453432,19.484682,11.514876
2017-02-22,21.240318,21.574717,19.509983,19.407486,11.529622
2017-02-23,21.161062,21.543222,19.477667,19.338005,11.559189
2017-02-24,21.090609,21.354246,19.259544,19.052374,11.610927
2017-02-27,21.319574,21.495977,19.251469,19.044651,11.588745
2017-02-28,21.434055,21.708576,19.291859,18.913422,11.588745
2017-03-01,21.847935,21.976294,19.623083,19.145016,11.559189
2017-03-02,21.821520,21.897547,19.396883,19.067808,11.559189
2017-03-03,21.759878,22.023531,19.518061,19.145016,11.559189
2017-03-06,21.742270,21.976294,19.562494,19.175892,11.566581
2017-03-07,21.671816,21.936918,19.590767,19.152731,11.544402
2017-03-08,21.724653,21.968418,19.542299,19.021492,11.507456
2017-03-09,21.715849,22.086531,19.396883,19.029215,11.485276
2017-03-10,21.724653,22.181015,19.509983,19.021492,11.485276
2017-03-13,21.751074,22.236134,19.776577,19.075535,11.470497
2017-03-14,21.733461,22.161331,19.736183,18.897976,11.470497
2017-03-15,21.663006,22.181015,19.986622,19.060093,11.522232
2017-03-16,21.654207,22.362116,20.107803,19.114134,11.522232
2017-03-17,21.663006,22.393614,20.115879,19.036936,11.537016
2017-03-20,21.636595,22.393614,20.358246,18.975174,11.566581
2017-03-21,21.310770,22.267628,20.115879,18.820778,11.573967
2017-03-22,21.284353,22.251879,20.188591,18.843937,11.596133
2017-03-23,21.337189,22.314869,20.204746,18.959736,11.603530
2017-03-24,21.293869,22.448730,20.325926,18.981499,11.640487
2017-03-27,21.355747,22.511723,20.269379,19.059229,11.655261
2017-03-28,21.532536,22.610147,20.309769,19.168047,11.638967
2017-03-29,21.452980,22.519594,20.269379,19.253553,11.646374
2017-03-30,21.497175,22.425110,20.180511,19.168047,11.638967
2017-03-31,21.452980,22.346367,19.994703,19.144732,11.638967
2017-04-03,21.514858,22.448730,20.237059,19.183592,11.668598
2017-04-04,21.559052,22.503851,20.309769,19.276871,11.683419
2017-04-05,21.523695,22.417231,20.277452,19.253553,11.690826
2017-04-06,21.550215,22.409363,20.196667,19.323509,11.713058
2017-04-07,21.594408,22.377861,20.180511,19.284643,11.690826
2017-04-10,21.444143,22.181015,19.970467,19.370146,11.676013
2017-04-11,21.408787,22.346367,19.930075,19.354607,11.727873
2017-04-12,21.214319,22.228262,19.913914,19.276871,11.735275
2017-04-13,21.178961,22.196762,19.978542,19.129190,11.779728
2017-04-17,21.329229,22.314869,20.107803,19.307964,11.757502
2017-04-18,21.417627,22.291246,19.994703,19.238010,11.801957
2017-04-19,21.541368,22.409363,19.994703,19.152502,11.801957
2017-04-20,21.718163,22.590464,20.237059,19.238010,11.787139
2017-04-21,21.691641,22.629829,20.309769,19.245777,11.794548
2017-04-24,21.939140,23.204630,20.544054,19.377924,11.787139
2017-04-25,22.204325,23.456600,20.842962,19.401239,11.763374
2017-04-26,22.275032,23.448725,20.826803,19.292416,11.778226
2017-04-27,22.266193,23.495966,20.794491,19.129190,11.793077
2017-04-28,22.283875,23.511717,20.915667,19.222460,11.807937
2017-05-01,22.319231,23.653444,21.044930,19.206915,11.793077
2017-05-02,22.389946,23.866049,21.222658,19.245777,11.830211
2017-05-03,22.354584,23.842424,21.101480,19.175821,11.837639
2017-05-04,22.451817,24.086517,20.988379,18.997049,11.822784
2017-05-05,22.372271,24.188881,20.947985,19.214691,11.830211
2017-05-08,22.407627,24.094393,21.028770,19.292416,11.807937
2017-05-09,22.478340,24.062897,21.287287,19.199139,11.763374
2017-05-10,22.389946,24.015654,21.295368,19.269098,11.763374
2017-05-11,22.381107,24.023521,21.416552,19.175821,11.763374
2017-05-12,22.363428,24.188881,21.505413,19.168047,11.763374
2017-05-15,22.372271,24.165262,21.602358,19.284643,11.755950
2017-05-16,22.248514,24.228252,21.537729,19.191370,11.770800
2017-05-17,21.956814,23.952662,21.287287,18.857136,11.852492
2017-05-18,21.965656,24.007776,20.899513,18.864908,11.874773
2017-05-19,21.965656,24.102266,21.166111,19.067003,11.897045
2017-05-23,22.133606,24.157385,21.182264,19.113640,11.845066
2017-05-24,22.018696,24.039274,21.125717,19.028147,11.852492
2017-05-25,22.213154,24.086517,21.295368,19.035913,11.882195
2017-05-26,22.160126,23.999905,21.311525,19.028147,11.888152
2017-05-29,22.160126,23.984154,21.279213,19.043694,11.910484
2017-05-30,22.168957,24.007776,21.254971,18.989273,11.903042
2017-05-31,22.230841,24.070770,21.166111,18.965956,11.895596
2017-06-01,22.363428,24.330614,21.368076,19.121414,11.895596
2017-06-02,22.478340,24.503839,21.424627,19.082550,11.925370
2017-06-05,22.442984,24.369982,21.400389,19.051455,11.932818
2017-06-06,22.319231,24.236124,21.359997,19.113640,11.940262
2017-06-07,22.460661,24.362108,21.400389,19.012590,11.925370
2017-06-08,22.478340,24.299116,21.553883,19.059229,11.917930
2017-06-09,22.381107,24.102266,21.287287,19.121414,11.910484
2017-06-12,22.160126,23.795179,21.004538,19.020363,11.865821
2017-06-13,22.054052,23.810934,20.939905,19.020363,11.821154
2017-06-14,22.089411,23.787310,20.956064,18.771631,11.858378
2017-06-15,22.107086,23.669199,20.786411,18.771631,11.858378
2017-06-16,21.983337,23.740065,20.746021,18.818268,11.873268
2017-06-19,22.168957,23.842424,20.939905,18.896000,11.858378
2017-06-20,22.107086,23.692820,20.754099,18.748318,11.888152
2017-06-21,22.142447,23.771559,20.907595,18.748318,11.903042
2017-06-22,22.027536,23.645575,20.883356,18.841589,11.903042
2017-06-23,22.129530,23.740602,21.005150,18.962996,11.917930
2017-06-26,22.120661,23.756573,21.167536,18.962996,11.932818
2017-06-27,21.872320,23.612833,20.810282,18.923830,11.871631
2017-06-28,21.765879,23.572906,20.753445,19.025656,11.834323
2017-06-29,21.561884,23.285435,20.469259,18.861176,11.789556
2017-06-30,21.517534,23.269459,20.542334,18.814173,11.782090
2017-07-04,21.606228,23.193602,20.388067,18.767179,11.700008
2017-07-05,21.615107,23.221552,20.566698,18.798504,11.722398
2017-07-06,21.393360,23.101768,20.306871,18.704515,11.714933
2017-07-07,21.366755,22.981985,20.250032,18.626183,11.670165
2017-07-10,21.428841,22.997959,20.428665,18.743681,11.670165
2017-07-11,21.455454,23.125727,20.639771,18.775011,11.670165
2017-07-12,21.278067,22.958033,20.753445,18.790676,11.685086
2017-07-13,21.313536,23.037891,20.794039,18.767179,11.647779
2017-07-14,21.269194,23.053858,20.932074,18.829838,11.677627
2017-07-17,21.357883,23.077816,20.867115,18.814173,11.670165
2017-07-18,21.286930,22.981985,20.858997,18.798504,11.685086
2017-07-19,21.331276,23.077816,20.972670,18.908161,11.670165
2017-07-20,21.331276,23.125727,20.940195,18.939497,11.677627
2017-07-21,21.215971,22.958033,20.818399,18.829838,11.677627
2017-07-24,21.153883,22.838253,20.850878,18.790676,11.662704
2017-07-25,21.269194,22.878176,20.794039,18.876837,11.580624
2017-07-26,21.127275,22.886162,20.883356,18.845509,11.601563
2017-07-27,21.242579,23.077816,20.940195,18.861176,11.564165
2017-07-28,21.029709,22.910122,20.753445,18.775011,11.541726
2017-07-31,21.065189,22.974003,20.810282,18.822008,11.526768
2017-08-01,21.224840,23.245502,21.029510,18.892502,11.601563
2017-08-02,21.242579,23.325361,21.078224,18.962996,11.638966
2017-08-03,21.233707,23.333345,20.964552,18.869005,11.668884
2017-08-04,21.384499,23.453131,21.183779,18.955160,11.683848
2017-08-08,21.393360,23.413200,21.346172,18.931667,11.631481
2017-08-09,21.384499,23.469097,21.167536,18.900335,11.653930
2017-08-10,21.207100,23.173639,20.769680,18.720186,11.683848
2017-08-11,21.145018,23.073820,20.729088,18.681019,11.691327
2017-08-14,21.428841,23.373274,21.021387,18.782846,11.668884
2017-08-15,21.464317,23.325361,21.078224,18.775011,11.653930
2017-08-16,21.286930,23.245502,21.070108,18.751513,11.668884
2017-08-17,21.020838,23.029898,20.891474,18.688852,11.691327
2017-08-18,20.825705,22.958033,20.923954,18.594856,11.676365
2017-08-21,20.825705,22.950045,20.948313,18.594856,11.668884
2017-08-22,21.020838,23.037891,21.191898,18.641855,11.646448
2017-08-23,20.914408,22.974003,21.244675,18.735840,11.668884
2017-08-24,20.878929,22.910122,21.277151,18.759344,11.661407
2017-08-25,20.861195,22.966017,21.329929,18.728012,11.676365
2017-08-28,20.852318,22.981985,21.305571,18.720186,11.674867
2017-08-29,20.932144,22.981985,21.281216,18.759344,11.682366
2017-08-30,21.180489,23.109758,21.500437,18.837675,11.697364
2017-08-31,21.082924,23.005943,21.370527,18.923830,11.689864
2017-09-01,20.994230,22.902130,21.305571,18.908161,11.652376
2017-09-05,20.799099,22.758400,21.021387,18.767179,11.682366
2017-09-06,20.630577,22.598692,20.907715,18.751513,11.607386
2017-09-07,20.417715,22.558765,20.867115,18.712351,11.614883
2017-09-08,20.435453,22.638615,20.794039,18.665348,11.577394
2017-09-11,20.621712,22.750414,21.005150,18.728012,11.562396
2017-09-12,20.790237,22.886162,21.094463,18.853340,11.539897
2017-09-13,20.834579,22.798323,21.005150,18.845509,11.539897
2017-09-14,20.816843,22.854221,21.053865,18.915993,11.524906
2017-09-15,20.870058,22.878176,21.200018,18.900335,11.524906
2017-09-18,21.127275,23.093786,21.443604,18.994328,11.524906
2017-09-19,21.082924,23.173639,21.419239,19.064817,11.517404
2017-09-20,21.162752,23.237522,21.435484,19.174477,11.509905
2017-09-21,21.171623,23.205582,21.484200,19.260635,11.502405
2017-09-22,21.171623,23.261478,21.346172,19.268469,11.524906
2017-09-25,21.191204,23.237522,21.021387,19.330807,11.547398
2017-09-26,21.182308,23.125727,20.972670,19.291353,11.532402
2017-09-27,21.520504,23.349319,21.094463,19.464930,11.515864
2017-09-28,21.449310,23.373274,20.997028,19.488604,11.515864
2017-09-29,21.609509,23.596863,21.321812,19.520163,11.538414
2017-10-02,21.769712,23.612833,21.394882,19.606958,11.508347
2017-10-03,21.787512,23.652761,21.630352,19.638521,11.508347
2017-10-04,21.787512,23.588884,21.646589,19.646408,11.515864
2017-10-05,22.054518,23.744595,21.947012,19.701641,11.538414
2017-10-06,21.983313,23.660749,21.808983,19.638521,11.538414
2017-10-10,21.947714,23.828438,21.922655,19.693748,11.538414
2017-10-11,21.894314,23.780527,21.914528,19.733200,11.553452
2017-10-12,21.876513,23.796505,21.938892,19.662186,11.568482
2017-10-13,21.912115,23.956205,22.149998,19.748980,11.598552
2017-10-16,21.992214,24.028074,22.239311,19.733200,11.613582
2017-10-17,22.001114,23.964193,22.117521,19.756870,11.636132
2017-10-18,21.956612,23.916279,22.052567,19.717422,11.621099
2017-10-19,21.992214,23.892324,21.894230,19.748980,11.636132
2017-10-20,22.330420,24.123899,22.231195,19.812101,11.628618
2017-10-23,22.294821,24.107933,22.109402,19.812101,11.643648
2017-10-24,22.401619,24.227711,22.182480,19.867332,11.628618
2017-10-25,22.499517,24.363464,22.336748,19.812101,11.643648
2017-10-26,22.650826,24.483246,22.328627,19.867332,11.651169
2017-10-27,22.757622,24.467270,22.564093,19.938347,11.679802
2017-10-30,22.641930,24.539145,22.409822,20.009352,11.709943
2017-10-31,22.837727,24.794676,22.726482,20.033024,11.709943
2017-11-01,22.802124,24.762735,22.799561,20.040909,11.717478
2017-11-02,22.704222,24.698856,22.742723,20.025133,11.732550
2017-11-03,22.659727,24.571081,22.555975,20.033024,11.740082
2017-11-06,22.641930,24.515186,22.710245,20.127708,11.770225
2017-11-07,22.677526,24.547127,22.653406,20.167158,11.800366
2017-11-08,22.633026,24.555111,22.653406,20.135597,11.785297
2017-11-09,22.472820,24.275621,22.466660,20.111925,11.770225
2017-11-10,22.455025,24.211740,22.393583,20.064585,11.747618
2017-11-13,22.597422,24.211740,22.466660,20.033024,11.747618
2017-11-14,22.544022,24.187782,22.336748,19.906778,11.747618
2017-11-15,22.508427,24.123899,22.271791,19.883110,11.770225
2017-11-16,22.686424,24.323536,22.685884,19.946230,11.732550
2017-11-17,22.641930,24.243685,22.791435,20.017241,11.755153
2017-11-20,22.793228,24.419361,22.986307,20.040909,11.732550
2017-11-21,22.882227,24.555111,23.246130,20.135597,11.762691
2017-11-22,22.739826,24.483246,23.140574,20.135597,11.785297
2017-11-23,22.873325,24.483246,23.132462,20.127708,11.800366
2017-11-24,22.917831,24.666906,23.140574,20.175041,11.800366
2017-11-27,22.873325,24.642954,22.896992,20.080364,11.822970
2017-11-28,23.184839,24.842588,23.140574,20.080364,11.829017
2017-11-29,23.300526,24.850573,22.888876,20.017241,11.813909
2017-11-30,23.567539,24.962364,22.791435,20.159264,11.806355
2017-12-01,23.122536,24.499216,22.279915,20.104036,11.806355
2017-12-04,23.122536,24.403389,22.320507,20.017241,11.791246
2017-12-05,23.006828,24.339506,22.263672,19.954121,11.798797
2017-12-06,23.149239,24.475258,22.166237,19.954121,11.836569
2017-12-07,23.336138,24.650938,22.271791,20.072475,11.844120
2017-12-08,23.469637,24.786694,22.531616,20.182934,11.844120
2017-12-11,23.505232,24.818628,22.669651,20.198715,11.859228
2017-12-12,23.594238,24.858557,22.572216,20.222383,11.851672
2017-12-13,23.505232,24.874531,22.710245,20.238165,11.859228
2017-12-14,23.273836,24.611010,22.426064,20.104036,11.851672
2017-12-15,23.683237,24.866545,22.718363,20.135597,11.889443
2017-12-18,23.834545,25.122080,22.929472,20.246058,11.881888
2017-12-19,23.754440,25.106108,22.799561,20.253946,11.829017
2017-12-20,23.665438,24.994308,22.758968,20.285511,11.783693
2017-12-21,23.549747,24.850573,22.758968,20.309179,11.761033
2017-12-22,23.496340,24.858557,22.896992,20.285511,11.791246
2017-12-27,23.336138,24.802662,22.799561,20.332846,11.820022
2017-12-28,23.262794,24.710962,22.817720,20.378006,11.789730
2017-12-29,23.164413,24.735088,22.933298,20.370090,11.797301
2018-01-02,23.227020,24.743132,23.255253,20.488930,11.736725
2018-01-03,23.414837,24.968369,23.535931,20.584007,11.759445
2018-01-04,23.432722,25.105114,23.535931,20.623625,11.744303
2018-01-05,23.414837,25.121202,23.585461,20.560240,11.691295
2018-01-08,23.486395,25.113157,23.626740,20.520622,11.691295
2018-01-09,23.593714,25.233816,23.651508,20.528549,11.668573
2018-01-10,23.692097,25.370564,23.651508,20.441395,11.691295
2018-01-11,23.870979,25.459045,23.783592,20.473089,11.698864
2018-01-12,23.924633,25.579708,23.907421,20.504780,11.698864
2018-01-15,24.201893,25.652100,23.907421,20.591932,11.691295
2018-01-16,23.709982,25.499264,23.725803,20.496857,11.691295
2018-01-17,23.951473,25.660143,24.014740,20.528549,11.698864
2018-01-18,23.897804,25.587749,23.989975,20.481012,11.683724
2018-01-19,24.148232,25.877327,24.377975,20.576084,11.668573
2018-01-22,24.246611,25.941681,24.410997,20.560240,11.676149
2018-01-23,24.273441,25.925594,24.444019,20.584007,11.691295
2018-01-24,24.058794,25.812977,24.485294,20.504780,11.676149
2018-01-25,24.148232,25.796890,24.551336,20.409706,11.691295
2018-01-26,24.273441,25.965816,24.765978,20.433474,11.691295
2018-01-29,24.184008,25.708408,24.452276,20.259159,11.682185
2018-01-30,23.897804,25.491219,24.105549,20.084866,11.667002
2018-01-31,23.853085,25.394695,24.254150,20.108629,11.659415
2018-02-01,23.781534,25.434916,23.890913,19.973934,11.621463
2018-02-02,23.566887,25.209688,23.568954,19.657019,11.606279
2018-02-05,22.878212,24.324854,22.966318,19.316324,11.636645
2018-02-06,23.074972,24.976408,23.593719,19.363863,11.606279
2018-02-07,23.209135,24.662697,23.015844,19.324249,11.591105
2018-02-08,22.493631,24.188105,22.297634,18.991484,11.575911
2018-02-09,22.753006,24.204189,22.759933,18.936020,11.583507
2018-02-12,22.985537,24.509861,23.024099,19.197481,11.591105
2018-02-13,23.074972,24.445509,23.180952,19.165787,11.598686
2018-02-14,23.244907,24.702919,23.552444,19.340096,11.568326
2018-02-15,23.414837,24.847704,23.956955,19.411402,11.575911
2018-02-16,23.674206,25.113157,24.022995,19.474781,11.629054
2018-02-20,23.638435,25.032717,23.866144,19.466864,11.606279
2018-02-21,23.638435,25.064892,23.932192,19.585709,11.591105
2018-02-22,23.638435,25.185555,24.022995,19.569857,11.613872
2018-02-23,23.888859,25.338387,24.270657,19.712475,11.651820
2018-02-26,24.192951,25.523396,24.543085,19.815475,11.665521
2018-02-27,24.139290,25.338387,24.056017,19.775858,11.642694
2018-02-28,23.969355,25.137285,23.866144,19.530243,11.673136
2018-03-01,23.656322,24.879889,23.808357,19.419319,11.711179
2018-03-02,23.933575,25.056852,24.039507,19.427248,11.695959
2018-03-05,24.407598,25.394695,24.245892,19.617397,11.680738
2018-03-06,24.237671,25.386650,24.270657,19.617397,11.665521
2018-03-07,24.309214,25.370564,24.295424,19.546091,11.650304
2018-03-08,24.327110,25.442959,24.278913,19.625322,11.642694
2018-03-09,24.640142,25.467091,24.617382,19.657019,11.619866
2018-03-12,24.675915,25.547529,24.749466,19.704552,11.635085
2018-03-13,24.756407,25.523396,24.741209,19.752090,11.673136
2018-03-14,24.568592,25.636013,24.774229,19.783789,11.711179
2018-03-15,24.783239,25.837109,24.914574,19.807554,11.741618
2018-03-16,24.935286,25.893419,24.939339,19.870939,11.749228
2018-03-19,24.532812,25.595793,24.592617,19.704552,11.741618
2018-03-20,24.595419,25.652100,24.889807,19.744169,11.711179
2018-03-21,24.237671,25.354473,24.708189,19.823391,11.673136
2018-03-22,23.692097,24.928148,23.923931,19.474781,11.734010
2018-03-23,23.066517,24.542038,23.379082,19.253763,11.718786
2018-03-26,23.649918,24.968369,24.113806,19.333555,11.673136
2018-03-27,23.219095,24.807489,23.758829,19.245783,11.739490
2018-03-28,23.389629,25.048805,23.717552,19.213869,11.754750
2018-03-29,23.578114,25.169462,24.122061,19.469198,11.800518
2018-04-02,23.111399,24.735088,23.684525,19.277700,11.762379
2018-04-03,23.102415,24.847704,23.783592,19.237808,11.724235
2018-04-04,23.389629,24.871838,23.684525,19.205887,11.693726
2018-04-05,23.542215,24.992496,23.750574,19.453239,11.693726
2018-04-06,23.048561,24.823574,23.304783,19.277700,11.708982
2018-04-09,23.003691,24.944235,23.275890,19.309612,11.701353
2018-04-10,23.201151,25.008589,23.502911,19.357491,11.701353
2018-04-11,22.994713,24.815529,23.461636,19.341537,11.701353
2018-04-12,23.237045,24.952278,23.494656,19.365479,11.655579
2018-04-13,23.210125,24.976408,23.304783,19.373446,11.693726
2018-04-16,23.353727,24.992496,23.280018,19.389412,11.670844
2018-04-17,23.542215,25.064892,23.271763,19.477180,11.701353
2018-04-18,23.712738,25.306213,23.585461,19.692616,11.670844
2018-04-19,23.631964,25.306213,23.519424,19.604843,11.655579
2018-04-20,23.614012,25.378607,23.428616,19.628782,11.647961
2018-04-23,23.766592,25.467091,23.403851,19.716553,11.632700
2018-04-24,23.452456,25.338387,23.230488,19.628782,11.625071
2018-04-25,23.515282,25.370564,23.123163,19.668674,11.617443
2018-04-26,23.829422,25.579708,23.478146,19.844223,11.622795
2018-04-27,23.820448,25.547529,23.568954,19.884115,11.645739
2018-04-30,23.569134,25.442959,23.403851,19.820278,11.676325
2018-05-01,23.631964,25.370564,23.337801,19.836239,11.615153
2018-05-02,23.560156,25.418823,23.189209,19.836239,11.622795
2018-05-03,23.461430,25.459045,23.090145,19.820278,11.638092
2018-05-04,23.766592,25.539484,23.172697,19.971891,11.653383
2018-05-07,23.919178,25.587749,23.098400,20.059656,11.653383
2018-05-08,24.035858,25.700359,23.321295,20.107534,11.645739
2018-05-09,24.071749,25.636013,23.139679,20.155405,11.622795
2018-05-10,24.134581,25.563618,23.461636,20.267115,11.630445
2018-05-11,24.215355,25.692322,23.511164,20.299034,11.645739
2018-05-14,24.251257,25.772755,23.527676,20.426699,11.615153
2018-05-15,24.179457,25.684277,23.205719,20.458620,11.561625
2018-05-16,24.224335,25.587749,23.403851,20.474573,11.553978
2018-05-17,24.233309,25.636013,23.114914,20.506496,11.546330
2018-05-18,24.358955,25.724499,23.057125,20.538412,11.599859
2018-05-22,24.323059,25.660143,23.139679,20.514473,11.584567
2018-05-23,24.403835,25.499264,23.156189,20.506496,11.607506
2018-05-24,24.493593,25.507307,23.131422,20.482555,11.638092
2018-05-25,24.583344,25.499264,23.387337,20.450630,11.676325
2018-05-28,24.673105,25.442959,23.337801,20.338934,11.699262
2018-05-29,24.430771,25.121202,22.908531,20.251158,11.773615
2018-05-30,24.466667,25.153372,22.892019,20.402758,11.727621
2018-05-31,24.493593,25.113157,23.073635,20.426699,11.750618
2018-06-01,24.700022,25.418823,23.337801,20.410740,11.750618
2018-06-04,24.771822,25.442959,23.519424,20.418720,11.742956
2018-06-05,24.897474,25.483177,23.428616,20.506496,11.758286
2018-06-06,25.014158,25.627966,23.734062,20.594261,11.719964
2018-06-07,25.112890,25.619923,23.436871,20.594261,11.727621
2018-06-08,25.085960,25.531439,23.337801,20.610220,11.719964
2018-06-11,25.220587,25.796890,23.387337,20.705973,11.719964
2018-06-12,25.310341,25.668190,23.354319,20.729912,11.719964
2018-06-13,25.175716,25.652100,23.189209,20.697992,11.712290
2018-06-14,25.435997,25.804932,23.230488,20.801722,11.758286
2018-06-15,25.597557,25.885370,23.230488,20.785763,11.788946
2018-06-18,25.615509,25.700359,22.925041,20.865559,11.811939
2018-06-19,25.624475,25.603834,22.809462,20.785763,11.842596
2018-06-20,25.812965,25.684277,22.933298,20.929394,11.834937
2018-06-21,25.561647,25.475136,22.627846,20.809698,11.850266
2018-06-22,25.552679,25.732540,22.801210,20.953327,11.842596
2018-06-25,25.305027,25.414555,22.564039,20.629332,11.880926
2018-06-26,25.350056,25.455425,22.472826,20.749926,11.857935
2018-06-27,25.214977,25.340979,22.124538,20.693659,11.886366
2018-06-28,25.169947,25.210190,22.107946,20.621296,11.840258
2018-06-29,24.971827,25.095745,22.282097,20.757969,11.855630
2018-07-03,25.007856,25.030352,22.099657,20.725811,11.840258
2018-07-04,25.025862,25.030352,22.132826,20.806200,11.840258
2018-07-05,25.133926,25.144791,21.933807,20.766010,11.840258
2018-07-06,25.314035,25.242882,22.207462,20.878559,11.863308
2018-07-09,25.566187,25.488123,22.605505,21.007189,11.832576
2018-07-10,25.593203,25.463600,22.555748,21.135820,11.840258
2018-07-11,25.638226,25.259235,22.257214,20.975035,11.847943
2018-07-12,25.719276,25.357330,22.530874,21.151896,11.832576
2018-07-13,25.737286,25.390028,22.522577,21.151896,11.847943
2018-07-16,25.665243,25.365503,22.381601,21.063467,11.847943
2018-07-17,25.872364,25.504469,22.605505,21.087589,11.863308
2018-07-18,25.890379,25.488123,22.564039,21.055428,11.855630
2018-07-19,26.007450,25.561687,22.431360,21.127783,11.870989
2018-07-20,25.692253,25.455425,22.522577,20.983074,11.832576
2018-07-23,25.818333,25.537169,22.423067,20.958954,11.786475
2018-07-24,25.854359,25.651609,22.721598,20.950920,11.794159
2018-07-25,25.854359,25.618917,22.870867,20.975035,11.763421
2018-07-26,25.881369,25.569868,22.696724,21.023277,11.755740
2018-07-27,25.647232,25.569868,22.763062,20.942877,11.738027
2018-07-30,25.449114,25.545340,22.671848,20.894634,11.745726
2018-07-31,25.557178,25.455425,22.729893,20.983074,11.730322
2018-08-01,25.503145,25.390028,22.555748,20.918756,11.714920
2018-08-02,25.683256,25.251055,22.298681,20.975035,11.714920
2018-08-03,25.710268,25.202013,22.389898,20.983074,11.730322
2018-08-07,26.034460,25.406376,22.588917,20.838362,11.707217
2018-08-08,25.962423,25.324635,22.481115,20.854445,11.714920
2018-08-09,25.971426,25.291935,22.481115,20.966991,11.745726
2018-08-10,25.980431,24.989479,22.124538,20.878559,11.761135
2018-08-13,25.890379,24.850508,21.792831,20.774046,11.761135
2018-08-14,25.953413,24.776939,21.826006,20.878559,11.745726
2018-08-15,25.863363,24.548054,21.336746,20.653458,11.784239
2018-08-16,26.115517,24.744240,21.502596,20.757969,11.791939
2018-08-17,26.016455,24.711540,21.552349,20.886600,11.791939
2018-08-20,26.088495,24.793289,21.610399,20.894634,11.799644
2018-08-21,26.133522,24.964952,21.842590,20.862480,11.807344
2018-08-22,26.034460,24.956779,21.942101,20.926798,11.799644
2018-08-23,26.160534,24.956779,21.751373,20.902681,11.807344
2018-08-24,26.214575,24.981300,22.033314,20.934837,11.807344
2018-08-27,26.250595,25.202013,22.224045,21.047388,11.776541
2018-08-28,26.196560,25.128441,22.107946,20.934837,11.761135
2018-08-29,26.295612,25.202013,22.190878,20.991114,11.758816
2018-08-30,26.322634,25.112099,21.759663,20.975035,11.781977
2018-08-31,26.493732,25.095745,22.041611,20.846403,11.843744
2018-09-04,26.709866,25.103922,21.792831,20.717770,11.828305
2018-09-05,26.628811,24.907732,21.502596,20.693659,11.820582
2018-09-06,26.493732,24.776939,21.427961,20.637373,11.820582
2018-09-07,26.511747,24.637974,21.403086,20.629332,11.789700
2018-09-10,26.520754,24.752415,21.162601,20.589140,11.789700
2018-09-11,26.502737,24.703371,21.087967,20.629332,11.766537
2018-09-12,26.286612,24.588921,21.046503,20.581095,11.751096
2018-09-13,26.412695,24.736065,21.303574,20.524824,11.758816
2018-09-14,26.520754,24.809637,21.336746,20.548939,11.743377
2018-09-17,26.313631,24.866856,21.137722,20.629332,11.758816
2018-09-18,26.367659,25.030352,21.286991,20.790127,11.727937
2018-09-19,26.251089,24.989479,21.444548,20.724472,11.697054
2018-09-20,26.422783,25.242882,21.651861,20.805525,11.689326
2018-09-21,26.413748,25.259235,21.734785,20.805525,11.697054
2018-09-24,26.395676,25.185667,21.560642,20.797424,11.673886
2018-09-25,26.386635,25.357330,21.660154,20.756895,11.658449
2018-09-26,26.350491,25.479946,21.751373,20.748787,11.694826
2018-09-27,26.504116,25.414555,21.925516,20.829845,11.718040
2018-09-28,26.251089,24.964952,21.560642,20.643427,11.718040
2018-10-01,26.061321,24.793289,21.345032,20.700161,11.656123
2018-10-02,26.061321,24.695196,21.187477,20.586687,11.687087
2018-10-03,26.151684,24.760590,21.054792,20.651527,11.640644
2018-10-04,26.061321,24.564402,20.681631,20.578585,11.617423
2018-10-05,25.943851,24.490826,20.615295,20.505642,11.578723
2018-10-09,25.916742,24.270121,20.590414,20.400272,11.594204
2018-10-10,25.284187,23.926792,20.117743,19.954508,11.601948
2018-10-11,24.778137,23.624332,19.935299,19.719454,11.648389
2018-10-12,25.058268,23.746948,20.449440,19.832924,11.656123
2018-10-15,24.850422,23.550764,20.184076,19.832924,11.640644
2018-10-16,25.320330,23.902267,20.590414,20.035547,11.648389
2018-10-17,25.392616,23.861391,20.441149,19.978811,11.648389
2018-10-18,25.157675,23.607985,20.026522,19.816715,11.648389
2018-10-19,25.184782,23.795996,20.275297,19.905869,11.640644
2018-10-22,25.085379,23.665205,20.466026,19.816715,11.640644
2018-10-23,24.904654,23.403618,20.217245,19.654621,11.663863
2018-10-24,24.064251,22.643391,19.528963,19.192631,11.656123
2018-10-25,24.552221,22.962200,19.868961,19.208845,11.648389
2018-10-26,24.118471,22.896801,19.719698,19.152105,11.702562
2018-10-29,24.064251,22.831409,19.437752,18.957586,11.692477
2018-10-30,24.461861,23.052118,19.752867,19.176416,11.661440
2018-10-31,24.823318,23.379101,20.084568,19.346622,11.622648
2018-11-01,24.940790,23.575285,20.640165,19.516832,11.645919
2018-11-02,24.823318,23.624332,20.797731,19.476301,11.599369
2018-11-05,24.967901,23.624332,20.864067,19.597881,11.622648
2018-11-06,25.166706,23.755125,20.814312,19.703247,11.614887
2018-11-07,25.663713,24.041237,21.237234,19.800507,11.638166
2018-11-08,25.663713,23.918615,20.756262,19.768085,11.630405
2018-11-09,25.537207,23.795996,20.474318,19.678930,11.676960
2018-11-12,25.094416,23.469017,20.242125,19.533039,11.638166
2018-11-13,25.094416,23.542585,20.474318,19.500622,11.669197
2018-11-14,24.850422,23.567112,20.573828,19.516832,11.692477
2018-11-15,25.004047,23.526236,20.930410,19.533039,11.707996
2018-11-16,25.067299,23.444489,20.996746,19.549255,11.731269
2018-11-19,24.633558,23.297354,20.689924,19.443884,11.731269
2018-11-20,24.470896,23.166563,20.490900,19.192631,11.723513
2018-11-21,24.488970,23.370926,20.739681,19.476301,11.723513
2018-11-22,24.534151,23.199259,20.499195,19.460098,11.700236
2018-11-23,24.353422,23.256483,20.366512,19.338522,11.723513
2018-11-26,24.714876,23.575285,20.739681,19.379042,11.707996
2018-11-27,24.823318,23.558935,20.955288,19.297993,11.731269
2018-11-28,25.338404,23.828697,21.419666,19.557356,11.728938
2018-11-29,25.320330,23.746948,21.311867,19.622200,11.728938
2018-11-30,25.555279,23.657034,21.195766,19.614092,11.736718
2018-12-03,25.645641,23.836868,21.577232,19.711349,11.767827
2018-12-04,24.904654,23.281002,21.204062,19.460098,11.814492
2018-12-05,25.121521,23.583464,21.336746,19.614092,11.830049
2018-12-06,24.995014,23.305527,21.179184,19.306103,11.837823
2018-12-07,24.407639,22.962200,20.698212,19.143999,11.845608
2018-12-10,24.597408,22.994898,20.623587,19.038635,11.853379
2018-12-11,24.561258,22.937674,20.764559,18.973801,11.837823
2018-12-12,24.615479,23.231956,21.029919,19.111578,11.822268
2018-12-13,24.570295,23.191084,21.046503,19.079165,11.783379
2018-12-14,24.145584,22.896801,20.797731,18.876535,11.814492
2018-12-17,23.693754,22.733313,20.607000,18.584757,11.837823
2018-12-18,23.820265,22.913151,20.839186,18.665808,11.884489
2018-12-19,23.522058,22.676094,20.490900,18.446970,11.923377
2018-12-20,22.988909,22.569818,20.673342,18.301077,11.900046
2018-12-21,22.808176,22.357283,20.689924,18.057934,11.868938
2018-12-24,22.256945,22.152922,20.507490,17.855305,11.900046
2018-12-27,23.395548,22.741488,20.897240,18.341606,11.905501
2018-12-28,23.499224,22.956863,21.165834,18.446039,11.905501
2018-12-31,23.726576,23.088892,21.038738,18.592882,11.928894
2019-01-02,23.653822,22.874342,21.030268,18.601042,11.952281
2019-01-03,22.953573,22.461748,20.521879,18.413401,11.999067
2019-01-04,23.571974,23.039381,21.030268,18.715256,11.952281
2019-01-07,23.581070,22.989866,20.928589,18.805004,11.944492
2019-01-08,23.799330,23.072386,20.920116,18.943691,11.936691
2019-01-09,23.808420,23.212671,21.182781,19.204762,11.928894
2019-01-10,23.963022,23.361206,21.369186,19.327135,11.928894
2019-01-11,24.008492,23.278690,21.318354,19.376085,11.936691
2019-01-14,23.881178,23.113651,21.174307,19.425034,11.944492
2019-01-15,24.108528,23.245680,21.309877,19.522936,11.928894
2019-01-16,24.199471,23.303446,21.521706,19.596355,11.928894
2019-01-17,24.390448,23.369457,21.640333,19.726894,11.921098
2019-01-18,24.726927,23.658276,21.750481,19.865587,11.913300
2019-01-21,24.917904,23.650026,21.716587,19.865587,11.936691
2019-01-22,24.445009,23.460230,21.453920,19.759525,11.967879
2019-01-23,24.535955,23.534498,21.674223,19.743212,11.967879
2019-01-24,24.572332,23.584009,21.894524,19.841110,11.983478
2019-01-25,24.581427,23.559254,21.962307,19.930855,11.983478
2019-01-28,24.454103,23.542746,21.784369,19.963490,11.983478
2019-01-29,24.472290,23.641771,21.869102,20.110331,11.991292
2019-01-30,24.563238,23.666523,22.089403,20.102177,12.006921
2019-01-31,24.826962,23.650026,22.258865,20.200079,12.053826
2019-02-01,24.690554,23.534498,22.021618,20.159286,12.014739
2019-02-04,24.917904,23.683033,22.106352,20.265347,12.030374
2019-02-05,25.081600,23.889330,22.411385,20.395878,12.038188
2019-02-06,25.181637,23.889330,22.250391,20.412197,12.053826
2019-02-07,25.117975,23.740795,22.191080,20.404036,12.085093
2019-02-08,25.063410,23.592260,22.013147,20.314299,12.085093
2019-02-11,25.208914,23.600512,22.030090,20.224552,12.061642
2019-02-12,25.390802,23.773802,22.106352,20.322451,12.069461
2019-02-13,25.522665,23.815062,21.953838,20.306137,12.053826
2019-02-14,25.536306,23.872826,22.072460,20.412197,12.092913
2019-02-15,25.745468,24.153391,21.945362,20.599836,12.108546
2019-02-19,25.718189,24.202900,22.072460,20.714056,12.108546
2019-02-20,25.709093,24.219408,22.140240,20.844587,12.108546
2019-02-21,25.700008,24.186401,22.165665,20.820112,12.100724
2019-02-22,25.727283,24.186401,22.258865,20.828272,12.100724
2019-02-25,25.827312,24.310175,22.597792,20.893539,12.116365
2019-02-26,25.754566,24.409201,22.496113,20.901697,12.139872
2019-02-27,25.700008,24.301926,22.292759,20.918013,12.116364
2019-02-28,25.654530,24.260668,22.021618,20.836430,12.100685
2019-03-01,26.118330,24.677389,22.241920,20.918013,12.100685
2019-03-04,26.027388,24.615498,22.335125,20.893539,12.124198
2019-03-05,26.063763,24.722773,22.606264,20.958813,12.132032
2019-03-06,26.009201,24.797045,22.631685,20.958813,12.179062
2019-03-07,25.863695,24.532980,22.267340,20.909853,12.226088
2019-03-08,25.709093,24.384443,22.055510,20.844587,12.202569
2019-03-11,26.063763,24.607244,22.445276,20.991440,12.226088
2019-03-12,26.045576,24.532980,22.496113,21.024069,12.249592
2019-03-13,26.109240,24.615498,22.385963,21.056704,12.241759
2019-03-14,26.145609,24.648510,22.352068,20.983282,12.233914
2019-03-15,26.236555,24.896063,22.665575,21.048544,12.273108
2019-03-18,26.409338,25.028101,22.919769,21.203550,12.280942
2019-03-19,26.272934,24.995089,22.851982,21.130131,12.280942
2019-03-20,26.181984,24.978586,22.877403,21.105656,12.320129
2019-03-21,26.618511,25.151873,23.063810,21.203550,12.320129
2019-03-22,26.191084,24.739277,22.479172,20.999596,12.390663
2019-03-25,26.134468,24.706270,22.487640,20.969193,12.422015
2019-03-26,26.262310,24.863058,22.513056,21.084227,12.422015
2019-03-27,26.207520,24.896063,22.352068,21.051361,12.445584
2019-03-28,26.390152,24.887814,22.530008,21.117100,12.422013
2019-03-29,26.408415,24.838303,22.623213,21.043146,12.374870
2019-04-01,26.618441,25.061106,22.885881,21.207478,12.327729
2019-04-02,26.664095,25.085857,22.843513,21.256781,12.343447
2019-04-03,26.746283,25.308661,23.038395,21.273218,12.327729
2019-04-04,26.828463,25.292158,23.199383,21.322517,12.343447
2019-04-05,27.020229,25.366426,23.402739,21.421118,12.343447
2019-04-08,26.892387,25.275654,23.258694,21.445770,12.312014
2019-04-09,26.709755,25.094110,23.258694,21.371820,12.304159
2019-04-10,26.846725,25.226143,23.368843,21.445770,12.327729
2019-04-11,26.956305,25.250896,23.207859,21.462204,12.304159
2019-04-12,27.075016,25.358173,23.309530,21.552589,12.272732
2019-04-15,27.129805,25.490200,23.267166,21.601887,12.296302
2019-04-16,27.111549,25.490200,23.402739,21.585457,12.272732
2019-04-17,27.020229,25.531462,23.453573,21.642965,12.264871
2019-04-18,27.120680,25.547968,23.478991,21.716923,12.296302
2019-04-22,27.075016,25.465448,23.309530,21.684055,12.272732
2019-04-23,27.485943,25.679996,23.495943,21.807304,12.304159
2019-04-24,27.586388,25.613985,23.258694,21.708702,12.367015
2019-04-25,27.540722,25.580975,23.267166,21.692268,12.359159
2019-04-26,27.595510,25.630486,23.250223,21.749788,12.374911
2019-04-29,27.641169,25.696503,23.292589,21.741571,12.351281
2019-04-30,27.540722,25.679996,23.165491,21.708702,12.367034
2019-05-01,27.422014,25.597479,23.089233,21.601887,12.382784
2019-05-02,27.422014,25.564474,23.190908,21.486849,12.311893
2019-05-03,27.641169,25.721258,23.385792,21.610100,12.335525
2019-05-06,27.558989,25.531462,22.953659,21.593670,12.351281
2019-05-07,27.148062,25.143623,22.546953,21.429331,12.398540
2019-05-08,27.129805,25.184885,22.589317,21.486849,12.382784
2019-05-09,27.029356,25.011591,22.224976,21.380032,12.398540
2019-05-10,26.974573,25.085857,22.178370,21.347164,12.374911
2019-05-13,26.481468,24.623751,21.547125,21.215696,12.422174
2019-05-14,26.700623,24.830050,21.843681,21.355379,12.406421
2019-05-15,26.801071,24.904316,21.852158,21.404690,12.430054
2019-05-16,27.047619,25.110613,21.775900,21.552589,12.430054
2019-05-17,26.892387,24.937328,21.386133,21.511499,12.430054
2019-05-21,26.810198,24.904316,21.479340,21.569017,12.374911
2019-05-22,26.773674,24.838303,21.453920,21.421118,12.390661
2019-05-23,26.508865,24.673258,21.225149,21.191051,12.453680
2019-05-24,26.517988,24.879562,21.199726,21.297867,12.477315
2019-05-27,26.618441,24.904316,21.352243,21.429331,12.500941
2019-05-28,26.390152,24.764036,21.343769,21.330736,12.516704
2019-05-29,26.234915,24.673258,21.513233,21.158180,12.516697
2019-05-30,26.244045,24.714523,21.631859,21.117100,12.524593
2019-05-31,25.960974,24.524727,21.750481,21.067791,12.564081
2019-06-03,25.750942,24.491722,21.750481,21.010277,12.619363
2019-06-04,26.234915,24.722773,21.775900,21.215696,12.603565
2019-06-05,26.490597,24.780535,21.614912,21.281431,12.619363
2019-06-06,26.536255,24.780535,21.589491,21.314299,12.603565
2019-06-07,26.600176,24.912569,21.648800,21.363602,12.619363
2019-06-10,26.728022,24.920820,21.818262,21.306084,12.587771
2019-06-11,26.755411,25.085857,22.072460,21.355379,12.571979
2019-06-12,26.791933,25.011591,21.886045,21.322517,12.595667
2019-06-13,26.883251,25.019844,21.835218,21.347164,12.635151
2019-06-14,27.065887,25.011591,21.767427,21.445770,12.650945
2019-06-17,27.011093,24.937328,21.801317,21.503286,12.658843
2019-06-18,27.239388,25.209637,22.250391,21.708702,12.674637
2019-06-19,27.156866,25.221403,22.281088,21.713675,12.682533
2019-06-20,27.211882,25.255009,22.443104,21.796516,12.690432
2019-06-21,27.184370,25.208805,22.383417,21.713675,12.666743
2019-06-24,27.046846,25.187796,22.323727,21.738531,12.682533
2019-06-25,26.744284,25.011364,22.084969,21.547985,12.690432
2019-06-26,26.615936,24.952551,22.221401,21.465143,12.642936
2019-06-27,26.735121,24.969355,22.289618,21.481710,12.674599
2019-06-28,26.881813,25.154190,22.246983,21.572838,12.698349
2019-07-02,27.156866,25.351624,22.502790,21.688820,12.690432
2019-07-03,27.184370,25.439840,22.426054,21.837944,12.714183
2019-07-04,27.276056,25.439840,22.545429,21.854513,12.706266
2019-07-05,27.248552,25.246605,22.229931,21.796516,12.619174
2019-07-08,27.193541,25.162594,22.170238,21.705387,12.611260
2019-07-09,27.285225,25.070171,22.157448,21.804808,12.619174
2019-07-10,27.303560,25.107979,22.255514,21.837944,12.619174
2019-07-11,27.266888,25.070171,22.195822,21.804808,12.587514
2019-07-12,27.367737,25.036570,22.153185,21.746809,12.595433
2019-07-15,27.386080,25.112179,22.264040,21.771666,12.611260
2019-07-16,27.395245,25.019760,22.264040,21.755098,12.603347
2019-07-17,27.156866,24.960953,22.144657,21.730246,12.658763
2019-07-18,27.193541,25.002960,22.272564,21.755098,12.674599
2019-07-19,27.138529,24.986160,22.178768,21.738531,12.674599
2019-07-22,27.285225,25.128984,22.289618,21.779951,12.698349
2019-07-23,27.532772,25.322216,22.340780,21.854513,12.690432
2019-07-24,27.697805,25.372625,22.366364,21.920788,12.722099
2019-07-25,27.587784,25.120581,22.212877,21.746809,12.714183
2019-07-26,27.807823,25.212999,22.272564,21.813091,12.706266
2019-07-29,27.725311,25.179398,22.204346,21.763384,12.698329
2019-07-30,27.661131,24.893744,21.991175,21.738531,12.682459
2019-07-31,27.505266,24.834932,21.837685,21.655685,12.698329
2019-08-01,27.239384,24.750912,21.402811,21.630831,12.753881
2019-08-02,27.001009,24.566084,21.249321,21.481710,12.801506
2019-08-06,26.698448,24.288834,20.848553,21.316017,12.888803
2019-08-07,26.799297,24.456861,21.010569,21.473427,12.912615
2019-08-08,27.129364,24.557684,21.146997,21.647396,12.904675
2019-08-09,26.918486,24.347643,20.925297,21.564552,12.872931
2019-08-12,26.661770,24.146002,20.686541,21.440281,12.928489
2019-08-13,27.010166,24.356039,20.899715,21.581125,12.912615
2019-08-14,26.432564,23.893957,20.481890,21.200031,12.976103
2019-08-15,26.496744,23.952768,20.609795,21.158611,13.039594
2019-08-16,26.817636,24.137604,20.831499,21.340870,12.999919
2019-08-19,27.248552,24.372849,21.002037,21.547985,12.960231
2019-08-20,27.001009,24.288834,21.019093,21.432001,12.960231
2019-08-21,27.138529,24.440058,21.164055,21.531410,12.904675
2019-08-22,27.202711,24.414858,20.925297,21.481710,12.841187
2019-08-23,26.340879,24.103998,20.592743,21.208319,12.920550
2019-08-26,26.579256,24.230019,20.635378,21.307732,12.896739
2019-08-27,26.579256,24.314035,20.780338,21.398867,12.976103
2019-08-28,26.799297,24.272024,20.805918,21.514847,12.984063
2019-08-29,27.111023,24.465265,21.019093,21.680536,12.968147
2019-08-30,27.202711,24.616488,21.198162,21.755098,12.960199
2019-09-03,27.001009,24.566084,21.129946,21.688820,12.976104
2019-09-04,27.083525,24.717310,21.309010,21.771666,12.976104
2019-09-05,27.468596,24.885338,21.556293,21.937357,12.864719
2019-09-06,27.376907,24.851736,21.556293,21.887650,12.848810
2019-09-09,27.386080,24.868534,21.590401,21.854513,12.801075
2019-09-10,27.312731,24.868534,21.564821,21.904211,12.729474
2019-09-11,27.679472,25.120581,21.795050,21.995346,12.721514
2019-09-12,27.844505,25.280207,22.025280,22.053335,12.689692
2019-09-13,27.972860,25.540655,22.229931,22.127899,12.649913
2019-09-16,27.798653,25.263409,21.974123,22.185892,12.697647
2019-09-17,27.881174,25.397831,21.999697,22.301870,12.729474
2019-09-18,27.945351,25.372625,21.948534,22.277016,12.761292
2019-09-19,27.899509,25.431444,21.820637,22.351583,12.777208
2019-09-20,27.798653,25.414635,21.880322,22.384718,12.816985
2019-09-23,27.771147,25.288612,21.863268,22.359869,12.832901
2019-09-24,27.446945,25.187796,21.624512,22.258804,12.896544
2019-09-25,27.677206,25.179398,21.667147,22.258804,12.809032
2019-09-26,27.603519,25.280207,21.650091,22.258804,12.832961
2019-09-27,27.373264,25.137386,21.317537,22.150221,12.832961
2019-09-30,27.520626,25.229799,21.445444,22.125170,12.840930
2019-10-01,27.124580,24.960953,21.274904,21.841190,12.832961
2019-10-02,26.866693,24.641695,21.274904,21.682493,12.880810
2019-10-03,27.069317,24.784519,21.530714,21.749317,12.928663
2019-10-04,27.446945,25.002960,21.615986,21.849539,12.952589
2019-10-07,27.336424,24.944149,21.419867,21.799425,12.912713
2019-10-08,26.921955,24.750912,21.309010,21.640739,12.904742
2019-10-09,27.189054,24.960953,21.471025,21.766018,12.872841
2019-10-10,27.244314,25.011364,21.633038,21.832838,12.793077
2019-10-11,27.382473,25.305414,21.812105,21.799425,12.737249
2019-10-15,27.603519,25.498650,21.914433,21.816132,12.697369
2019-10-16,27.566683,25.515455,21.965591,21.824480,12.697369
2019-10-17,27.548265,25.481850,21.948534,21.832838,12.697369
2019-10-18,27.410107,25.423037,21.854742,21.766018,12.721295
2019-10-21,27.483795,25.498650,21.965591,21.816132,12.713319
2019-10-22,27.456152,25.507055,22.008224,21.799425,12.737249
2019-10-23,27.456152,25.557463,22.008224,21.724260,12.745223
2019-10-24,27.492998,25.599470,22.008224,21.774374,12.729273
2019-10-25,27.594311,25.557463,22.102026,21.824480,12.713319
2019-10-28,27.778519,25.666679,22.238455,21.791075,12.625588
2019-10-29,27.824568,25.742294,22.170238,21.841190,12.649575
2019-10-30,28.036411,25.985943,22.383417,21.966471,12.761518
2019-10-31,27.916677,25.927130,22.229931,21.933062,12.801500
2019-11-01,28.165358,26.103558,22.511320,22.083401,12.785509
2019-11-04,28.294302,26.246389,22.750076,22.166925,12.721539
2019-11-05,28.340353,26.263187,22.886507,22.191984,12.665567
2019-11-06,28.349566,26.271591,22.852400,22.275509,12.721539
2019-11-07,28.414038,26.372410,22.997358,22.359032,12.673565
2019-11-08,28.607454,26.431219,22.890772,22.450905,12.705552
2019-11-11,28.552193,26.397617,22.733021,22.459249,12.705552
2019-11-12,28.625877,26.397617,22.605118,22.509373,12.689556
2019-11-13,28.671926,26.355606,22.426054,22.576183,12.737533
2019-11-14,28.690351,26.296799,22.477213,22.609598,12.801500
2019-11-15,28.837715,26.431219,22.639227,22.676424,12.809496
2019-11-18,28.810085,26.414419,22.536900,22.668066,12.809496
2019-11-19,28.966658,26.532043,22.698915,22.659712,12.849471
2019-11-20,28.939030,26.439619,22.647751,22.659712,12.881461
2019-11-21,28.810085,26.364008,22.571007,22.651358,12.841480
2019-11-22,28.911398,26.431219,22.588068,22.584545,12.849471
2019-11-25,29.196915,26.641260,22.826820,22.701473,12.849471
2019-11-26,29.187708,26.599255,22.724493,22.709826,12.881461
2019-11-27,29.344284,26.700068,22.758606,22.793350,12.857410
2019-11-28,29.381124,26.632854,22.715969,22.843466,12.865424
2019-11-29,29.353495,26.464827,22.485743,22.743233,12.873442
2019-12-02,29.012711,26.406019,22.417524,22.643007,12.825350
2019-12-03,28.819290,26.296799,22.315199,22.551134,12.881456
2019-12-04,28.791664,26.372410,22.323727,22.534426,12.809314
2019-12-05,28.773235,26.296799,22.383417,22.492668,12.753206
2019-12-06,29.215334,26.700068,22.673332,22.676424,12.777253
2019-12-09,29.086401,26.532043,22.511320,22.626299,12.753206
2019-12-10,29.040344,26.532043,22.571007,22.626299,12.753206
2019-12-11,29.012711,26.548841,22.792711,22.626299,12.769238
2019-12-12,29.289022,26.716877,23.193481,22.643007,12.705111
2019-12-13,29.289022,26.926912,23.133791,22.701473,12.777253
2019-12-16,29.399546,27.111746,23.253176,22.784994,12.761222
2019-12-17,29.417967,27.010929,23.508982,22.810053,12.761222
2019-12-18,29.316652,26.842896,23.500452,22.759939,12.737178
2019-12-19,29.454811,26.851299,23.526037,22.793350,12.769238
2019-12-20,29.694281,26.968920,23.602779,22.851820,12.809314
2019-12-23,29.685070,27.002527,23.645414,22.876875,12.793283
2019-12-24,29.703487,27.010929,23.585724,22.960390,12.801303
2019-12-27,29.657433,27.052935,23.773317,22.935337,12.817369
2019-12-30,29.451960,26.811125,23.544071,22.875601,12.777197
2019-12-31,29.368662,26.751734,23.465616,22.825123,12.745049
2020-01-02,29.581541,27.006271,23.971189,22.875601,12.777197
2020-01-03,29.451960,26.726280,23.544071,22.825123,12.849516
2020-01-06,29.433445,26.726280,23.430750,22.892433,12.817369
2020-01-07,29.479729,26.760220,23.491766,22.976559,12.809337
2020-01-08,29.674099,26.895969,23.674822,22.976559,12.777197
2020-01-09,29.924002,27.014755,23.910172,23.085932,12.793265
2020-01-10,29.831450,26.895969,24.006060,23.102760,12.817369
2020-01-13,30.025820,27.023239,24.346016,23.170069,12.809337
2020-01-14,30.025820,27.057175,24.189112,23.245785,12.825407
2020-01-15,30.025820,27.006271,24.014774,23.321503,12.865587
2020-01-16,30.294233,27.129293,24.154238,23.414055,12.849516
2020-01-17,30.442326,27.201412,24.346016,23.515005,12.841479
2020-01-20,30.507118,27.235353,24.232693,23.565485,12.849516
2020-01-21,30.368273,27.057175,23.761988,23.548660,12.889695
2020-01-22,30.562658,27.243837,24.075794,23.573902,12.945950
2020-01-23,30.562658,27.167473,23.857872,23.607555,12.978090
2020-01-24,30.294233,27.091116,23.648668,23.540253,13.026308
2020-01-27,29.933262,26.590528,22.960045,23.380398,13.098631
2020-01-28,30.229450,26.828091,23.134380,23.464529,13.042382
2020-01-29,30.247963,26.862036,23.265131,23.472940,13.066548
2020-01-30,30.275726,26.845064,22.899027,23.464529,13.066548
2020-01-31,29.849957,26.454773,22.506769,23.237375,13.090714
2020-02-03,30.220192,26.649921,22.846722,23.296263,13.106829
2020-02-04,30.636703,27.048695,23.430750,23.481354,13.066548
2020-02-05,30.979166,27.345650,23.552786,23.674860,13.026269
2020-02-06,31.071724,27.388071,23.578936,23.792648,13.050437
2020-02-07,30.905113,27.158993,23.256414,23.666449,13.090714
2020-02-10,31.164284,27.277775,23.439470,23.792648,13.122941
2020-02-11,31.229076,27.388071,23.657387,23.843128,13.074603
2020-02-12,31.330894,27.413528,23.892738,23.918844,13.034322
2020-02-13,31.312376,27.243837,23.605085,23.902016,13.034322
2020-02-14,31.303120,27.184443,23.561502,23.960913,13.074603
2020-02-18,31.266096,26.972334,23.448183,23.986153,13.106829
2020-02-19,31.358643,27.057175,23.578936,24.061869,13.090714
2020-02-20,31.340157,26.955366,23.282566,24.078691,13.130995
2020-02-21,30.923639,26.734762,23.116945,23.960913,13.179328
2020-02-24,30.081350,25.843887,22.323715,23.573902,13.227663
2020-02-25,29.165030,25.419657,22.192966,23.060698,13.195443
2020-02-26,29.063215,25.496023,22.341150,22.875601,13.155066
2020-02-27,28.767029,25.266937,22.314997,22.497007,13.163138
2020-02-28,27.776663,24.622114,21.966330,21.882845,13.155066
2020-03-02,28.776287,24.961498,22.262701,22.253025,13.171213
2020-03-03,28.091356,24.783325,22.184248,22.059515,13.316570
2020-03-04,29.276096,25.563900,22.567785,22.564306,13.316570
2020-03-05,28.248709,24.893623,22.131947,22.244608,13.397328
2020-03-06,27.832195,24.579693,21.730976,21.765059,13.518463
2020-03-09,26.147638,23.128839,20.589077,19.501892,13.558845
2020-03-10,27.517496,24.096077,21.739693,20.124470,13.470005
2020-03-11,26.156889,22.848846,20.728544,19.182184,13.260044
2020-03-12,23.824429,20.490149,18.775986,16.860138,12.727058
2020-03-13,25.786663,21.686464,20.031199,18.425001,12.872419
2020-03-16,23.148762,19.599268,17.747398,16.641394,12.355579
2020-03-17,24.620428,20.838015,19.176954,17.095703,12.541321
2020-03-18,23.759636,19.913200,17.869432,15.917850,11.321913
2020-03-19,24.018806,20.337425,18.000185,16.405815,12.234448
2020-03-20,22.908104,19.981075,18.000185,16.001986,12.299053
2020-03-23,22.510109,19.938656,17.773548,15.118596,12.307130
2020-03-24,24.352016,21.465868,18.898018,16.935858,12.371732
2020-03-25,24.313889,21.771313,19.229254,17.648605,12.630150
2020-03-26,25.550508,22.484015,19.813276,18.022840,12.517096
2020-03-27,24.564938,21.788280,18.619078,17.112764,12.614251
2020-03-30,25.578398,22.458565,19.124653,17.606077,12.670931
2020-03-31,25.048424,22.161602,19.142084,18.014332,12.776179
2020-04-01,24.211617,21.440414,18.575497,17.418955,12.670931
2020-04-02,24.648615,21.745861,19.124653,17.699638,12.865240
2020-04-03,24.174423,21.219820,18.697529,17.512514,12.857143
2020-04-06,25.820143,22.246447,19.656372,18.371553,12.832856
2020-04-07,25.634186,22.212509,19.673811,18.405577,12.768085
2020-04-08,26.601160,22.458565,19.883011,18.839355,12.792373
2020-04-09,26.973076,22.891273,19.752262,19.179565,12.897626
2020-04-13,26.443100,22.492496,19.595358,19.043476,12.946208
2020-04-14,27.279907,22.993084,20.100933,19.290133,12.970498
2020-04-15,27.010273,22.534922,19.891731,18.907391,13.229578
2020-04-16,27.149742,22.594311,20.031199,18.788322,13.237681
2020-04-17,27.726202,23.086414,20.345003,19.426218,13.261967
2020-04-20,27.512358,22.882788,20.222967,19.460243,13.229578
2020-04-21,26.759228,22.560375,19.769697,18.873369,13.270059
2020-04-22,27.317099,22.916727,20.292702,19.349672,13.237681
2020-04-23,27.131142,22.704609,20.083502,19.298639,13.245772
2020-04-24,27.549545,22.976118,20.083502,19.519775,13.278159
2020-04-27,27.949348,23.145811,20.414740,19.817465,13.261967
2020-04-28,27.763397,23.256107,20.397305,20.021599,13.294432
2020-04-29,28.358461,23.688816,20.798279,20.616968,13.310663
2020-04-30,28.060921,23.307013,20.362438,20.038607,13.375595
2020-05-01,27.521654,23.035509,19.926598,19.800455,13.432407
2020-05-04,27.670422,23.052475,20.196817,19.945047,13.391822
2020-05-05,27.902866,23.043995,20.249119,20.064125,13.408060
2020-05-06,27.893568,23.027025,20.327568,20.098145,13.351247
2020-05-07,27.902866,23.162779,20.275269,20.098145,13.399947
2020-05-08,28.330566,23.442768,20.580357,20.285265,13.383710
2020-05-11,28.535118,23.595486,20.589077,20.472376,13.351247
2020-05-12,28.005140,23.323984,20.667522,20.140669,13.367478
2020-05-13,27.503054,23.171259,20.571642,19.638853,13.335015
2020-05-14,27.642523,22.933695,20.580357,19.681381,13.367478
2020-05-15,27.874969,23.035509,20.397305,19.859995,13.391822
2020-05-19,28.237585,23.349436,20.737259,20.191700,13.343127
2020-05-20,28.655987,23.756691,20.946466,20.344793,13.391822
2020-05-21,28.563011,23.629427,20.806997,20.208714,13.383710
2020-05-22,28.730371,23.663363,20.475758,20.225721,13.424292
2020-05-25,29.185966,24.104561,20.902878,20.472376,13.456753
2020-05-26,28.758261,23.973049,20.641376,20.557436,13.440524
2020-05-27,29.139482,24.189405,20.650089,20.727535,13.440526
2020-05-28,29.120882,24.494852,20.571642,20.727535,13.424249
2020-05-29,29.176666,24.359097,20.894159,20.591455,13.440526
2020-06-01,28.916328,24.537270,21.007479,20.693512,13.448661
2020-06-02,29.037201,24.723930,21.443319,20.914652,13.440526
2020-06-03,29.437010,25.249971,21.905308,21.161316,13.407978
2020-06-04,29.381226,25.131191,21.604578,21.101774,13.375438
2020-06-05,30.050667,25.445118,22.088367,21.552563,13.326622
2020-06-08,30.208733,25.563900,22.053495,21.714159,13.391709
2020-06-09,30.106453,25.339060,22.036060,21.527040,13.448661
2020-06-10,29.836817,25.275425,22.175529,21.348429,13.513749
2020-06-11,28.497929,24.299706,21.364870,20.463869,13.521882
2020-06-12,28.841948,24.706963,21.704824,20.770063,13.538157
2020-06-15,29.009310,24.706963,21.504339,20.889135,13.603242
2020-06-16,29.492796,25.037861,21.643806,21.118782,13.578837
2020-06-17,29.483498,25.131191,21.844290,20.999710,13.619515
2020-06-18,29.529991,25.105736,21.940176,21.067757,13.627650
2020-06-19,29.446306,24.953009,21.922743,21.033730,13.627650
2020-06-22,29.418415,25.097250,22.044779,21.118782,13.643922
2020-06-23,29.595072,25.275425,22.306288,21.212343,13.635784
2020-06-24,28.935581,24.800539,22.141232,20.799614,13.603242
2020-06-25,29.271387,25.126863,22.237804,21.031288,13.627650
2020-06-26,28.665071,24.791952,22.044662,20.662319,13.635806
2020-06-29,29.131468,25.006639,22.123672,20.979805,13.652120
2020-06-30,29.383327,24.783365,21.921751,21.142839,13.668427
2020-07-02,29.597878,25.126863,22.676764,21.271553,13.652120
2020-07-03,29.672493,25.169800,22.887466,21.228647,13.660272
2020-07-06,29.980322,25.504709,23.528351,21.365942,13.676580
2020-07-07,29.793758,25.290022,23.291313,21.262970,13.709206
2020-07-08,29.803089,25.264263,23.668819,21.305876,13.643959
2020-07-09,29.821749,25.135450,23.791731,21.237226,13.652120
2020-07-10,30.148224,25.384487,23.651260,21.443161,13.660272
2020-07-13,29.868382,25.238499,23.633701,21.331615,13.676580
2020-07-14,30.306803,25.633520,23.660042,21.709166,13.692894
2020-07-15,30.344116,25.745157,23.493233,21.906523,13.692894
2020-07-16,30.428068,25.702221,23.308872,21.855040,13.749982
2020-07-17,30.558664,25.831030,23.458118,22.009491,13.749982
2020-07-20,30.717234,25.839619,23.703938,22.078136,13.758142
2020-07-21,30.549332,25.839619,23.774170,22.052393,13.782601
2020-07-22,30.661268,25.813860,23.581024,22.069553,13.766289
2020-07-23,30.325457,25.599174,23.405443,21.863619,13.766289
2020-07-24,30.138897,25.461773,23.396662,21.829296,13.782601
2020-07-27,30.232178,25.702221,23.624926,22.060972,13.766289
2020-07-28,30.064276,25.581995,23.466898,22.018070,13.815225
2020-07-29,30.404751,25.753746,23.782951,22.249754,13.807048
2020-07-30,30.530672,25.659283,23.712719,22.258329,13.831577
2020-07-31,30.577314,24.843477,23.379105,22.069553,13.856096
2020-08-04,30.745216,25.444599,23.774170,22.352718,13.896973
2020-08-05,30.894474,25.470358,23.976093,22.532909,13.864268
2020-08-06,31.136999,25.564819,24.116560,22.644464,13.888800
2020-08-07,31.351536,25.616344,23.782951,22.601555,13.872444
2020-08-10,31.407513,25.633520,23.791731,22.670206,13.847925
2020-08-11,31.071711,25.685051,23.646870,22.532909,13.766180
2020-08-12,31.365534,26.088655,23.844406,22.653042,13.725305
2020-08-13,31.230284,25.908316,23.677597,22.592978,13.684431
2020-08-14,31.290918,25.822447,23.703938,22.592978,13.684431
2020-08-17,31.258268,25.891144,23.879520,22.773174,13.717130
2020-08-18,31.230284,25.856796,23.818066,22.730268,13.749825
2020-08-19,31.202291,25.839619,23.642485,22.670206,13.725305
2020-08-20,31.202291,25.719397,23.475676,22.713108,13.741655
2020-08-21,31.304901,25.581995,23.572252,22.584400,13.749825
2020-08-24,31.701334,25.968431,23.940977,22.730268,13.749825
2020-08-25,31.696676,25.908316,24.116560,22.738850,13.708953
2020-08-26,31.920553,26.028545,24.125336,22.961948,13.684431
2020-08-27,31.939209,25.702221,23.905861,22.884722,13.651652
2020-08-28,32.060474,25.843914,24.160458,22.867561,13.651652
2020-08-31,31.845924,25.581995,23.572252,22.575815,13.676237
2020-09-01,32.177074,25.633520,23.967312,22.781750,13.741790
2020-09-02,32.638817,25.977020,23.897076,22.858976,13.790955
2020-09-03,31.659367,25.504709,23.624926,22.515749,13.782756
2020-09-04,31.230284,25.418837,23.493233,22.206844,13.725401
2020-09-08,30.791855,25.427422,23.396662,22.035231,13.758179
2020-09-09,31.183645,25.719397,23.572252,22.438526,13.749986
2020-09-10,30.829170,25.530472,23.273754,22.172525,13.766366
2020-09-11,30.735897,25.753746,23.493233,22.224007,13.790955
2020-09-14,31.155659,25.882559,23.853184,22.429947,13.790955
2020-09-15,31.351536,26.054306,24.116560,22.507177,13.790955
2020-09-16,31.220951,26.062895,24.081446,22.335556,13.758179
2020-09-17,30.913128,26.037127,23.923418,22.275492,13.782756
2020-09-18,30.698572,25.934084,23.853184,22.198271,13.774569
2020-09-21,30.540001,25.504709,23.782951,21.923677,13.782756
2020-09-22,30.829170,25.504709,23.624926,22.129622,13.774569
2020-09-23,30.222857,25.444599,23.352770,21.709166,13.766366
2020-09-24,30.259342,25.375895,23.221077,21.812998,13.758179
2020-09-25,30.820738,25.517591,23.264977,22.037964,13.758179
2020-09-28,31.297924,25.873970,23.510796,22.280237,13.749963
2020-09-29,31.241781,25.882559,23.572252,22.245617,13.758181
2020-09-30,31.260508,25.581995,23.782951,22.133141,13.717108
2020-10-01,31.410206,25.736570,23.967312,22.228319,13.725324
2020-10-02,31.241781,25.749453,23.739052,22.236971,13.741753
2020-10-05,31.690907,26.011370,23.949759,22.539808,13.676038
2020-10-06,31.382145,25.848207,24.055101,22.297539,13.708898
2020-10-07,31.878038,26.011370,24.265808,22.565765,13.676038
2020-10-08,31.980963,26.054306,24.318485,22.721510,13.684258
2020-10-09,32.074516,26.045717,24.379938,22.764772,13.684258
2020-10-13,32.392658,25.934084,24.485287,22.695553,13.717108
2020-10-14,32.196167,25.925497,24.309704,22.609030,13.733538
2020-10-15,32.355225,25.762331,24.300926,22.678249,13.733538
2020-10-16,32.299088,25.831030,24.336039,22.600374,13.741753
2020-10-19,31.803183,25.719397,24.274588,22.384066,13.708898
2020-10-20,31.775114,25.719397,24.432611,22.358107,13.676038
2020-10-21,31.718964,25.659283,24.529184,22.306190,13.667825
2020-10-22,31.924822,25.633520,24.511629,22.375410,13.643189
2020-10-23,32.027737,25.805269,24.643314,22.444632,13.659616
2020-10-26,31.569273,25.461773,24.423836,22.115835,13.659616
2020-10-27,31.438278,25.204149,24.502844,22.046618,13.684258
2020-10-28,30.671030,24.740425,24.169239,21.440943,13.692490
2020-10-29,31.054653,24.852064,24.432611,21.570726,13.651320
2020-10-30,30.624247,24.740425,24.107782,21.458246,13.601918
2020-11-02,30.792660,24.852064,24.265808,21.605337,13.634853
2020-11-03,31.213717,25.290022,24.230692,21.951435,13.601918
2020-11-04,31.793827,25.539059,24.950590,22.020658,13.676023
2020-11-05,32.242943,26.011370,25.213964,22.427324,13.684258
2020-11-06,32.205521,26.054306,25.363214,22.427324,13.667788
2020-11-09,32.561077,26.758474,25.459782,22.669596,13.585453
2020-11-10,32.654633,26.986042,25.231524,22.877256,13.585453
2020-11-11,32.944687,27.290895,25.398335,23.093569,13.560750
2020-11-12,32.757561,27.024685,25.363214,22.842649,13.626616
2020-11-13,33.253464,27.428299,25.749502,22.981085,13.626616
2020-11-16,33.580944,27.642982,25.977760,23.275270,13.634853
2020-11-17,33.478031,27.600046,25.942640,23.344492,13.651320
2020-11-18,33.056973,27.454058,25.854851,23.266621,13.651320
2020-11-19,33.169254,27.565697,25.863628,23.309875,13.684258
2020-11-20,33.038258,27.703094,26.065552,23.456976,13.717187
2020-11-23,33.300243,27.685923,26.127007,23.552153,13.700724
2020-11-24,33.627731,27.960720,26.311371,23.811724,13.684258
2020-11-25,33.552876,27.883429,26.179680,23.880951,13.684258
2020-11-26,33.674511,27.857670,26.337708,23.924212,13.700724
2020-11-27,33.777443,28.201170,26.434284,24.002085,13.741987
2020-11-30,33.459305,27.514170,25.767057,23.768465,13.750239
2020-12-01,33.646450,27.995068,26.170898,23.854990,13.717231
2020-12-02,33.674511,27.973600,26.179680,23.950171,13.675960
2020-12-03,33.562241,27.892021,26.355270,24.002085,13.700726
2020-12-04,33.674511,27.943542,26.407942,24.175135,13.634692
2020-12-07,33.674511,27.758915,26.451838,24.253010,13.675960
2020-12-08,33.842934,27.883429,26.513296,24.348185,13.675960
2020-12-09,33.580944,27.934959,26.311371,24.253010,13.675960
2020-12-10,33.384453,27.771797,26.473785,24.296274,13.692469
2020-12-11,33.384453,27.780382,26.337708,24.227047,13.708978
2020-12-14,33.225395,27.737446,26.179680,24.010736,13.692469
2020-12-15,33.543518,27.917782,26.302586,24.192436,13.700726
2020-12-16,33.683872,28.166815,26.601084,24.261656,13.708978
2020-12-17,33.889713,28.312799,26.688879,24.391445,13.692469
2020-12-18,33.992641,28.347158,26.741552,24.201092,13.717231
2020-12-21,33.992641,28.132467,26.539631,24.183784,13.717231
2020-12-22,34.123627,28.192577,26.443058,24.244350,13.741987
2020-12-23,34.030067,28.390089,26.583529,24.296274,13.725481
2020-12-24,34.039417,28.278456,26.434284,24.356834,13.741987
2020-12-29,34.137661,28.682062,26.855684,24.244350,13.766809
2020-12-30,34.106651,28.652624,27.101416,24.289656,13.775082
2020-12-31,34.144238,28.392855,27.003832,24.106707,13.808175
2021-01-04,33.815304,28.583355,27.314325,24.246101,13.808175
2021-01-05,33.815304,28.635302,27.695780,24.490042,13.766809
2021-01-06,34.134842,28.990328,27.465128,24.672993,13.717167
2021-01-07,34.708141,29.029293,27.713526,24.960503,13.675800
2021-01-08,34.886715,29.302046,28.458708,24.969213,13.675800
2021-01-11,34.905510,29.102890,28.254667,24.838530,13.659259
2021-01-12,34.849113,29.102890,28.378862,24.890799,13.626163
2021-01-13,34.820930,29.042280,28.405476,24.855951,13.667526
2021-01-14,34.614162,29.076916,28.538546,24.864662,13.642708
2021-01-15,34.576569,28.886415,28.343380,24.803680,13.684072
2021-01-18,34.830322,29.189476,28.813547,24.873375,13.700621
2021-01-19,34.905510,29.111549,28.769194,24.882093,13.684072
2021-01-20,35.131069,29.094229,29.061937,24.960503,13.675800
2021-01-21,35.037094,29.120209,29.195011,24.829815,13.659259
2021-01-22,35.262646,29.172165,29.079679,24.733984,13.650984
2021-01-25,35.375431,29.137529,29.328077,24.829815,13.675800
2021-01-26,35.149876,29.068256,29.017586,24.664284,13.667526
2021-01-27,34.585957,28.643961,28.458708,24.176399,13.659235
2021-01-28,34.886715,28.903732,28.680485,24.481327,13.642650
2021-01-29,34.313408,28.280281,27.917559,24.089277,13.650943
2021-02-01,34.943096,28.782509,28.857901,24.559738,13.659235
2021-02-02,35.243862,28.929710,29.106298,24.812386,13.634355
2021-02-03,35.262646,28.981667,29.203878,24.864662,13.592889
2021-02-04,35.788952,29.076916,29.319202,25.038908,13.576303
2021-02-05,35.817150,29.172165,29.381304,25.169596,13.543127
2021-02-08,36.070911,29.302046,29.399044,25.439671,13.543127
2021-02-09,35.958138,29.362661,29.603083,25.535503,13.551423
2021-02-10,35.929928,29.271742,29.727283,25.605204,13.551423
2021-02-11,36.023914,29.457903,30.020027,25.526794,13.551423
2021-02-12,36.183689,29.639748,30.064386,25.622629,13.518245
2021-02-16,36.108505,29.817261,30.099867,25.674900,13.435313
2021-02-17,36.108505,29.648411,30.144226,25.518084,13.451900
2021-02-18,35.845345,29.414618,29.718409,25.369974,13.410435
2021-02-19,35.704376,29.388636,29.762764,25.535503,13.344085
2021-02-22,35.431816,29.319370,28.920004,25.587782,13.310914
2021-02-23,35.356625,29.302046,29.013151,25.457092,13.261153
2021-02-24,35.610390,29.180826,28.662741,25.674900,13.236206
2021-02-25,34.971306,28.947027,28.254667,25.308990,13.169699
2021-02-26,35.121681,28.834459,28.165955,25.056330,13.286093
2021-03-01,35.788952,29.189476,28.751453,25.448383,13.311035
2021-03-02,35.366035,29.042280,28.387733,25.587782,13.311035
2021-03-03,34.980701,28.938370,28.396599,25.457092,13.269465
2021-03-04,34.482594,28.695915,27.815542,25.204439,13.169699
2021-03-05,35.159271,28.877762,28.050631,25.561647,13.169699
2021-03-08,35.121681,28.773853,27.349808,25.657478,13.144753
2021-03-09,35.460014,29.085575,27.846590,25.849144,13.194639
2021-03-10,35.666775,29.180826,27.722393,25.997253,13.236206
2021-03-11,35.835949,29.128868,28.343380,26.206348,13.186322
2021-03-12,35.741970,29.059597,27.740139,26.232481,13.069926
2021-03-15,35.958138,29.085575,27.815542,26.371880,13.086554
2021-03-16,35.807758,29.120209,27.882078,26.258619,13.061612
2021-03-17,35.826557,29.180826,27.819981,26.406727,13.036669
2021-03-18,35.544601,29.198137,27.589331,26.241198,12.995099
2021-03-19,35.525803,29.206797,27.855463,26.232481,13.011724
2021-03-22,35.751369,29.293385,27.846590,26.197634,13.053295
2021-03-23,35.525803,29.024960,27.456261,26.005962,13.094870
2021-03-24,35.262646,28.869097,26.861893,25.944981,13.153069
2021-03-25,35.604843,29.128868,27.048185,25.981819,13.144753
2021-03-26,36.095036,29.457903,27.580456,26.139709,13.128125
2021-03-29,36.000771,29.354002,27.474003,26.078312,13.086447
2021-03-30,36.047890,29.423277,27.651426,26.087080,13.111452
2021-03-31,36.085609,29.163507,27.664732,26.060762,13.103119
2021-04-01,36.434391,29.440594,27.882078,26.473042,13.136458
2021-04-05,36.839741,29.890860,27.944172,26.551983,13.111452
2021-04-06,37.047134,29.691704,28.192568,26.648474,13.169802
2021-04-07,37.094273,29.864882,27.837719,26.692327,13.153130
2021-04-08,37.103683,29.890860,28.024017,26.832674,13.186470
2021-04-09,37.254524,29.908176,27.713526,26.832674,13.178136
2021-04-12,37.367638,29.795616,27.593761,26.806364,13.161467
2021-04-13,37.377056,29.908176,27.669167,26.797592,13.178136
2021-04-14,37.254524,29.942814,27.775625,26.762503,13.153130
2021-04-15,37.678722,30.193928,28.041759,26.990570,13.219812
2021-04-16,37.725861,30.358446,28.068371,27.016884,13.161467
2021-04-19,37.593887,30.349783,28.024017,26.806364,13.136458
2021-04-20,37.499615,30.029408,28.059496,26.551983,13.136458
2021-04-21,37.546741,29.968792,27.953049,26.744957,13.136458
2021-04-22,37.282799,29.960129,27.882078,26.578299,13.128124
2021-04-23,37.631584,30.185265,28.183697,26.683558,13.128124
2021-04-26,37.499615,29.994764,28.068371,26.753729,13.103119
2021-04-27,37.490185,29.951471,28.077244,26.780048,13.086447
2021-04-28,37.235664,29.821587,28.086113,27.025652,13.111518
2021-04-29,37.301659,29.709019,27.935303,26.911625,13.103159
2021-04-30,37.084839,29.354002,27.456261,26.692327,13.111518
2021-05-03,37.122543,29.709019,27.438520,26.841455,13.103159
2021-05-04,36.886887,29.276075,27.190125,26.797592,13.128233
2021-05-05,36.830322,29.579134,27.287706,26.973024,13.144940
2021-05-06,36.764328,29.553160,27.287706,26.937937,13.136587
2021-05-07,37.018852,29.812931,27.527231,27.192322,13.153300
2021-05-10,36.434391,29.570477,26.950603,27.051971,13.119875
2021-05-11,36.151592,29.189476,26.853022,26.920395,13.086447
2021-05-12,35.406879,28.808483,26.169943,26.692327,13.036305
2021-05-13,35.972485,29.076916,26.249784,26.762503,13.061376
2021-05-14,36.396683,29.414618,26.586887,27.078287,13.069736
2021-05-17,36.179871,29.224119,26.436079,27.227406,13.061376
2021-05-18,35.868790,29.345341,26.790924,27.271255,13.069736
2021-05-19,35.934776,29.224119,26.853022,27.166000,13.069736
2021-05-20,36.085609,29.466570,26.861893,27.341438,13.094802
2021-05-21,36.113888,29.501205,26.542532,27.315121,13.111518
2021-05-25,36.358978,29.683048,27.074800,27.358982,13.170013
2021-05-26,36.632359,29.786951,27.394165,27.604589,13.195147
2021-05-27,36.604080,29.756641,27.314325,27.683531,13.178389
2021-05-28,36.651199,29.864882,27.544973,27.780018,13.170012
2021-05-31,36.566368,29.934158,27.731268,27.622131,13.195147
2021-06-01,36.632359,29.890860,28.050631,27.946688,13.195147
2021-06-02,36.538082,29.942814,27.997404,27.937918,13.228660
2021-06-03,36.622921,29.942814,27.837719,27.920370,13.186770
2021-06-04,36.858593,30.167952,28.077244,28.025631,13.237040
2021-06-07,36.872742,30.263199,27.953049,28.060719,13.237040
2021-06-08,37.047134,30.349783,27.908691,28.104580,13.245415
2021-06-09,36.934013,30.228559,27.837719,28.025631,13.270548
2021-06-10,36.999996,30.280514,27.944172,28.078255,13.287303
2021-06-11,37.282799,30.514303,28.024017,28.192297,13.295679
2021-06-14,37.301659,30.514303,28.050631,28.236151,13.270548
2021-06-15,37.358219,30.635529,28.006273,28.341412,13.295679
2021-06-16,37.377056,30.583576,27.837719,28.341412,13.245415
2021-06-17,37.688152,30.600901,28.183697,28.218611,13.287303
2021-06-18,37.329933,30.280514,28.139339,28.016857,13.329195
2021-06-21,37.659866,30.410400,28.099422,28.244923,13.304061
2021-06-22,37.706997,30.254538,27.899818,28.323864,13.320815
2021-06-23,37.669292,30.141964,28.059496,28.244923,13.312439
2021-06-24,37.960281,30.412149,28.315453,28.327902,13.329195
2021-06-25,38.007523,30.447231,28.449228,28.354387,13.270548
2021-06-28,38.205914,30.359516,28.636509,28.248455,13.312544
2021-06-29,38.357075,30.482321,28.698936,28.310244,13.295747
2021-06-30,38.413769,30.245480,28.547325,28.301420,13.320943
2021-07-02,38.612164,30.271797,28.190599,28.380871,13.329337
2021-07-05,38.687740,30.447231,28.288698,28.486801,13.320943
2021-07-06,38.914486,30.456007,28.079121,28.504450,13.362944
2021-07-07,39.103436,30.640217,28.119253,28.495625,13.396532
2021-07-08,38.895584,30.377058,27.691174,28.177830,13.413335
2021-07-09,39.131775,30.666534,27.914131,28.433840,13.354541
2021-07-12,39.245144,30.802490,28.003315,28.416180,13.354541
2021-07-13,39.254593,30.806881,28.137087,28.469143,13.337744
2021-07-14,39.197910,30.850740,28.235189,28.292589,13.388136
2021-07-15,39.339622,30.771795,28.529490,28.354387,13.421734
2021-07-16,39.075092,30.605127,28.315453,28.063072,13.421734
2021-07-19,38.886143,30.298111,28.190599,27.709967,13.514124
2021-07-20,39.358521,30.350740,28.110334,28.001282,13.463732
2021-07-21,39.311283,30.600739,28.056826,28.239628,13.430130
2021-07-22,39.330185,30.622671,28.101414,28.221970,13.463732
2021-07-23,39.736431,30.868284,27.709013,28.380871,13.446925
2021-07-26,39.840347,30.833195,27.236345,28.336725,13.430130
2021-07-27,39.717522,30.806881,26.808268,28.354387,13.480521
2021-07-28,39.547466,30.837580,27.343365,28.433840,13.480520
2021-07-29,39.490795,30.841961,27.272017,28.548592,13.472105
2021-07-30,39.396320,30.719158,27.084738,28.530939,13.472105
2021-08-03,39.783669,31.254250,27.521729,28.628040,13.522625
2021-08-04,39.632500,31.219158,27.691174,28.566252,13.514202
2021-08-05,39.736431,31.236706,27.503891,28.628040,13.505782
2021-08-06,39.982063,31.219158,27.423630,28.786942,13.446844
2021-08-09,39.991505,31.271791,27.548483,28.716320,13.430003
2021-08-10,39.897034,31.210388,27.432547,28.804600,13.404744
2021-08-11,39.934814,31.403376,27.441463,28.884043,13.404744
2021-08-12,40.067081,31.333191,27.263100,28.848738,13.404744
2021-08-13,40.067081,31.517403,27.173916,28.857559,13.455262
2021-08-16,40.322170,31.508635,27.057981,28.822247,13.480520
2021-08-17,40.189907,31.350737,26.692331,28.645702,13.480520
2021-08-18,39.868687,31.324425,26.799353,28.575071,13.472105
2021-08-19,40.378860,31.447235,26.728004,28.442665,13.497368
2021-08-20,40.851234,31.517403,26.692331,28.610386,13.480520
2021-08-23,40.624489,31.429691,26.732464,28.822247,13.463683
2021-08-24,40.530022,31.341963,27.173916,28.910528,13.446844
2021-08-25,40.633945,31.377054,27.218510,28.954660,13.396328
2021-08-26,40.766205,31.438457,27.165001,28.866386,13.438424
2021-08-27,40.907917,31.561262,27.352283,29.060600,13.472190
2021-08-30,40.983501,31.534950,27.423630,28.998806,13.472190
2021-08-31,40.955162,31.561262,27.771441,28.972322,13.438424
2021-09-01,41.021286,31.868275,28.154926,29.140051,13.505953
2021-09-02,40.917370,31.859510,27.842785,29.298944,13.522840
2021-09-03,40.804001,31.894598,27.945347,29.316595,13.505953
2021-09-07,41.049629,32.245468,28.360044,29.307770,13.463745
2021-09-08,41.049629,32.026173,28.030071,29.210665,13.472190
2021-09-09,40.907917,31.947226,27.949806,29.175356,13.505953
2021-09-10,40.567810,31.929686,27.949806,29.078255,13.438424
2021-09-13,40.596149,32.113895,27.985477,29.113565,13.455306
2021-09-14,40.435543,32.096348,27.842785,28.981146,13.505953
2021-09-15,40.605602,31.999861,27.726849,29.175356,13.455306
2021-09-16,40.718975,32.122665,27.548483,29.060600,13.446864
2021-09-17,40.633945,31.868275,27.566319,28.884043,13.396221
2021-09-20,40.095432,31.420914,26.991095,28.442665,13.446864
2021-09-21,40.048195,31.710382,27.147163,28.548592,13.429988
2021-09-22,40.284389,31.727926,27.432547,28.778112,13.463745
2021-09-23,40.482773,31.841961,27.387953,28.848738,13.370893
2021-09-24,40.508343,31.491083,27.075817,28.774109,13.320248
2021-09-27,40.442074,31.377054,27.182833,28.862953,13.320248
2021-09-28,39.713135,30.789337,26.942043,28.489832,13.269470
2021-09-29,40.006607,30.929693,26.888535,28.463186,13.252542
2021-09-30,39.287128,30.578810,26.888535,28.329933,13.252542
2021-10-01,39.608997,30.648987,26.817184,28.445414,13.286397
2021-10-04,38.955791,30.210390,26.291008,28.321047,13.286397
2021-10-05,39.315525,30.350740,26.505049,28.498718,13.244084
2021-10-06,39.466988,30.157755,26.371277,28.525370,13.261007
2021-10-07,39.703663,30.263025,26.799353,28.854063,13.218697
2021-10-08,39.400730,30.105131,26.710169,28.862953,13.150996
2021-10-12,39.050461,29.964777,26.496124,28.880716,13.150996
2021-10-13,39.107262,30.263025,26.835022,29.138332,13.176377
2021-10-14,39.656326,30.385828,26.781515,29.422613,13.252542
2021-10-15,39.826733,30.644604,27.093651,29.582520,13.210234
2021-10-18,40.016064,30.482321,27.049063,29.653595,13.218697
2021-10-19,40.186470,30.657761,27.325527,29.804617,13.176377
2021-10-20,40.195938,30.692846,27.245262,29.928986,13.176377
2021-10-21,40.517815,30.657761,27.120407,29.973404,13.125607
2021-10-22,40.470470,30.789337,27.049063,29.982294,13.150996
2021-10-25,40.707150,30.824423,27.236345,30.088892,13.159455
2021-10-26,40.782879,30.850740,27.093651,29.928986,13.184844
2021-10-27,40.385269,30.666534,26.852861,29.644705,13.210297
2021-10-28,40.811279,30.920914,26.790430,29.955641,13.184846
2021-10-29,40.924889,30.850740,26.478296,29.760191,13.108484
2021-11-01,41.076355,31.087582,26.728004,30.053354,13.100001
2021-11-02,41.284611,31.070042,26.549641,29.955641,13.091516
2021-11-03,41.568623,31.324425,26.683411,30.080008,13.100001
2021-11-04,41.947289,31.447235,26.772594,30.186609,13.159395
2021-11-05,42.098759,31.499865,26.736923,30.355389,13.210297
2021-11-08,42.231297,31.473545,26.986633,30.488651,13.184846
2021-11-09,42.013554,31.394598,26.879614,30.550844,13.218784
2021-11-10,41.918888,31.157763,26.879614,30.364281,13.125458
2021-11-11,42.155567,31.499865,27.494974,30.515301,13.125458
2021-11-12,42.316498,31.543726,27.503891,30.817350,13.133937
2021-11-15,42.250237,31.438457,27.370119,30.692976,13.091516
2021-11-16,42.562630,31.464771,27.459303,30.728514,13.049092
2021-11-17,42.581566,31.508635,27.441463,30.639668,13.116970
2021-11-18,42.619431,31.543726,27.111488,30.639668,13.108484
2021-11-19,42.704632,31.403376,27.173916,30.506430,13.142418
2021-11-22,42.733036,31.324425,27.057981,30.328747,13.049092
2021-11-23,42.638371,31.201618,27.004469,30.382055,12.998188
2021-11-24,42.733036,30.947233,26.924206,30.506430,13.057579
2021-11-25,42.666763,31.052496,27.084738,30.692976,13.057579
2021-11-26,42.041958,30.368282,26.496124,29.928986,13.185177
2021-11-29,42.486897,30.534946,26.362354,29.964521,13.176665
2021-11-30,41.795826,30.350740,26.411404,29.316013,13.193681
2021-12-01,41.331951,30.280567,26.540720,29.005083,13.278747
2021-12-02,42.070354,30.596354,26.817184,29.431494,13.304274
2021-12-03,41.625427,30.543726,26.487215,29.227169,13.338297
2021-12-06,42.004093,30.596354,26.585312,29.582520,13.270246
2021-12-07,42.401695,30.982317,26.763676,29.991173,13.227711
2021-12-08,42.600498,31.034945,26.861776,29.884571,13.244722
2021-12-09,42.439564,30.938463,26.799353,29.671358,13.270246
2021-12-10,42.780357,31.030565,26.852861,29.635824,13.304274
2021-12-13,42.695164,30.929693,26.629902,29.404854,13.372321
2021-12-14,42.467968,30.868284,26.638823,29.307129,13.329787
2021-12-15,43.054905,31.210388,26.558556,29.458155,13.372321
2021-12-16,42.515293,31.105122,26.433704,29.440390,13.440373
2021-12-17,42.515293,30.903376,26.522884,29.431494,13.474399
2021-12-20,42.146095,31.034945,26.255337,29.147224,13.397839
2021-12-21,42.903439,31.306885,26.647738,29.689129,13.346805
2021-12-22,43.054905,31.385820,26.629902,29.902336,13.397839
2021-12-23,43.215839,31.543726,26.728004,30.133310,13.380827
2021-12-24,43.168507,31.666527,26.736923,30.151081,13.363816
2021-12-29,43.755451,31.789337,26.612068,30.302103,13.372341
2021-12-30,43.349911,31.547148,26.833551,29.866991,13.397930
2021-12-31,42.999405,31.334225,26.532770,29.752329,13.449100
2022-01-04,43.454121,31.831028,26.705946,29.787613,13.287060
2022-01-05,42.686783,31.706825,26.414278,29.522985,13.235889
2022-01-06,42.487846,31.422945,26.441624,29.567087,13.176190
2022-01-07,42.108910,31.272121,26.496311,29.575911,13.133547
2022-01-10,42.089962,31.041466,26.532770,29.558275,13.133547
2022-01-11,42.146805,31.147926,26.888245,29.866991,13.142077
2022-01-12,41.995232,31.307608,27.170795,30.025768,13.116492
2022-01-13,41.445778,31.059204,26.833551,29.893456,13.142077
2022-01-14,41.606819,31.094694,26.906471,29.981667,13.090909
2022-01-17,41.862602,31.147926,26.833551,30.290388,13.048268
2022-01-18,40.687908,30.544661,26.350477,29.866991,12.954456
2022-01-19,40.214252,30.455940,26.468967,29.752329,12.971510
2022-01-20,39.787941,30.340614,26.614805,29.567087,12.988570
2022-01-21,39.238487,30.109955,26.350477,28.923178,13.039739
2022-01-24,39.750057,29.897039,26.086151,28.887896,12.980038
2022-01-25,39.077438,29.755096,25.976776,28.923178,12.988570
2022-01-26,39.105862,29.737352,25.830942,28.940821,12.945929
2022-01-27,39.049023,29.666380,25.639532,28.861431,13.022888
2022-01-28,40.043720,29.852682,25.858286,29.143698,12.997234
2022-01-31,40.668961,30.172058,26.532770,29.646477,12.963031
2022-02-01,40.896324,30.411592,26.551001,29.964031,12.920277
2022-02-02,41.152100,30.615633,26.569229,30.016943,13.022888
2022-02-03,40.280560,30.198666,26.332249,29.646477,12.963031
2022-02-04,40.735268,30.389406,26.532770,29.893456,12.911724
2022-02-07,40.280560,30.260775,26.350477,29.849348,12.920277
2022-02-08,40.792122,30.500298,26.642143,30.043406,12.877521
2022-02-09,41.265781,30.890646,26.970272,30.369772,12.894624
2022-02-10,40.744751,30.633371,26.879126,30.272753,12.792013
2022-02-11,40.072147,30.189798,26.532770,30.281578,12.843321
2022-02-14,39.892159,29.994625,26.314016,30.043406,12.792013
2022-02-15,40.545811,30.589012,26.851780,30.246290,12.757810
2022-02-16,40.451077,30.562397,27.006733,30.078691,12.774912
2022-02-17,39.636372,30.154316,26.678606,29.752329,12.800563
2022-02-18,39.522694,30.083338,26.587458,29.567087,12.826218
2022-02-22,39.115345,29.781708,26.231989,29.417133,12.783463
2022-02-23,38.348003,29.462336,25.912973,29.187805,12.732159
2022-02-24,39.143753,29.187317,25.448126,29.223082,12.740735
2022-02-25,39.674263,29.639763,25.730679,29.708221,12.809324
2022-02-28,39.551105,29.169569,25.393438,29.725866,12.877913
2022-03-01,39.134293,28.663897,25.156454,29.567087,13.015097
2022-03-02,39.541645,28.761482,25.047081,29.928738,12.929356
2022-03-03,39.409016,28.317902,24.791870,29.928738,12.937933
2022-03-04,39.219547,27.581570,24.436396,30.149260,13.006524
2022-03-07,38.319584,26.871847,23.670767,30.008131,12.903633
2022-03-08,38.281685,27.226711,23.935091,29.911098,12.826469
2022-03-09,39.067974,28.238060,24.445515,30.281578,12.783603
2022-03-10,38.831139,27.803360,23.953321,30.413879,12.715010
2022-03-11,38.168011,27.457369,23.415558,30.237469,12.654992
2022-03-14,38.111168,27.909819,23.023624,29.866991,12.526386
2022-03-15,38.717461,28.051760,23.005398,29.902285,12.474942
2022-03-16,39.342709,28.823582,24.554892,30.281578,12.526386
2022-03-17,39.626907,28.903425,24.317909,30.704966,12.543535
2022-03-18,40.100567,29.142958,24.591347,30.775526,12.569256
2022-03-21,39.939510,28.938913,24.235876,31.040142,12.457796
2022-03-22,40.413189,29.169569,24.591347,31.137180,12.363481
2022-03-23,39.854263,28.788095,24.436396,30.925484,12.474942
2022-03-24,40.261612,28.921169,24.527546,30.951944,12.423499
2022-03-25,40.279667,28.796968,24.181187,31.056681,12.329186
2022-03-28,40.716755,28.823582,24.390827,31.021179,12.380632
2022-03-29,41.153866,29.426847,24.764528,31.172068,12.406423
2022-03-30,40.821293,29.222799,24.636921,31.180939,12.449410
2022-03-31,40.393696,28.823582,24.336140,30.941296,12.483805
2022-04-01,40.498222,29.098598,24.737181,31.003428,12.458009
2022-04-04,40.707260,29.160700,25.110884,31.180939,12.466608
2022-04-05,40.156132,28.832455,24.709837,30.976801,12.397826
2022-04-06,39.861568,28.521948,24.491087,30.781527,12.380632
2022-04-07,40.203651,28.743738,24.381710,30.834784,12.337646
2022-04-08,40.042107,28.663897,24.381710,30.914671,12.294652
2022-04-11,39.595512,28.513081,24.199419,30.799282,12.225874
2022-04-12,39.509995,28.291294,24.135614,30.701643,12.286056
2022-04-13,39.814060,28.468719,24.290564,30.870293,12.303249
2022-04-14,39.443478,28.442106,24.090040,30.896914,12.182883
2022-04-18,39.386459,28.344521,24.026239,30.914671,12.174287
2022-04-19,40.089615,28.397751,23.907749,31.118811,12.122700
2022-04-20,39.662033,28.317902,23.588736,31.092186,12.114101
2022-04-21,39.281937,28.202574,23.278837,30.604012,12.045323
2022-04-22,38.673801,28.078377,23.351755,29.982706,12.028127
2022-04-25,38.892357,27.945303,23.142117,29.725302,12.088311
2022-04-26,38.037155,27.359783,22.823103,29.272629,12.139897
2022-04-27,38.141678,27.510595,23.096546,29.343637,12.079543
2022-04-28,38.977867,27.812231,23.333525,29.858437,12.131275
2022-04-29,37.742596,27.652544,23.543161,29.388014,12.053675
2022-05-02,38.037155,27.590439,23.506704,29.281504,11.984697
2022-05-03,38.122673,27.714645,23.588736,29.583282,11.984697
2022-05-04,38.958870,27.971912,23.707226,29.982706,12.027810
2022-05-05,37.809105,27.288807,23.014513,29.299253,11.924346
2022-05-06,37.695076,27.084766,22.813990,29.201624,11.846745
2022-05-09,36.716362,26.543602,22.385601,28.305161,11.932967
2022-05-10,36.849384,26.703289,22.494974,28.127644,11.932967
2022-05-11,36.108219,26.516987,22.276228,28.074390,11.941588
2022-05-12,36.269753,26.561340,22.212421,27.923500,11.993320
2022-05-13,36.820885,27.013794,22.577011,28.456051,11.984697
2022-05-16,36.497807,26.925076,22.394712,28.624691,12.019185
2022-05-17,37.172459,27.342037,22.886908,29.006355,11.924346
2022-05-18,35.889664,26.827490,22.422062,28.429419,11.950208
2022-05-19,35.509579,26.951691,22.677269,28.589188,12.019185
2022-05-20,35.614098,27.200090,22.786642,28.598063,12.053675
2022-05-24,35.775646,27.563826,22.577011,28.757832,12.079543
2022-05-25,36.184235,27.528341,22.663597,28.873215,12.122653
2022-05-26,36.963413,27.785614,22.987165,29.103989,12.105411
2022-05-27,37.581062,27.963045,23.069199,29.414650,12.131346
2022-05-30,37.980141,28.291294,23.351755,29.636543,12.105409
2022-05-31,37.134445,27.696898,23.278837,29.396898,12.053527
2022-06-01,36.858898,27.404139,23.160347,29.379139,12.001645
2022-06-02,37.343498,27.776741,23.379097,29.840683,11.975708
2022-06-03,36.811378,27.413012,23.023624,29.494524,11.923823
2022-06-06,36.877895,27.483982,23.096546,29.521151,11.820067
2022-06-07,37.096439,27.448498,23.087429,29.689796,11.811418
2022-06-08,36.763866,27.146864,23.196806,29.476776,11.759538
2022-06-09,36.307758,26.898464,22.923361,29.183874,11.768188
2022-06-10,35.462074,26.392786,22.823103,28.775578,11.673073
2022-06-13,34.340820,25.771780,22.239767,28.021130,11.552021
2022-06-14,34.397823,25.585474,22.631699,27.745979,11.465550
2022-06-15,34.720905,25.966951,22.823103,27.843616,11.543368
2022-06-16,33.514122,25.470146,22.166845,26.982656,11.603898
2022-06-17,34.036743,25.558863,22.431175,26.893900,11.612543
2022-06-20,34.274288,25.771780,22.431175,27.240053,11.586602
2022-06-21,34.492855,25.727423,22.558779,27.355442,11.543368
2022-06-22,34.549862,25.620962,22.203308,27.000410,11.603898
2022-06-23,35.015465,25.656450,22.330910,26.592115,11.690371
2022-06-24,35.858585,26.200907,22.654816,27.109253,11.699014
2022-06-27,35.706150,26.101423,22.700827,27.377655,11.647136
2022-06-28,34.982124,25.920534,22.535192,27.323978,11.673151
2022-06-29,34.991642,25.839142,22.489187,27.153988,11.751203
2022-06-30,34.753487,25.685390,22.332752,26.849791,11.794559
2022-07-04,34.848755,25.830099,22.581202,27.100304,11.829252
2022-07-05,35.506096,25.495462,22.240736,26.805054,11.898636
2022-07-06,35.639465,25.540684,22.167118,26.670849,11.820580
2022-07-07,35.991959,25.739656,22.507587,27.136089,11.803235
2022-07-08,35.953857,25.757744,22.433971,27.100304,11.742527
2022-07-11,35.582306,25.594948,21.955479,26.805054,11.777219
2022-07-12,35.325092,25.432152,21.872665,26.599276,11.820580
2022-07-13,35.096447,25.386932,21.780645,26.518749,11.846599
2022-07-14,35.277451,25.264839,21.826654,26.116138,11.846599
2022-07-15,35.734734,25.504507,21.817450,26.187716,11.915977
2022-07-18,35.353676,25.522596,21.891066,26.474018,11.889962
2022-07-19,36.049118,25.988369,22.075102,26.983988,11.889962
2022-07-20,36.344444,25.848183,21.983084,27.091358,11.881289
2022-07-21,36.649296,26.164730,22.213129,27.145037,12.002708
2022-07-22,36.344444,26.182817,22.047497,27.055567,12.115446
2022-07-25,36.239655,26.200907,22.019890,27.234509,12.080760
2022-07-26,35.915749,25.947672,21.927876,27.046621,12.106771
2022-07-27,36.735039,26.381790,22.231535,27.458179,12.124166
2022-07-28,37.144688,26.562675,22.314348,27.735537,12.254628
2022-07-29,37.649612,26.897306,22.203928,28.102362,12.254628
2022-08-02,37.563869,26.625980,22.029095,27.825006,12.176347
2022-08-03,38.002098,26.716425,22.157919,27.869741,12.193745
2022-08-04,37.992565,26.924437,22.323549,27.932369,12.211139
2022-08-05,38.221207,26.865650,22.470781,27.994997,12.158957
2022-08-08,38.011627,26.779730,22.397167,28.048679,12.185047
2022-08-09,37.868717,26.671204,22.360357,27.914474,12.167656
2022-08-10,38.402225,27.096279,22.461578,28.361822,12.219837
2022-08-11,38.364117,27.087233,22.516788,28.522865,12.141561
2022-08-12,38.973820,27.231937,22.765238,28.809170,12.167656
2022-08-15,39.602581,27.394733,22.903265,28.809170,12.167656
2022-08-16,39.459682,27.231937,22.802048,28.934431,12.141561
2022-08-17,39.354889,27.132454,22.820446,28.800224,12.089374
2022-08-18,39.535896,27.087233,22.728432,28.925486,12.071981
2022-08-19,39.183414,26.806866,22.544392,28.701807,12.037194
2022-08-22,38.497478,26.472231,22.452377,28.522865,11.950217
2022-08-23,38.164051,26.291349,22.406366,28.549711,11.932826
2022-08-24,38.287895,26.318480,22.452377,28.585497,11.906733
2022-08-25,38.764236,26.571712,22.829647,28.827063,11.967611
2022-08-26,37.802032,26.083330,22.654816,28.397612,11.958914
2022-08-29,37.440018,25.983849,22.479979,28.326036,11.924026
2022-08-30,37.306644,26.010981,22.378759,27.878687,11.941474
2022-08-31,36.925564,25.911495,22.516788,27.619226,11.906580
2022-09-01,37.230431,25.603992,22.369560,27.386604,11.854244
2022-09-02,36.792202,25.386932,22.194727,27.565544,11.897855
2022-09-06,36.649296,25.296494,21.946278,27.306086,11.828074
2022-09-07,37.249489,25.432152,22.065901,27.520815,11.880408
2022-09-08,37.325695,25.468330,21.891066,27.762379,11.810629
2022-09-09,37.887783,25.947672,22.121109,28.281301,11.889136
2022-09-12,38.164051,26.209951,22.360357,28.603386,11.871687
2022-09-13,37.077999,25.676346,21.983084,28.111309,11.819352
2022-09-14,37.163738,25.775831,22.121109,28.236565,11.854244
2022-09-15,36.954159,25.676346,22.001488,28.003946,11.871687
2022-09-16,36.754089,25.603992,21.854259,27.762379,11.871687
2022-09-19,36.954159,25.649214,21.881866,28.012892,11.880408
2022-09-20,36.811253,25.423105,21.964682,27.735537,11.897855
2022-09-21,36.439713,25.233183,21.743835,27.458179,11.976361
2022-09-22,36.182495,25.251272,21.707031,27.225559,11.906580
2022-09-23,35.822357,24.636267,21.338961,26.478947,11.915302
2022-09-26,35.736382,24.482517,21.265347,26.262278,11.845518
2022-09-27,35.650410,24.319725,21.228539,26.253250,11.740849
2022-09-28,36.137592,24.654358,21.274548,26.749788,11.924573
2022-09-29,35.583542,24.518696,20.897272,26.451866,11.854583
2022-09-30,35.402042,24.636267,21.007696,26.442841,11.828337
2022-10-03,35.908333,24.771927,21.053701,27.074795,11.837081
2022-10-04,36.596119,25.603992,21.559799,27.788000,11.872079
2022-10-05,36.787163,25.441198,21.688629,27.598413,11.767093
2022-10-06,36.854038,25.260315,21.799051,27.255352,11.723351
2022-10-07,35.774593,24.862373,21.320557,26.686592,11.670858
2022-10-11,35.373390,24.536781,20.842060,26.162970,11.592118
2022-10-12,35.382938,24.500605,20.888073,26.144917,11.609618
2022-10-13,36.108940,24.916636,20.842060,26.713676,11.609618
2022-10-14,35.621754,24.708624,20.722441,26.325474,11.548371
2022-10-17,36.099388,25.070387,21.035299,26.740763,11.574623
2022-10-18,36.577015,25.287447,21.053701,27.002569,11.653361
2022-10-19,36.290443,24.979948,20.740841,26.822012,11.469638
2022-10-20,36.042065,24.952812,20.906477,26.677563,11.390897
2022-10-21,36.538807,25.151781,20.961687,27.074795,11.417140
2022-10-24,37.083302,25.287447,20.335962,27.165073,11.460886
2022-10-25,37.474960,25.622084,20.354366,27.426882,11.513378
2022-10-26,37.178825,25.784876,20.612017,27.697721,11.688355
2022-10-27,37.016438,25.576860,20.446384,27.778973,11.749779
2022-10-28,37.923939,25.911495,20.437181,27.977585,11.758554
2022-10-31,37.790207,25.712521,20.400379,27.914394,11.741007
2022-11-01,37.646912,25.920534,20.750044,28.067867,11.776107
2022-11-02,36.854038,25.685390,20.713238,27.697721,11.714681
2022-11-03,36.596119,25.540684,20.888073,27.652580,11.635705
2022-11-04,36.366859,26.020025,21.283749,27.950500,11.565501
2022-11-07,36.739414,26.146641,21.338961,28.103979,11.468979
2022-11-08,36.854038,26.345615,21.412575,28.266479,11.565501
2022-11-09,36.223568,26.128555,21.200932,27.806057,11.600604
2022-11-10,37.742439,27.168629,21.615011,28.744965,11.802429
2022-11-11,37.952579,27.593708,21.937075,28.907467,11.837531
2022-11-14,37.723331,27.430908,21.983084,28.663708,11.819980
2022-11-15,38.000355,27.548487,22.415569,28.772047,11.855082
2022-11-16,37.828415,27.539442,22.102709,28.708849,11.934058
2022-11-17,37.408100,27.530396,22.157919,28.618567,11.881405
2022-11-18,37.962147,27.711279,22.121109,28.753988,11.855082
2022-11-21,37.990803,27.638927,21.983084,28.744965,11.907727
2022-11-22,38.286934,27.874073,21.881866,29.106083,11.969153
2022-11-23,38.430229,28.127310,22.056698,29.205385,12.048130
2022-11-24,38.487545,28.244886,22.194727,29.295664,12.065681
2022-11-25,38.735905,28.543343,22.415569,29.349831,12.100780
2022-11-28,38.210510,28.154444,22.121109,29.097055,12.083179
2022-11-29,38.439785,28.425768,22.700827,29.214417,12.030375
2022-11-30,39.242203,28.588562,23.124107,29.449139,12.056780
2022-12-01,39.184883,28.850843,23.032089,29.584560,12.206385
2022-12-02,39.242203,28.932241,23.170116,29.530394,12.259194
2022-12-05,38.802780,28.841801,23.142508,29.169275,12.197586
2022-12-06,38.439785,28.769445,23.188520,28.799129,12.259194
2022-12-07,38.363358,28.778494,23.059694,28.790102,12.276789
2022-12-08,38.487545,28.751356,23.179321,28.808159,12.250390
2022-12-09,38.401573,28.932241,23.170116,28.763018,12.215191
2022-12-12,38.821880,28.959372,23.059694,28.862324,12.153585
2022-12-13,38.936516,29.239738,23.068895,28.880381,12.232792
2022-12-14,38.716805,29.203566,23.078100,28.699821,12.250390
2022-12-15,38.000355,28.733271,22.719227,28.293562,12.259194
2022-12-16,37.751987,28.525257,22.848055,28.067867,12.250390
2022-12-19,37.197937,28.398638,22.820446,27.715778,12.153585
2022-12-20,37.226593,28.443857,22.737629,27.878277,12.074381
2022-12-21,37.685116,28.706137,22.884859,28.257454,12.091984
2022-12-22,37.264797,28.579519,22.774439,27.932446,12.039181
2022-12-23,37.331673,28.561432,22.636414,28.167171,11.986376
2022-12-28,36.787163,28.344372,22.645615,27.851198,11.862805
2022-12-29,37.276054,28.641672,22.955164,28.184977,11.898108
2022-12-30,37.180016,28.348944,22.638157,28.021269,11.889283
2023-01-03,37.391315,28.842920,23.029753,28.130407,11.933417
2023-01-04,37.141590,28.778893,23.309465,28.321404,11.995202
2023-01-05,37.016727,28.733152,23.439999,28.239546,11.968722
2023-01-06,37.448940,29.135651,23.691744,28.676100,12.039332
2023-01-09,37.324078,29.163097,23.738363,28.721575,12.048161
2023-01-10,37.737091,29.336901,23.980778,28.803427,12.039332
2023-01-11,38.207714,29.538157,24.120640,28.994417,12.118770
2023-01-12,38.217323,29.840031,24.101990,29.249077,12.224690
2023-01-13,38.457447,30.068726,24.297789,29.467358,12.233515
2023-01-16,38.649544,30.151056,24.120640,29.521917,12.259995
2023-01-17,38.332577,30.132759,24.157934,29.585585,12.251168
2023-01-18,38.082855,30.279125,24.195229,29.485540,12.357086
2023-01-19,37.717876,30.141909,24.325760,29.440069,12.339433
2023-01-20,38.178909,30.233385,24.493589,29.667437,12.259995
2023-01-23,38.639938,30.334011,24.652094,29.867525,12.207032
2023-01-24,38.543888,30.306568,24.642767,29.867525,12.251168
2023-01-25,38.611122,30.553555,24.708035,29.831146,12.312950
2023-01-26,38.822422,30.416346,24.810598,29.994856,12.277651
2023-01-27,38.956886,30.352308,24.680063,30.013046,12.251091
2023-01-30,38.659142,30.352308,24.353735,29.822056,12.224539
2023-01-31,38.899258,30.324862,24.139280,30.085800,12.224539
2023-02-01,39.408314,30.571852,24.549532,30.076710,12.277649
2023-02-02,40.013409,30.617594,24.372377,30.067614,12.321905
2023-02-03,39.936573,30.498672,24.120640,30.076710,12.242239
2023-02-06,39.782894,30.279125,23.850246,29.894815,12.162573
2023-02-07,40.205502,30.443777,23.915512,30.040329,12.127167
2023-02-08,39.859734,30.343161,23.934160,29.976664,12.171424
2023-02-09,39.542786,30.443777,24.055368,29.858435,12.127167
2023-02-10,39.264240,30.041285,23.645124,29.876623,12.038645
2023-02-13,39.677242,30.297422,23.831596,30.003944,12.091759
2023-02-14,39.782894,30.343161,23.766333,30.031239,12.020941
2023-02-15,40.042217,30.343161,23.682417,30.067614,11.958980
2023-02-16,39.782894,30.343161,23.812954,29.894815,11.950127
2023-02-17,39.648430,30.452930,23.617151,29.758392,11.985535
2023-02-21,39.091354,30.260830,23.458649,29.376406,11.861606
2023-02-22,38.956886,30.132759,23.346766,29.276361,11.897016
2023-02-23,39.216225,30.269979,23.477295,29.294552,11.958980
2023-02-24,38.956886,29.922359,23.067049,29.330929,11.914588
2023-02-27,38.966492,30.215088,23.141638,29.403692,11.932344
2023-02-28,39.072144,30.160200,23.085695,29.349121,11.976735
2023-03-01,38.841637,30.215088,23.514589,29.421879,11.923464
2023-03-02,39.139378,30.260830,23.598503,29.549212,11.870196
2023-03-03,39.686844,30.663332,23.803629,29.894815,12.003371
2023-03-06,39.754089,30.663332,23.775656,29.803862,11.985613
2023-03-07,39.561985,30.462080,23.635803,29.449165,12.003371
2023-03-08,39.706059,30.663332,23.822275,29.549212,12.047759
2023-03-09,39.100956,30.581001,23.374733,29.203606,12.118789
2023-03-10,38.370998,30.242533,23.272171,28.748859,12.243082
2023-03-13,37.977207,29.858324,23.067049,28.476015,12.420650
2023-03-14,38.255745,30.077871,22.805981,28.648815,12.322986
2023-03-15,38.399807,29.373497,22.731392,28.184977,12.358495
2023-03-16,38.966492,29.702810,22.983135,28.439632,12.243082
2023-03-17,38.467045,29.391792,22.843275,28.212265,12.367375
2023-03-20,38.668743,29.684519,22.778009,28.412350,12.296352
2023-03-21,39.379505,30.224241,23.076372,28.612434,12.260840
2023-03-22,38.841560,30.087021,23.234875,28.437283,12.394012
2023-03-23,38.754799,30.114466,23.439999,28.308897,12.367375
2023-03-24,38.976528,30.050428,23.449324,28.382259,12.367375
2023-03-27,38.937958,30.132759,23.197578,28.565668,12.243082
2023-03-28,38.639111,30.032135,23.374733,28.629858,12.198691
2023-03-29,39.111488,30.324862,23.449324,28.886631,12.216499
2023-03-30,39.217537,30.590151,23.617151,29.051693,12.225404
2023-03-31,39.757397,30.654182,23.523916,29.280960,12.252114
2023-04-03,39.612797,30.690775,23.412027,29.565235,12.305537
2023-04-04,39.391064,30.754807,23.439999,29.565235,12.350060
2023-04-05,39.333221,30.581001,23.300142,29.400169,12.341157
2023-04-06,39.497112,30.718218,23.458649,29.464363,12.358962
2023-04-10,39.660999,30.745657,23.533237,29.583578,12.261021
2023-04-11,39.641727,30.773106,23.635803,29.794497,12.252114
2023-04-12,39.294662,30.937761,23.393381,29.831175,12.269923
2023-04-13,39.554955,31.102425,23.551886,30.005419,12.225404
2023-04-14,39.497112,31.047537,23.495947,30.023756,12.171976
2023-04-17,39.747765,31.056683,23.645124,30.106287,12.136361
2023-04-18,39.795967,31.203054,23.645124,30.179651,12.145263
2023-04-19,39.979130,31.212200,23.486622,30.161306,12.163073
2023-04-20,39.795967,31.276228,23.495947,30.087948,12.225404
2023-04-21,40.027332,31.578106,23.393381,30.197989,12.252114
2023-04-24,40.027332,31.660437,23.300142,30.197989,12.278828
2023-04-25,39.651352,31.413446,23.057724,29.840351,12.385678
2023-04-26,39.516396,31.440889,23.206907,29.739477,12.314240
2023-04-27,40.094826,31.715326,23.458649,29.987074,12.242798
2023-04-28,40.277992,31.596405,23.495947,30.133799,12.367816
2023-05-01,40.268349,31.578106,23.533237,30.115458,12.242798
2023-05-02,39.988777,31.395153,23.253525,29.794497,12.358889
2023-05-03,39.786324,31.523226,23.290821,29.721134,12.412468
2023-05-04,39.217537,31.267084,23.337439,29.565235,12.376750
2023-05-05,39.516396,31.358568,23.346766,30.005419,12.296380
2023-05-08,39.487469,31.358568,23.300142,30.051266,12.233870
2023-05-09,39.371780,31.239643,23.188259,30.060436,12.269587
2023-05-10,39.526039,31.166458,23.178936,29.959562,12.314240
2023-05-11,39.786324,31.331121,23.244204,29.831175,12.367816
2023-05-12,39.902016,31.422592,23.150963,29.840351,12.341029
2023-05-15,39.805603,31.468334,23.365410,30.014582,12.287450
2023-05-16,39.574230,31.212200,23.244204,29.583578,12.216011
2023-05-17,39.921291,31.267084,23.300142,29.675282,12.207078
2023-05-18,40.490070,31.303675,23.225554,29.684450,12.126713
2023-05-19,40.470802,31.495781,23.309465,29.766981,12.162428
2023-05-23,40.085178,31.065834,23.197578,29.473530,12.082061
2023-05-24,40.046623,30.791401,23.178936,29.152571,12.064202
2023-05-25,40.441883,30.800547,23.206907,28.932484,12.028484
2023-05-26,40.933540,31.047537,23.551886,29.143398,12.028484
2023-05-29,40.991394,30.901173,23.384060,29.216764,12.046343
2023-05-30,40.866055,30.745657,23.085695,28.895800,12.100081
2023-05-31,40.441883,30.425489,23.085695,28.657373,12.153822
2023-06-01,40.596127,30.562704,23.197578,28.794926,12.171732
2023-06-02,41.135994,30.910320,23.551886,29.326807,12.135905
2023-06-05,41.116711,30.791401,23.579859,29.198425,12.109038
2023-06-06,41.174561,30.956057,23.701069,29.372654,12.109038
2023-06-07,40.991394,30.581001,23.570534,29.253443,11.974694
2023-06-08,41.145638,30.864582,23.645124,29.207592,12.010519
2023-06-09,41.116711,30.837133,23.719713,29.152571,12.037387
2023-06-12,41.531258,31.010946,23.775656,29.198425,12.046344
2023-06-13,41.675861,31.166458,23.896864,29.290125,11.965734
2023-06-14,41.675861,31.285379,24.120640,29.354315,12.019475
2023-06-15,41.916874,31.367714,24.129961,29.381830,12.073210
2023-06-16,41.685513,31.248789,24.055368,29.308464,12.073210
2023-06-19,41.608372,31.093281,24.036724,29.262615,12.019475
2023-06-20,41.598740,30.901173,23.757006,28.987505,12.073210
2023-06-21,41.193836,30.818844,23.495947,28.904974,12.046344
2023-06-22,41.203487,30.581001,23.393381,28.739902,11.974694
2023-06-23,40.991394,30.187649,23.169609,28.501472,12.037387
2023-06-26,40.765240,30.130798,23.183662,28.739197,12.073210
2023-06-27,41.335457,30.401070,23.431889,28.970438,12.091125
2023-06-28,41.499744,30.634064,23.483408,29.081442,12.154004
2023-06-29,41.722034,30.550190,23.314802,29.266432,12.055195
2023-06-30,42.205265,30.932297,23.455309,29.608677,12.162992
2023-07-04,42.282574,30.885695,23.792526,29.682676,12.109089
2023-07-05,42.321228,30.699305,23.717587,29.553179,12.037229
2023-07-06,42.195599,30.349810,23.389736,29.127687,11.992313
2023-07-07,41.876667,30.391752,23.511511,29.155439,11.938414
2023-07-10,42.040962,30.512909,23.492779,29.155439,11.965363
2023-07-11,42.243916,30.689983,23.680119,29.247936,11.938414
2023-07-12,42.379215,31.151312,23.989239,29.516182,12.028248
2023-07-13,42.543518,31.463522,24.223415,29.830673,12.073159
2023-07-14,42.785133,31.528763,24.298351,29.793674,12.055195
2023-07-17,42.881790,31.398285,24.279615,29.756676,12.028248
2023-07-18,43.191044,31.593996,24.045439,29.960171,12.046211
2023-07-19,43.249035,31.575359,24.054806,30.135921,12.100109
2023-07-20,42.959091,31.416922,23.886196,30.052671,12.001294
2023-07-21,43.104065,31.566044,23.895563,30.219168,12.037229
2023-07-24,43.084743,31.351685,24.176579,30.274668,11.983329
2023-07-25,43.239376,31.444885,24.317085,30.246920,11.974348
2023-07-26,43.297363,31.603317,24.485693,30.265419,12.028248
2023-07-27,43.162052,31.593996,24.260881,30.015667,11.911116
2023-07-28,43.567963,31.789717,24.822908,30.219168,12.001214
2023-07-31,43.480988,31.621954,24.794807,30.357912,12.028246
2023-08-01,43.751595,31.547403,24.682404,30.246920,11.938146
2023-08-02,43.345680,31.109375,24.214048,29.775175,11.929136
2023-08-03,43.258705,31.062773,24.335817,29.636427,11.830026
2023-08-04,43.123398,31.211893,24.373289,29.793674,11.992204
2023-08-08,43.394009,31.342367,24.082905,29.765924,11.992204
2023-08-09,43.191044,31.370325,24.176579,29.867672,11.992204
2023-08-10,43.152393,31.510124,24.251513,29.960171,11.929136
2023-08-11,43.113731,31.323727,23.895563,30.052671,11.893094
2023-08-14,43.490650,31.221207,23.811262,29.895424,11.875080
2023-08-15,43.036415,30.913658,23.614548,29.321934,11.821017
2023-08-16,42.794796,30.764544,23.427208,29.331181,11.803000
2023-08-17,42.543518,30.578144,23.586449,29.210936,11.793988
2023-08-18,42.514534,30.540865,23.483408,29.210936,11.848044
2023-08-21,42.804466,30.662024,23.483408,29.183187,11.803000
2023-08-22,42.669163,30.634064,23.502142,29.044439,11.766957
2023-08-23,43.075081,30.895016,23.764425,29.312685,11.920125
2023-08-24,42.707821,30.596783,23.797207,29.192434,11.857055
2023-08-25,42.988094,30.829784,23.848728,29.257187,11.866064
2023-08-28,43.297363,31.137329,24.092272,29.534683,11.884085
2023-08-29,43.809589,31.463522,24.326450,29.932425,11.965424
2023-08-30,43.867569,31.361008,24.167208,30.006422,11.956383
2023-08-31,43.770927,31.183931,23.876827,29.969423,11.992533
2023-09-01,44.196167,31.398285,24.232782,30.339413,12.028683
2023-09-05,44.089855,31.239847,24.223415,30.145166,11.911201
2023-09-06,43.799919,31.146652,24.082905,29.849173,11.902160
2023-09-07,43.799919,31.165287,23.904932,29.747427,11.920234
2023-09-08,43.712933,30.988216,23.914297,29.654926,11.920234
2023-09-11,43.761257,31.155968,23.998604,29.812176,11.902160
2023-09-12,43.500317,30.997534,23.886196,29.858425,11.902160
2023-09-13,43.480988,30.885695,23.848728,29.960171,11.893124
2023-09-14,43.722607,31.211893,23.961134,30.422661,11.902160
2023-09-15,43.239376,31.109375,23.792526,30.441162,11.875050
2023-09-18,43.152393,30.932297,23.783157,30.311666,11.866011
2023-09-19,42.891453,30.857735,23.577084,29.913925,11.784675
2023-09-20,42.640163,30.848419,23.530247,29.895424,11.766603
2023-09-21,41.934650,30.391752,23.164927,29.284933,11.712375
2023-09-22,41.838005,30.419706,23.417839,29.266432,11.748528
2023-09-25,41.900074,30.214678,23.267965,29.305622,11.667190
2023-09-26,41.415218,29.963043,23.052519,28.941751,11.658153
2023-09-27,41.424919,29.888481,23.089989,28.755150,11.576815
2023-09-28,41.706131,30.065557,23.127460,29.007061,11.603930
2023-09-29,41.929161,30.233316,23.305431,28.960411,11.631042
2023-10-02,42.055214,29.935081,23.258598,28.437933,11.594891
2023-10-03,41.560684,29.646170,23.108727,28.195345,11.468369
2023-10-04,42.035820,29.762663,23.099358,28.204678,11.558743
2023-10-05,41.919460,29.953722,23.164927,28.391277,11.567780
2023-10-06,42.249149,30.168074,23.342903,28.549889,11.576815
2023-10-10,42.540062,30.326508,23.342903,28.913761,11.685265
2023-10-11,42.685509,30.475626,23.558348,29.156342,11.739489
2023-10-12,42.704906,30.447672,23.445940,28.923092,11.667190
2023-10-13,42.326729,30.065557,23.333536,28.867107,11.712375
2023-10-16,42.685509,30.177395,23.427208,29.100363,11.667190
2023-10-17,42.840656,30.261271,23.427208,29.212320,11.658153
2023-10-18,42.346123,29.879162,23.146193,28.857777,11.631042
2023-10-19,42.055214,29.655491,23.052519,28.699173,11.567780
2023-10-20,41.502495,29.366575,22.724670,28.363287,11.612967
2023-10-23,41.386139,29.366575,22.799608,28.260658,11.676229
2023-10-24,41.812786,29.580931,23.080624,28.176693,11.694302
2023-10-25,41.298866,29.422495,22.837074,28.120708,11.622005
2023-10-26,40.978867,29.357254,22.799608,28.018080,11.703340
2023-10-27,40.852806,29.385216,22.790241,27.831476,11.748664
2023-10-30,41.250381,29.655491,22.940115,28.018080,11.694273
2023-10-31,41.609161,29.823244,22.921381,28.036736,11.676145
2023-11-01,42.006729,30.149433,23.118092,28.335302,11.784926
2023-11-02,42.481873,30.484947,23.314802,29.156342,11.857450
2023-11-03,42.743690,30.662024,23.642651,29.454901,11.957170
2023-11-06,42.782478,30.568823,23.820627,29.333612,11.902780
2023-11-07,43.199448,30.531548,23.970501,29.081697,11.948107
2023-11-08,43.267315,30.559507,23.867460,28.997730,11.975300
2023-11-09,42.957020,30.578144,23.642651,29.100363,11.866518
2023-11-10,43.558224,30.680662,23.801893,29.193665,11.866518
2023-11-13,43.558224,30.783178,23.876827,29.286959,11.884645
2023-11-14,44.256393,31.361008,24.204679,29.762793,12.020623
2023-11-15,44.207916,31.258492,24.317085,29.800114,11.957170
2023-11-16,44.469734,31.398285,24.438858,29.818773,12.002494
2023-11-17,44.411545,31.733793,24.298351,29.986713,12.020623
2023-11-20,44.770332,31.845634,24.598097,30.089342,12.056888
2023-11-21,44.595795,31.677876,24.401388,29.912073,12.056888
2023-11-22,44.789722,31.724474,24.335817,29.912073,12.065952
2023-11-23,44.750942,31.799032,24.579363,29.930735,12.038757
2023-11-24,44.489128,31.817673,24.326450,29.893412,12.029693
2023-11-27,44.508518,31.705833,24.120373,29.800114,12.111278
2023-11-28,44.382458,31.640598,24.214048,29.809444,12.156744
2023-11-29,44.460026,31.752434,24.167208,29.940060,12.211298
2023-11-30,44.586090,31.621954,24.232782,30.135994,12.184021
2023-12-01,44.683056,31.808357,24.232782,30.443890,12.293132
2023-12-04,44.653973,31.649920,23.998604,30.387905,12.284040
2023-12-05,44.760639,31.659239,23.979868,30.341249,12.374965
2023-12-06,44.595795,31.752434,23.933029,30.191977,12.420425
2023-12-07,44.906090,31.957470,23.904932,30.210632,12.420425
2023-12-08,45.138817,32.013386,23.895563,30.294605,12.365872
2023-12-11,45.226082,32.050674,23.961134,30.275942,12.320410
2023-12-12,45.487896,32.134544,23.989239,30.154655,12.356779
2023-12-13,45.778805,32.367542,24.129744,30.742451,12.493165
2023-12-14,45.778805,32.442097,24.223415,30.994358,12.611371
2023-12-15,45.652756,32.069309,24.036070,30.611830,12.638647
2023-12-18,45.953346,32.209099,24.111006,30.761108,12.584092
2023-12-19,46.060013,32.358219,24.214048,31.078329,12.602279
2023-12-20,45.546078,32.106586,23.829994,30.723785,12.665925
2023-12-21,45.643047,32.423454,24.054806,30.975693,12.611371
2023-12-22,45.643047,32.395496,23.933029,31.134308,12.511353
2023-12-27,45.691532,32.581898,24.185944,31.348902,12.648139
2023-12-28,45.838486,32.529186,24.392710,31.262581,12.611662
2023-12-29,45.770363,32.660961,24.430824,31.309484,12.611662
2024-01-02,45.741165,32.453884,24.383184,31.187515,12.520471
2024-01-03,45.381081,32.303291,24.259314,31.112459,12.566066
2024-01-04,45.225361,32.388000,24.230728,31.187515,12.493114
2024-01-05,45.332413,32.416237,24.326012,31.271967,12.456638
2024-01-08,45.935806,32.736263,24.354597,31.478376,12.502235
2024-01-09,45.984470,32.548012,24.125916,31.365789,12.502235
2024-01-10,46.218040,32.726845,24.002048,31.365789,12.465757
2024-01-11,46.247234,32.736263,24.192616,31.271967,12.493114
2024-01-12,46.276443,32.896267,24.278368,31.365789,12.502235
2024-01-15,46.500275,32.830383,24.306955,31.497147,12.502235
2024-01-16,46.334831,32.557423,23.992519,31.300112,12.401926
2024-01-17,46.188847,32.284462,23.554211,30.943577,12.310734
2024-01-18,46.548935,32.510365,23.735252,31.028019,12.292494
2024-01-19,46.860371,32.425652,23.868649,31.253199,12.283377
2024-01-22,47.230190,32.642132,23.735252,31.290726,12.328973
2024-01-23,47.259384,32.529186,23.801950,31.450228,12.319852
2024-01-24,47.473484,32.933922,24.259314,31.459610,12.301614
2024-01-25,47.522156,32.868034,24.259314,31.581585,12.292494
2024-01-26,47.424831,32.915092,24.135441,31.600348,12.274257
2024-01-29,47.697334,33.056278,24.092566,31.722330,12.338281
2024-01-30,47.629208,32.971565,23.830536,31.759859,12.393157
2024-01-31,46.909027,32.905682,23.840063,31.487764,12.438891
2024-02-01,47.376171,33.093929,23.973463,31.609730,12.530352
2024-02-02,48.057423,32.990395,24.106857,31.562820,12.420595
2024-02-05,48.174210,33.009216,24.221199,31.243813,12.329134
2024-02-06,48.086620,33.065693,24.669033,31.375168,12.384011
2024-02-07,48.407776,32.999805,24.554693,31.393938,12.347427
2024-02-08,48.446705,32.933922,24.554693,31.309484,12.292549
2024-02-09,48.787338,33.018631,24.478466,31.450228,12.319986
2024-02-12,48.758141,33.103340,24.726206,31.534679,12.292549
2024-02-13,48.466175,32.886852,24.430824,30.821604,12.219376
2024-02-14,48.855465,33.178638,24.764318,31.281340,12.301696
2024-02-15,48.972244,33.338650,24.764318,31.788006,12.319986
2024-02-16,48.787338,33.451599,24.859604,31.825527,12.338281
2024-02-20,48.544033,33.649258,24.993000,31.797380,12.365722
2024-02-21,48.485641,33.630436,25.050173,31.731705,12.338281
2024-02-22,49.449123,33.912804,25.269323,31.938124,12.356573
2024-02-23,49.556168,34.016342,25.326492,32.088242,12.420595
2024-02-26,49.419930,34.006927,25.174040,31.956888,12.393157
2024-02-27,49.643764,34.166939,25.278852,31.956888,12.328943
2024-02-28,49.634029,34.049290,25.021587,31.853682,12.365638
2024-02-29,49.955196,34.101055,25.088284,32.031948,12.402334
2024-03-01,50.325012,34.435192,25.402721,32.341572,12.448200
2024-03-04,50.354218,34.392841,25.259796,32.294659,12.429851
2024-03-05,49.896801,34.364597,25.164513,32.285271,12.494064
2024-03-06,49.887062,34.581081,25.336025,32.407246,12.503240
2024-03-07,50.179035,34.825806,25.383665,32.698112,12.466545
2024-03-08,50.013584,34.825806,25.469419,32.613659,12.521583
2024-03-11,49.828678,34.590500,25.450361,32.660576,12.494064
2024-03-12,50.422337,34.891693,25.726688,32.773167,12.448200
2024-03-13,50.295822,34.806980,25.517063,32.988964,12.439025
2024-03-14,50.383411,34.741096,25.659988,32.810696,12.365638
2024-03-15,50.062244,34.788155,25.488478,32.838848,12.347290
2024-03-18,50.334759,34.741096,25.612347,32.820084,12.310598
2024-03-19,50.655910,34.863457,25.469419,32.857609,12.365638
2024-03-20,50.879749,35.051701,25.602819,33.139084,12.411503
2024-03-21,51.239845,35.155243,25.707630,33.195381,12.383985
2024-03-22,51.474964,35.324661,25.602819,33.039448,12.439025
2024-03-25,51.192032,35.117588,25.679047,32.992188,12.411503
2024-03-26,51.123737,35.155243,25.650459,32.944939,12.402334
2024-03-27,51.494480,35.343487,25.602819,33.275715,12.448331
2024-03-28,51.455460,35.183479,25.612347,33.370220,12.466736
2024-04-01,51.377403,35.155243,25.917257,33.408016,12.356330
2024-04-02,51.016415,34.872864,25.898197,33.237907,12.337927
2024-04-03,50.957874,34.948170,25.860085,33.294609,12.347131
2024-04-04,50.392006,34.712856,25.879143,33.209560,12.383930
2024-04-05,51.084713,34.948170,25.955372,33.530884,12.356330
2024-04-08,51.065197,35.098766,26.069710,33.540333,12.319529
2024-04-09,51.045681,35.098766,26.250748,33.691544,12.374730
2024-04-10,50.977390,34.872864,26.050655,33.455276,12.264325
2024-04-11,51.318867,35.004639,26.231693,33.313519,12.255124
2024-04-12,50.860313,34.656384,25.841028,32.982742,12.328728
2024-04-15,50.323708,34.599915,25.707630,32.746475,12.236721
2024-04-16,50.284687,34.336365,25.450361,32.595264,12.236721
2024-04-17,49.845650,34.195179,25.364607,32.623619,12.236721
2024-04-18,49.738323,34.138706,25.459890,32.689774,12.218319
2024-04-19,49.260258,34.025753,25.316967,32.859882,12.236721
2024-04-22,49.523689,34.355186,25.469419,32.954391,12.236721
2024-04-23,50.021263,34.628143,25.583763,33.171753,12.218319
2024-04-24,50.177364,34.618732,25.764805,32.982742,12.190716
2024-04-25,49.826130,34.345772,25.736214,32.992188,12.163116
2024-04-26,50.304203,34.609318,26.003012,33.143394,12.190804
2024-04-29,50.431026,34.806980,26.241224,33.162300,12.246172
2024-04-30,50.021263,34.618732,26.203108,32.774830,12.209257
2024-05-01,49.865154,34.496376,26.174522,32.774830,12.227717
2024-05-02,50.079800,34.769333,26.555658,32.916584,12.283090
2024-05-03,50.674938,35.098766,26.736698,33.115055,12.338457
2024-05-06,51.172520,35.324661,26.793869,33.578125,12.375372
2024-05-07,51.387157,35.578796,26.727169,33.625389,12.412286
2024-05-08,51.445702,35.541145,26.717642,33.568680,12.366145
2024-05-09,51.504234,35.644680,26.670000,33.757694,12.384602
2024-05-10,51.562778,35.710571,26.784340,33.644279,12.329227
2024-05-13,51.533504,35.710571,26.917740,33.568680,12.347683
2024-05-14,51.767662,35.908230,26.993963,33.587585,12.347683
2024-05-15,52.206703,36.162365,27.194063,33.653732,12.421514
2024-05-16,52.109138,35.992939,27.279816,33.682087,12.449200
2024-05-17,52.118896,36.105888,27.403687,33.918354,12.439972
2024-05-21,52.450615,36.209427,27.203590,33.937256,12.439972
2024-05-22,52.323780,35.945885,27.203590,33.748238,12.430743
2024-05-23,52.177429,35.879993,27.117832,33.530884,12.412286
2024-05-24,52.401829,35.992939,27.060663,33.691544,12.412286
2024-05-27,52.645748,36.181187,27.136890,33.795490,12.403058
2024-05-28,52.206703,35.964703,26.993963,33.625389,12.338457
2024-05-29,52.167679,35.550564,26.765285,33.086697,12.292312
2024-05-30,51.592049,35.795280,26.593771,33.341866,12.338596
2024-05-31,51.816444,35.983532,26.403206,33.663189,12.412646
2024-06-03,51.806683,36.058830,26.527073,33.417469,12.514466
2024-06-04,52.060356,36.152954,26.384150,33.228451,12.579261
2024-06-05,52.772575,36.378845,26.774815,33.483620,12.625540
2024-06-06,52.655502,36.463558,26.879623,33.597031,12.607028
2024-06-07,52.860386,36.294140,26.784340,33.285164,12.551492
2024-06-10,53.075027,36.303551,26.974905,33.370220,12.532978
2024-06-11,53.143318,35.879993,26.851040,33.115055,12.551492
2024-06-12,53.523823,36.218838,27.117832,33.228451,12.607028
2024-06-13,53.562847,35.738808,26.993963,32.831535,12.671823
2024-06-14,53.455528,35.352901,26.908209,32.746475,12.708848
2024-06-17,53.894566,35.475258,27.136890,32.699223,12.718103
2024-06-18,53.972618,35.541145,27.298876,32.737026,12.745872
2024-06-19,54.197021,35.503494,27.470385,32.595264,12.736616
2024-06-20,53.718952,35.531734,27.251232,32.670868,12.708848
2024-06-21,53.670158,35.287014,27.165476,32.642513,12.671823
2024-06-24,53.455528,35.418789,27.146420,33.077251,12.690336
2024-06-25,53.602219,35.559525,27.134903,33.016304,12.662567
2024-06-26,53.846714,35.406334,27.125303,33.016304,12.588514
2024-06-27,53.915173,35.425488,27.134903,33.235332,12.560665
2024-06-28,53.651119,35.435059,27.163696,33.187710,12.569949
2024-07-02,54.032524,35.540382,27.298075,33.301991,12.458546
2024-07-03,54.110760,35.846760,27.528440,33.730522,12.495679
2024-07-04,54.081421,36.047829,27.672415,33.768616,12.477111
2024-07-05,54.384586,36.076553,27.691612,33.482929,12.569949
2024-07-08,54.462830,35.952080,27.720409,33.568638,12.588515
2024-07-09,54.472614,35.789322,27.873985,33.435318,12.569949
2024-07-10,54.961590,36.215378,27.883581,33.930511,12.588515
2024-07-11,54.765995,36.421230,28.113947,34.225719,12.625650
2024-07-12,55.030048,36.794636,28.229126,34.416183,12.662785
2024-07-15,55.303875,36.593575,28.065954,34.530453,12.644217
2024-07-16,55.880871,36.746758,28.209930,34.920895,12.699920
2024-07-17,55.166958,36.660591,27.883581,34.692348,12.699920
2024-07-18,54.824680,36.363781,27.595629,34.501892,12.681351
2024-07-19,54.531288,36.201015,27.365265,34.454273,12.662785
2024-07-22,55.206078,36.631870,27.662817,34.720921,12.644217
2024-07-23,55.215862,36.478676,27.499643,34.644733,12.662785
2024-07-24,54.100983,36.133991,27.000521,34.359047,12.653501
2024-07-25,53.964062,35.923359,27.077311,34.340004,12.681351
2024-07-26,54.501949,36.421230,27.221289,34.644733,12.709204
2024-07-29,54.687756,36.306339,27.470848,34.597122,12.746338
2024-07-30,54.453053,36.402084,27.192492,34.692348,12.792889
2024-07-31,55.059387,36.737183,27.586029,35.111359,12.839443
2024-08-01,54.462830,35.990383,27.355665,34.549503,12.923241
2024-08-02,53.367508,35.415916,26.942930,33.778141,12.997725
2024-08-06,52.057034,34.487194,26.040674,33.387703,12.876688
2024-08-07,51.480042,34.487194,26.203848,33.244850,12.876688
2024-08-08,52.634033,35.090382,26.750961,33.778141,12.858066
2024-08-09,52.800293,35.210060,27.038916,33.911457,12.904621
2024-08-12,52.868744,35.233997,26.971729,34.035271,12.941863
2024-08-13,53.602219,35.751019,27.144501,34.387619,12.979102
2024-08-14,53.797810,35.875488,27.077311,34.587601,12.997725
2024-08-15,54.814896,36.344639,27.326868,35.016132,12.969793
2024-08-16,54.756218,36.411655,27.547636,35.063747,12.979102
2024-08-19,55.078945,36.737183,27.778000,35.158978,12.969793
2024-08-20,54.893135,36.593575,27.605227,35.054234,12.997725
2024-08-21,55.069164,36.852081,27.586029,35.158978,13.034968
2024-08-22,54.619297,36.679745,27.355665,35.035187,12.979102
2024-08-23,54.922474,37.053143,27.547636,35.444679,13.016344
2024-08-26,54.629086,36.832935,27.355665,35.520851,13.016344
2024-08-27,54.580189,36.919106,27.182894,35.387531,13.007038
2024-08-28,54.423717,36.842506,27.250082,35.197067,12.969793
2024-08-29,54.453053,36.976551,26.962130,35.358959,12.932446
2024-08-30,54.942032,37.024418,27.173292,35.520851,12.923104
2024-09-03,54.012962,36.641445,26.904537,35.092323,12.979132
2024-09-04,53.788033,36.402084,26.914137,35.092323,13.053828
2024-09-05,53.582661,36.411655,26.770159,34.987560,13.053828
2024-09-06,52.898083,35.885056,26.386219,34.682831,13.072505
2024-09-09,53.435966,36.234531,26.664577,35.063747,13.091181
2024-09-10,53.856495,36.229740,26.616583,35.054234,13.128531
2024-09-11,54.228115,36.315914,26.683773,35.349434,13.128531
2024-09-12,54.668201,36.670170,26.981323,35.758930,13.137871
2024-09-13,55.176743,36.794636,27.125303,35.949390,13.156545
2024-09-16,55.225647,37.091438,27.230886,36.158897,13.203232
2024-09-17,55.225647,36.861656,27.278877,36.120804,13.156545
2024-09-18,55.254978,36.842506,27.221289,35.997002,13.128531
2024-09-19,56.008011,37.388245,27.662817,36.387444,13.128531
2024-09-20,55.900433,37.053143,27.518839,36.396973,13.137871
2024-09-23,55.802635,37.033997,27.672415,36.444584,13.137871
2024-09-24,55.609425,37.053143,28.401901,36.549145,13.128531
2024-09-25,55.638844,36.976551,28.286718,36.472408,13.091181
2024-09-26,55.864429,37.771233,29.092991,36.673855,13.081844
2024-09-27,56.011539,37.646763,29.150583,36.606705,13.156759
2024-09-30,56.246922,37.455276,28.709049,36.635487,13.138027
2024-10-01,55.550579,37.196762,28.843430,36.693047,13.138027
2024-10-02,55.609425,37.120167,29.361748,36.664265,13.081845
2024-10-03,55.746735,36.919106,29.131384,36.625900,13.025659
2024-10-04,56.354809,37.206337,29.304157,36.923275,12.950744
2024-10-07,56.011539,37.120167,29.707294,36.827343,12.903926
2024-10-08,56.668655,37.101017,29.064196,36.779377,12.932016
2024-10-09,57.306152,37.311653,29.208174,37.019211,12.913288
2024-10-10,57.325768,37.340374,29.140984,37.143913,12.941380
2024-10-11,57.855385,37.551018,29.371347,37.412514,12.950744
2024-10-15,57.973076,37.134525,28.814638,37.364552,13.025659
2024-10-16,58.129997,37.139313,29.083393,37.546818,13.063116
2024-10-17,58.326149,37.282936,29.064196,37.738674,13.025659
2024-10-18,58.551731,37.541443,29.188976,37.949722,13.035024
2024-10-21,58.502686,37.158466,29.083393,37.796234,12.960109
2024-10-22,58.404610,36.919106,29.025801,37.777050,12.960109
2024-10-23,57.953453,36.583996,28.939413,37.556408,12.922652
2024-10-24,58.169231,36.775482,28.968212,37.556408,12.969475
2024-10-25,58.286919,36.799419,28.872225,37.431698,12.950744
2024-10-28,58.473259,37.062717,28.997004,37.566002,12.950744
2024-10-29,58.738068,36.986122,28.939413,37.556408,12.960109
2024-10-30,58.404610,36.737183,28.670660,37.489265,12.969501
2024-10-31,57.453270,36.593575,28.565075,36.961643,13.025847
2024-11-01,57.855385,36.737183,28.737848,37.115131,12.978891
2024-11-04,57.482689,36.631870,28.709049,37.134319,12.988281
2024-11-05,57.914227,36.804207,29.054596,37.326180,12.997674
2024-11-06,60.003254,36.574421,28.920219,37.690708,12.978891
2024-11-07,60.111141,36.919106,29.217772,38.036064,13.072806
2024-11-08,60.591717,36.555275,28.718649,37.901752,13.110370
2024-11-11,60.807487,36.603146,28.641863,37.930531,13.091584
2024-11-12,60.640759,35.980804,28.094749,38.131981,13.054025
2024-11-13,60.827103,35.932930,28.094749,38.247097,12.997674
2024-11-14,60.738831,36.143574,27.950773,38.323845,13.016456
2024-11-15,60.101334,36.095699,28.017962,38.122398,13.025847
2024-11-18,59.993443,36.086124,28.113947,38.247097,13.016456
2024-11-19,60.022877,35.913784,28.056355,38.304657,12.950718
2024-11-20,60.140564,35.818043,28.027561,38.343033,12.913151
2024-11-21,60.523060,35.856335,27.941174,38.899429,12.847413
2024-11-22,60.895756,35.999954,27.969967,38.985756,12.875588
2024-11-25,61.150753,36.181870,28.075550,38.937794,12.997674
2024-11-26,61.768635,36.210590,28.094749,38.928207,13.035240
2024-11-27,61.376335,36.325485,27.998764,39.033726,13.082334
2024-11-28,61.621521,36.497822,28.142740,39.158436,13.101169
2024-11-29,61.719597,36.775482,28.113947,39.321518,13.233030
2024-12-02,61.915752,36.943039,28.205132,39.225582,13.251865
2024-12-03,62.053055,37.215912,28.353909,39.302330,13.176517
2024-12-04,62.435558,37.215912,28.440294,39.311916,13.242449
2024-12-05,62.121719,37.302078,28.497885,39.388668,13.233030
2024-12-06,62.798435,37.608463,28.689856,39.398254,13.327215
2024-12-09,62.523827,37.646763,29.275362,39.302330,13.270700
2024-12-10,62.278629,37.321228,28.814638,39.110470,13.280123
2024-12-11,62.769020,37.522297,28.920219,39.350292,13.223608
2024-12-12,62.710171,37.349953,28.891422,38.995354,13.185936
2024-12-13,62.656227,37.263783,28.977808,38.793900,13.176517
2024-12-16,62.974979,37.187183,28.862627,38.621223,13.176517
2024-12-17,62.916134,37.244640,28.833834,38.592445,13.195354
2024-12-18,61.454788,36.651020,28.507484,37.709896,13.148263
2024-12-19,61.248837,36.488251,28.536278,37.498852,13.025824
2024-12-20,61.788254,36.363781,28.536278,37.777050,13.082334
2024-12-23,62.229595,36.574421,28.785837,38.026463,13.082334
2024-12-24,62.876904,36.727612,28.776241,38.122398,13.072912
2024-12-27,62.376709,36.938251,28.680254,38.103207,13.072912
2024-12-30,61.483200,36.536694,28.373959,37.823322,13.129588
2024-12-31,61.365112,36.594753,28.373959,38.035648,13.176816
2025-01-02,61.306072,36.536694,28.403128,38.296234,13.157925
2025-01-03,62.309795,36.836651,28.724012,38.566467,13.110694
2025-01-06,62.162186,36.846329,28.529537,38.460300,13.120142
2025-01-07,61.473362,36.885033,28.442024,38.363796,13.091806
2025-01-08,61.778412,36.836651,28.325336,38.527859,13.072912
2025-01-09,62.280277,36.836651,28.335060,38.576118,13.054024
2025-01-10,61.060059,36.391560,27.829428,38.141815,12.959561
2025-01-13,60.991177,36.227062,27.576609,37.775066,12.921782
2025-01-14,60.981339,36.236736,27.809977,37.842621,12.883999
2025-01-15,61.965378,36.643135,28.237823,38.161118,12.987901
2025-01-16,62.231075,36.981796,28.325336,38.257626,13.054024
2025-01-17,63.106873,37.320454,28.558708,38.585770,13.091806
2025-01-20,63.146233,37.543007,28.928213,38.759495,13.110694
2025-01-21,63.136398,37.755878,28.592741,38.923561,13.139031
2025-01-22,63.716980,37.765553,28.821249,38.971828,13.082358
2025-01-23,63.953152,38.026806,28.821249,39.164848,13.063469
2025-01-24,63.628422,38.162270,28.879595,39.213104,13.110694
2025-01-27,62.752617,38.268707,28.548985,38.952522,13.186262
2025-01-28,63.559536,38.259033,28.597603,39.164848,13.176816
2025-01-29,63.382408,38.307411,28.724012,39.232407,13.195708
2025-01-30,63.982677,38.849270,28.937937,39.782528,13.252546
2025-01-31,63.923634,38.607365,29.074068,39.348221,13.299910
2025-02-03,63.569374,38.355793,28.889317,38.884960,13.347273
2025-02-04,62.949429,38.128407,28.918489,38.952522,13.366220
2025-02-05,63.136398,38.471905,28.840696,39.406128,13.423056
2025-02-06,63.343044,38.626720,28.879595,39.348221,13.394638
2025-02-07,62.683735,38.239681,28.899040,39.203449,13.309381
2025-02-10,63.195435,38.520283,29.200478,39.531590,13.309381
2025-02-11,63.057671,38.646072,29.083792,39.512287,13.271491
2025-02-12,62.851025,38.733154,29.210201,39.406128,13.195708
2025-02-13,63.087193,38.936348,29.151859,39.599152,13.262020
2025-02-14,63.037987,38.946026,29.297714,39.290310,13.280964
2025-02-18,63.274170,39.236309,29.531086,39.570202,13.195708
2025-02-19,63.549698,38.946026,29.550531,39.502644,13.195708
2025-02-20,62.978951,38.984730,29.706112,39.348221,13.176761
2025-02-21,62.044106,38.892811,29.745008,38.788448,13.262020
2025-02-24,61.886658,38.965382,29.375504,38.798100,13.290437
2025-02-25,61.758732,39.420155,29.453297,38.865658,13.356747
2025-02-26,61.994904,39.526592,29.813074,39.077988,13.375692
2025-02-27,61.414310,39.391129,29.414402,38.769146,13.366194
2025-02-28,62.516441,39.497559,29.015726,39.174500,13.432691
2025-03-03,61.453682,40.010395,28.899040,38.595421,13.499189
2025-03-04,60.597557,39.903957,29.103239,37.919834,13.451691
2025-03-05,60.725479,40.479679,29.657494,38.392742,13.394693
2025-03-06,59.406864,39.991043,29.433847,37.948788,13.271196
2025-03-07,60.046490,40.600632,29.647770,38.219021,13.318694
2025-03-10,58.708191,39.884602,29.142136,37.649601,13.347193
2025-03-11,58.285049,39.671734,29.307438,37.466221,13.347193
2025-03-12,58.314571,39.836220,29.385227,37.746113,13.280692
2025-03-13,57.645420,39.720112,29.239372,37.398663,13.309194
2025-03-14,58.629463,40.261971,29.725561,37.958435,13.290195
2025-03-17,58.865631,40.494194,30.075617,38.325180,13.347193
2025-03-18,58.176804,40.513546,30.017275,38.209373,13.347193
2025-03-19,58.964039,40.716740,30.046444,38.740189,13.375692
2025-03-20,58.885319,40.368404,29.988102,38.740189,13.356696
2025-03-21,58.929596,40.203915,29.715836,38.605076,13.366194
2025-03-24,59.987450,40.116825,29.842247,39.126244,13.328195
2025-03-25,59.869362,40.242619,29.754732,39.193806,13.318694
2025-03-26,59.200619,39.729790,29.424126,38.934372,13.271196
2025-03-27,59.013214,39.894279,29.667221,38.905220,13.299696
2025-03-28,57.898643,39.545940,29.161583,38.312508,13.366385
2025-03-31,58.421406,39.323395,29.103239,38.613724,13.404492
2025-04-01,58.322773,39.197605,29.181032,38.788616,13.452126
2025-04-02,58.855396,39.323395,29.210201,39.206432,13.414018
2025-04-03,54.939598,37.901016,28.247545,37.700363,13.394966
2025-04-04,52.256729,35.752941,27.177935,35.941666,13.433073
2025-04-07,52.207409,35.027237,26.108318,35.407253,13.271113
2025-04-08,51.378876,34.886929,25.544342,34.901985,13.252058
2025-04-09,55.777988,37.214020,27.129314,36.767574,13.166317
2025-04-10,53.193756,36.188362,26.477821,35.689026,13.128210
2025-04-11,53.834885,36.836651,27.012629,36.582958,13.118683
2025-04-14,54.189972,37.204346,27.236277,37.020199,13.242533
2025-04-15,54.485874,37.741364,27.459923,37.311699,13.252058
2025-04-16,52.966900,37.339809,26.944563,37.379719,13.280639
2025-04-17,52.957031,37.697819,27.109867,37.525463,13.242533
2025-04-21,51.704372,37.513973,27.100143,37.243687,13.156791
2025-04-22,52.957031,38.200974,27.498817,37.690639,13.194899
2025-04-23,54.180107,38.510609,27.936388,37.952991,13.175843
2025-04-24,55.117138,38.917000,28.266994,38.361092,13.223478
2025-04-25,55.491951,39.062141,28.082241,38.361092,13.233006
2025-04-28,55.472225,39.236309,28.082241,38.487408,13.233006
2025-04-29,55.787857,39.420155,28.208654,38.613724,13.271226
2025-04-30,55.570858,39.158901,28.160034,38.535988,13.328550
2025-05-01,56.152802,39.265335,28.257271,38.506844,13.299888
2025-05-02,56.912289,39.865250,28.792078,38.846920,13.252114
2025-05-05,56.586792,39.942661,29.132410,38.749752,13.252114
2025-05-06,56.073895,39.807198,29.025450,38.769192,13.261669
2025-05-07,56.488159,39.836220,28.869869,39.031536,13.309443
2025-05-08,57.247650,39.981361,29.112963,39.206432,13.252114
2025-05-09,57.306828,40.199074,29.200478,39.371620,13.299888
2025-05-12,59.397892,40.571606,29.978378,39.643681,13.261669
2025-05-13,59.575436,40.455490,29.988102,39.779709,13.261669
2025-05-14,59.822021,40.387756,30.221474,39.886589,13.233006
2025-05-15,59.960106,40.784473,30.182577,40.236389,13.318995
2025-05-16,60.512463,40.939293,30.172853,40.362709,13.309443
2025-05-20,60.043949,41.326332,30.075617,40.479305,13.204344
2025-05-21,58.825806,40.939293,29.949207,40.158661,13.137461
2025-05-22,58.815941,40.900589,29.715836,40.168377,13.147017
2025-05-23,57.859180,40.590954,29.638046,40.216957,13.175679
2025-05-26,58.648266,41.200542,30.328436,40.537605,13.194790
2025-05-27,59.427483,41.413414,29.851971,40.809669,13.261669
2025-05-28,59.151306,41.026375,29.686666,40.858253,13.252114
2025-05-29,59.240070,41.103786,29.813074,40.741653,13.300026
2025-05-30,58.894855,40.968319,29.317162,40.683350,13.319190
2025-06-02,59.003345,41.336006,29.540808,41.052586,13.290442
2025-06-03,59.506386,41.074753,29.560257,41.101162,13.271280
2025-06-04,59.348572,41.171520,29.715836,40.955418,13.309609
2025-06-05,58.954029,41.084431,29.939486,40.955418,13.300026
2025-06-06,59.802299,41.306980,30.114511,41.110886,13.213785
2025-06-09,59.743111,41.248920,30.367329,41.023438,13.213785
2025-06-10,59.969971,41.306980,30.513186,41.120602,13.232951
2025-06-11,59.772701,41.248920,30.620148,41.285786,13.232951
2025-06-12,59.693794,41.365036,30.581253,41.412094,13.223369
2025-06-13,58.934303,40.803825,30.007551,41.276066,13.194621
2025-06-16,59.407753,40.948967,30.425671,41.373234,13.175458
2025-06-17,59.279526,40.600632,30.085340,41.324650,13.194621
2025-06-18,59.526108,40.871559,30.163130,41.363510,13.223369
2025-06-19,59.476795,40.755447,30.163130,41.314934,13.223369
2025-06-20,59.531048,40.619984,30.114511,41.276066,13.252114
2025-06-23,60.019287,40.910263,30.308987,41.460682,13.290442
2025-06-24,60.788643,41.345684,30.979927,41.606434,13.290442
2025-06-25,60.706577,41.101654,31.032991,41.383369,13.223369
2025-06-26,60.854885,41.337811,31.082125,41.667088,13.271280
2025-06-27,61.324520,41.938053,31.160740,41.598606,13.271280
2025-06-30,61.448105,41.721573,31.052647,41.872540,13.338548
2025-07-02,61.497540,41.716656,31.190222,41.921452,13.261670
2025-07-03,61.982006,41.682213,31.278662,42.175823,13.242450
2025-07-04,61.695282,41.746170,31.298317,42.195385,13.271280
2025-07-07,61.912796,41.514935,31.091951,42.156254,13.232839
2025-07-08,61.991894,41.879013,31.278662,41.980156,13.213621
2025-07-09,62.367607,42.184052,31.288488,42.087769,13.261670
2025-07-10,62.397266,42.095493,31.317970,42.283440,13.232839
2025-07-11,62.248955,41.780613,31.268835,42.175823,13.155960
2025-07-14,62.466473,41.790455,31.376930,42.459538,13.146349
2025-07-15,62.278618,41.465733,31.661907,42.234516,13.079082
2025-07-16,62.278618,41.524769,31.691387,42.371483,13.079082
2025-07-17,62.980598,41.790455,32.094284,42.753036,13.079082
2025-07-18,62.832294,41.633015,31.986189,42.645416,13.088691
2025-07-21,62.713650,41.770771,32.045155,42.635639,13.146349
2025-07-22,62.506027,41.746170,31.760176,42.723682,13.136741
2025-07-23,62.881729,42.695732,32.064804,42.792168,13.069472
2025-07-24,63.109135,42.548134,32.015675,42.762814,13.107912
2025-07-25,63.712242,42.666214,32.054977,42.929134,13.146349
2025-07-28,63.840778,42.095493,31.907578,42.811737,13.127131
2025-07-29,63.771564,42.125011,32.025497,43.017189,13.175179
2025-07-30,63.880322,41.997093,31.986189,42.772598,13.175180
2025-07-31,63.791336,41.721573,31.809307,42.625851,13.184816
2025-08-01,62.486248,41.406693,31.435890,42.224735,13.242646
2025-08-05,63.089363,41.898693,31.858438,43.066097,13.261923
2025-08-06,63.306873,42.085651,31.917402,43.613968,13.261923
2025-08-07,63.287102,42.469414,32.172901,43.369385,13.290836
2025-08-08,63.732014,42.725250,32.163071,43.379169,13.281199
2025-08-11,63.732014,42.631771,32.104111,43.398735,13.271560
2025-08-12,64.463661,43.128693,32.536491,43.643314,13.213732
2025-08-13,64.700951,43.295971,32.801815,43.741146,13.252285
2025-08-14,64.888802,43.433735,32.546318,43.613968,13.242646
2025-08-15,64.700951,43.689571,32.664242,43.633526,13.204095
2025-08-18,64.700951,43.630535,32.742851,43.662884,13.175180
2025-08-19,64.532860,43.866692,32.674065,43.516132,13.213732
2025-08-20,64.463661,43.965088,32.624931,43.613968,13.213732
2025-08-21,64.364784,43.787971,32.654411,43.868328,13.184816
2025-08-22,65.046997,44.230774,33.057312,44.308578,13.223372
2025-08-25,64.958000,43.787971,33.018002,44.063999,13.194456
2025-08-26,65.091492,43.660049,32.870602,44.337929,13.204095
2025-08-27,65.066772,43.414051,32.556145,44.484680,13.204095
2025-08-28,65.135986,43.482929,32.615105,44.484680,13.223428
2025-08-29,64.651520,43.118851,32.428394,44.709694,13.281425
2025-09-02,64.404343,42.892532,32.477531,44.787964,13.223428
2025-09-03,64.730614,43.000774,32.674065,45.003193,13.262094
2025-09-04,65.452370,43.364849,32.585625,45.247776,13.310423
2025-09-05,65.412819,43.689571,33.027832,45.482578,13.368419
2025-09-08,65.402931,43.984776,33.214539,45.443443,13.445751
2025-09-09,65.748978,44.014290,33.489693,45.482578,13.436084
2025-09-10,65.976387,44.024132,33.730446,45.697807,13.455419
2025-09-11,66.441078,44.368530,34.059643,46.059792,13.484415
2025-09-12,66.450958,44.240616,34.079296,45.873909,13.484415
2025-09-15,66.292763,44.299652,34.138260,46.118484,13.503748
2025-09-16,66.114799,44.152050,34.324966,45.932610,13.503748
2025-09-17,66.154350,44.014290,34.580460,45.952175,13.494081
2025-09-18,66.717911,44.260292,34.516586,46.147835,13.494081
2025-09-19,66.915649,44.024132,34.393753,46.617439,13.503748
2025-09-22,67.390236,44.289810,34.688557,46.940289,13.484415
2025-09-23,67.103508,44.299652,34.698383,46.744621,13.494081
2025-09-24,67.148102,44.211090,34.757343,46.647198,13.474749
2025-09-25,66.969727,44.033970,34.639423,46.617668,13.465084
2025-09-26,67.366119,44.309494,34.531330,46.647198,13.474749
2025-09-29,67.455299,44.407890,34.777000,47.031002,13.523219
2025-09-30,67.683220,44.585011,34.865437,47.109734,13.513524
2025-10-01,68.049881,45.017971,35.238857,47.227825,13.484445
2025-10-02,68.198524,45.155735,35.415737,47.326237,13.523219
2025-10-03,68.198524,45.514889,35.533661,47.828136,13.513524
2025-10-06,68.466087,45.588692,35.651581,47.916710,13.484445
2025-10-07,68.099426,45.204929,35.425568,47.641151,13.494139
2025-10-08,68.594917,45.337772,35.651581,47.867500,13.494139
2025-10-09,68.689056,45.204929,35.514008,47.513218,13.484445
2025-10-10,66.682343,44.279972,34.197216,46.853859,13.523219
2025-10-14,67.960693,44.968769,34.968620,47.650993,13.532914
2025-10-15,68.238167,45.185249,35.523834,48.103691,13.571692
2025-10-16,67.762505,45.421410,35.740021,47.808453,13.600773
2025-10-17,67.930977,45.352531,35.671234,47.257351,13.600773
2025-10-20,68.753471,45.775650,36.123264,47.759247,13.639548
2025-10-21,68.723747,45.391888,35.789158,46.932587,13.620159
2025-10-22,68.099426,45.263969,35.641758,47.070370,13.629854
2025-10-23,68.545357,45.480453,35.916904,47.404964,13.610468
2025-10-24,69.258865,45.618210,36.182228,47.660835,13.600773
2025-10-27,69.972366,45.933090,36.575302,47.572262,13.658937
2025-10-28,69.764259,45.687088,36.408245,47.798615,13.678324
2025-10-29,69.754349,45.460773,36.653915,47.345921,13.600773
2025-10-30,69.248947,45.391888,36.339455,47.414810,13.600773
2025-10-31,69.675072,45.391888,36.418072,47.572262,13.610495
2025-11-03,69.883179,45.480453,36.742355,47.562428,13.591050
2025-11-04,69.248947,45.175411,36.162575,46.804653,13.591050
2025-11-05,69.595795,45.460773,36.486858,47.296715,13.600773
2025-11-06,68.862480,45.372208,36.251019,46.952271,13.649382
2025-11-07,68.585007,45.273811,35.916904,47.021160,13.600773
2025-11-10,69.536339,45.677250,36.447552,47.660835,13.610495
2025-11-11,69.625526,45.972450,36.442638,47.788773,13.629938
2025-11-12,69.625526,46.188927,36.457375,48.438290,13.620217
2025-11-13,68.505722,45.874050,36.182228,47.532902,13.600773
2025-11-14,68.515633,45.716614,36.152748,47.680523,13.542443
2025-11-17,67.921051,45.224613,35.798985,47.306553,13.552162
2025-11-18,67.118378,44.442333,35.415737,47.257351,13.532721
2025-11-19,67.693130,44.525967,35.514008,47.631313,13.532721
2025-11-20,66.771530,44.048733,35.120937,47.060524,13.552162
2025-11-21,67.494934,44.683411,35.096367,47.434490,13.571607
2025-11-24,68.674194,44.831009,35.563137,48.103691,13.600773
2025-11-25,69.308411,45.323013,35.587708,48.615429,13.639660
2025-11-26,69.471931,45.608368,35.700718,49.058285,13.639660
2025-11-27,69.526428,45.618210,35.779327,49.176380,13.659159
2025-11-28,69.556160,45.628052,35.661407,49.412567,13.659159
2025-12-01,69.248947,45.470612,35.690887,48.969711,13.571413
2025-12-02,69.338142,45.549332,35.612278,48.861462,13.571413
2025-12-03,69.457054,45.677250,35.533661,49.068127,13.581161
2025-12-04,69.595795,45.785492,35.553314,49.570023,13.542165
2025-12-05,69.080482,45.391888,35.425568,49.294476,13.415420
2025-12-08,68.872383,45.337772,35.435394,49.097649,13.415420
2025-12-09,68.912018,45.283653,35.415737,49.196064,13.386169
2025-12-10,69.189491,45.588692,35.582794,49.570023,13.415420
2025-12-11,69.159767,45.755970,35.401001,49.865261,13.434917
2025-12-12,68.406631,45.519814,35.012840,49.697964,13.425169
2025-12-15,68.327354,45.755970,34.963711,49.599552,13.454417
2025-12-16,68.059784,45.539490,34.654163,49.284634,13.473917
2025-12-17,67.415657,45.293491,34.531330,49.235424,13.444668
2025-12-18,67.901237,45.573929,34.845787,49.579868,13.444668
2025-12-19,68.604828,45.883888,35.287991,50.042400,13.415420
2025-12-22,68.852562,45.913410,35.327297,50.436047,13.434917
2025-12-23,68.733650,46.011810,35.391174,50.544304,13.483665
2025-12-24,68.902115,45.997047,35.376431,50.485256,13.493415
2025-12-29,68.743561,46.051167,35.641758,50.317955,13.512913
2025-12-30,68.626030,45.743504,35.689392,50.279366,13.473803
2025-12-31,68.267456,45.625328,35.689392,50.022076,13.473803
2026-01-02,68.436783,46.078331,36.622322,50.328838,13.424913
2026-01-05,69.114082,46.718445,37.049088,50.833511,13.473803
2026-01-06,69.851135,46.935097,37.485775,51.150169,13.473803
2026-01-07,69.821259,46.984337,37.346828,50.724663,13.522692
2026-01-08,69.851135,47.004032,37.297203,51.090801,13.512914
2026-01-09,70.563301,47.644150,37.654491,51.506413,13.532470
2026-01-12,70.508522,47.801716,38.056446,51.912128,13.522692
2026-01-13,70.418869,47.525970,37.833138,51.922028,13.512914
2026-01-14,70.080231,47.722931,38.031635,51.991295,13.552025
2026-01-15,70.359116,47.732780,38.259903,52.169415,13.571580
2026-01-16,70.428833,47.949432,38.120956,52.159519,13.552025
2026-01-19,70.060303,47.506279,38.388924,52.268368,13.542248
2026-01-20,68.536385,46.984337,37.614796,51.694427,13.503138
2026-01-21,69.383011,47.457035,38.150730,51.892338,13.512914
2026-01-22,69.552338,47.496429,38.339302,52.100147,13.542248
2026-01-23,69.024437,47.481659,38.309525,52.337639,13.542248
2026-01-26,69.442772,47.801716,38.488171,52.288162,13.581361
2026-01-27,69.004517,48.077454,38.835541,52.268368,13.542248
2026-01-28,68.875038,47.506279,38.974487,52.416805,13.552025
2026-01-29,68.386993,47.604755,38.627117,52.159519,13.551045
2026-01-30,68.655907,47.535820,38.200356,50.477268,13.560850
2026-02-02,69.303329,48.008518,38.517948,50.882988,13.551045
2026-02-03,68.566269,47.939583,38.617195,51.160069,13.551045
2026-02-04,68.406906,48.175934,38.240051,51.407455,13.551045
2026-02-05,67.689766,47.624451,38.041561,50.556438,13.580462
2026-02-06,68.974640,48.520611,38.825611,51.298607,13.570657
2026-02-09,68.795357,48.865288,38.924862,52.179310,13.590266
2026-02-10,68.596153,48.993309,39.024109,52.545448,13.609876
2026-02-11,68.635994,49.347836,39.599747,52.585030,13.629489
2026-02-12,67.709694,49.150875,39.242455,51.348083,13.668711
2026-02-13,67.879021,49.190269,39.431023,52.278271,13.688320
2026-02-17,68.028419,49.244431,39.381401,52.011089,13.698126
2026-02-18,68.755516,49.495552,39.713879,52.792835,13.698126
2026-02-19,68.516464,49.406921,39.818089,53.139179,13.698126
2026-02-20,68.865074,49.771294,40.383797,53.505318,13.717737
2026-02-23,68.247536,49.613728,40.105907,53.416256,13.737348
2026-02-24,68.735596,49.672813,40.661694,53.713123,13.727544
2026-02-25,69.203728,50.086426,41.009060,54.000092,13.727544
2026-02-26,68.885002,50.042110,40.582294,54.593826,13.756057
2026-02-27,68.377029,49.790993,40.403648,54.336540,13.765892
2026-03-02,68.626030,48.973614,39.808167,54.672993,13.706895
2026-03-03,67.898933,47.486584,37.902611,53.495422,13.677396
2026-03-04,68.327225,47.998672,38.140808,53.723019,13.667563
2026-03-05,68.048332,47.004032,37.456001,53.218342,13.618400
2026-03-06,66.673828,46.373768,36.999458,52.377224,13.549569
2026-03-09,67.201721,46.619965,37.773594,52.555344,13.579068
2026-03-10,67.032394,46.703671,37.912537,52.693878,13.569236
2026-03-11,66.992554,46.560879,37.962162,52.466282,13.480742
2026-03-12,66.165855,45.970005,36.900211,52.011089,13.441408
2026-03-13,66.315254,45.753349,36.910137,51.536102,13.451241
2026-03-16,66.753502,46.383614,38.011784,52.090248,13.510239
2026-03-17,67.012474,46.600269,38.254940,52.199100,13.539738
2026-03-18,66.235573,45.970005,37.714043,51.179859,13.480742
2026-03-19,66.175812,45.910915,37.614796,50.497063,13.510239
2026-03-20,65.080185,44.443581,36.394051,49.596565,13.382412
2026-03-23,65.986565,45.526848,37.565170,50.576229,13.411910
2026-03-24,65.837166,45.379131,37.039158,50.605915,13.382412
2026-03-25,66.494537,46.235897,37.704121,51.348083,13.490574
2026-03-26,65.533539,45.428371,36.642166,50.554256,13.421744
2026-03-27,64.555580,45.054150,36.572693,50.693523,13.402078
2026-03-30,64.355995,45.339741,36.423824,50.673626,13.459268
2026-03-31,66.252045,46.669205,37.505623,51.966831,13.478987
2026-04-01,66.661194,47.397949,37.862915,52.305054,13.459268
2026-04-02,66.880730,47.171448,37.555248,52.533852,13.488848
2026-04-06,67.150177,47.442265,37.833138,52.643272,13.518430
2026-04-07,67.090302,47.279774,37.813290,52.742752,13.469127
2026-04-08,68.507355,48.924374,39.798237,53.399300,13.548010
2026-04-09,68.756828,48.766808,39.619591,53.150608,13.538149
2026-04-10,68.766815,48.983463,39.818089,53.518673,13.518430
2026-04-13,69.275749,49.052399,40.046356,53.807156,13.528290
2026-04-14,69.984268,49.436466,40.731167,54.135429,13.577591
2026-04-15,70.343521,49.126255,40.552521,54.224960,13.538149
2026-04-16,70.393425,48.924374,40.641842,54.065796,13.508569
2026-04-17,71.231674,49.534943,41.346500,54.553234,13.587450
2026-04-20,71.091965,49.101639,40.899887,54.553234,13.597311
2026-04-21,70.612968,48.131618,40.463200,53.667889,13.557870
2026-04-22,71.251640,48.294109,41.217476,53.926529,13.557870
2026-04-23,71.052048,48.028217,40.552521,53.886738,13.557870
2026-04-24,71.441238,48.126694,41.227406,53.846951,13.587450
2026-04-27,71.381363,47.900192,41.157932,53.727573,13.557870
2026-04-28,71.271591,47.880497,40.909813,53.379406,13.557870
2026-04-29,71.151848,47.397949,40.741089,52.941708,13.457016
2026-04-30,71.461197,48.205479,41.197628,53.956375,13.496567
2026-05-01,71.710678,48.136543,41.356422,53.827053,13.526229
2026-05-04,71.501114,47.604755,41.445747,53.478882,13.466905
2026-05-05,72.199661,48.235020,42.527542,53.369461,13.457016
2026-05-06,73.297371,49.520172,43.470394,53.996162,13.565781
2026-05-07,73.037918,48.756958,43.043633,53.787262,13.546005
2026-05-08,73.746445,49.377377,43.936859,54.185173,13.615218
2026-05-11,73.876167,49.298595,43.976559,54.264751,13.555893
2026-05-12,73.836250,49.131180,42.676414,54.483601,13.506454
2026-05-13,74.255386,49.426617,43.559719,54.095642,13.516341
2026-05-14,74.933968,49.357681,43.668892,54.443810,13.536116
2026-05-15,74.155586,48.628937,42.299274,53.797211,13.427353
2026-05-19,73.616707,48.628937,41.713715,53.657940,13.427353
2026-05-20,74.385109,49.377377,42.477921,54.354282,13.526229
2026-05-21,74.724403,49.751598,43.043633,54.742241,13.555893
2026-05-22,75.283241,49.771294,42.984085,54.801929,13.575667
2026-05-25,76.440826,50.716694,44.165127,55.458477,13.634994
2026-05-26,75.787193,50.362167,44.591892,55.130199,13.644881
2026-05-27,75.901947,50.258766,44.572044,54.762135,13.644881
2026-05-28,76.061623,50.076576,44.651443,54.881508,13.682558
2026-05-29,76.321083,50.175060,44.621666,55.160046,13.702387
2026-06-01,76.810059,50.135666,45.683613,55.289368,13.692472
2026-06-02,77.009644,50.372017,46.060757,55.985703,13.702387
2026-06-03,76.790100,50.165207,45.653839,55.398788,13.702387
2026-06-04,77.169312,50.578823,45.237003,56.075233,13.702387
2026-06-05,75.353096,49.466007,42.467999,54.772087,13.652813
2026-06-08,75.582619,49.722057,43.212353,54.921299,13.603239
2026-06-09,75.393013,49.731903,43.222275,54.782032,13.613153
2026-06-10,74.245399,49.072094,42.477921,54.384121,13.642898
2026-06-11,75.602577,50.588669,44.393398,55.219730,13.712301
2026-06-12,76.081573,50.874260,44.730839,55.657433,13.712301
2026-06-15,77.358917,51.209087,46.160000,56.194611,13.722217
2026-06-16,76.979706,51.376499,45.385872,56.403511,13.732132
2026-06-17,76.770142,51.474983,45.713390,55.975758,13.702387
2026-06-18,77.748108,51.829506,47.162403,55.727066,13.732132
2026-06-19,78.257050,51.750721,46.805111,55.508213,13.722217
2026-06-22,77.558502,51.967377,47.524654,55.796700,13.682558
2026-06-23,76.889900,51.135227,45.088131,55.667377,13.702387
2026-06-24,76.839996,51.149998,45.237003,55.359001,13.771792
2026-06-25,76.660004,51.400002,45.560001,55.570000,13.751961
2026-06-26,76.459999,51.070000,44.980000,55.740002,13.751961
2026-06-29,77.629997,51.570000,45.230000,55.529999,13.780795
2026-06-30,78.099998,51.660000,45.740002,55.599998,13.760910
2026-07-02,77.870003,52.009998,44.099998,55.799999,13.711197
2026-07-03,78.599998,52.525002,45.299999,56.279999,13.721139
2026-07-06,78.610001,52.619999,45.380001,56.180000,13.750967
2026-07-07,78.120003,51.910000,44.119999,56.270000,13.681368
2026-07-08,77.669998,51.369999,44.250000,55.740002,13.621711
2026-07-09,78.349998,51.669998,44.689999,56.189999,13.661482
2026-07-10,78.599998,51.849998,44.759998,56.340000,13.671425
2026-07-13,78.059998,51.320000,43.200001,56.299999,13.621711
2026-07-14,78.000000,51.400002,43.650002,56.369999,13.611767
2026-07-15,77.910004,51.570000,43.430000,56.509998,13.641597
2026-07-16,77.680000,51.230000,42.799999,56.439999,13.651539
2026-07-17,76.620003,50.830002,42.009998,56.299999,13.611767
2026-07-20,76.860001,50.669998,42.314999,55.830002,13.621711
2026-07-21,77.669998,51.490002,43.529999,56.470001,13.631654
2026-07-22,77.449997,51.514999,43.310001,56.630001,13.591882
2026-07-23,76.489998,50.830002,43.029999,56.189999,13.542168
2026-07-24,76.559998,51.189999,42.279999,56.459999,13.601825
2026-07-27,76.910004,51.500000,42.540001,56.810001,13.641597
2026-07-28,76.930000,51.439999,41.639999,57.189999,13.671425
2026-07-29,75.519997,50.959999,40.549999,56.400002,13.601825
2026-07-30,76.360001,52.139999,42.099998,56.730000,13.620770
2026-07-31,76.919998,51.869999,42.380001,56.299999,13.580885
2026-08-04,79.879997,52.919998,43.950001,57.209999,13.650683
2026-08-05,79.279999,52.980000,43.630001,57.750000,13.650683
2026-08-06,79.070000,52.790001,43.230000,57.740002,13.590857
2026-08-07,79.260002,53.070000,43.380001,58.130001,13.570913
2026-08-10,79.349998,52.869999,43.230000,58.240002,13.511086
2026-08-11,78.910004,52.759998,43.299999,58.299999,13.511086
2026-08-12,79.290001,53.029999,43.950001,58.580002,13.541000
2026-08-13,79.750000,53.169998,44.020000,58.740002,13.590857
2026-08-14,79.430000,52.889999,43.820000,58.720001,13.541000
2026-08-17,78.930000,52.840000,44.250000,58.610001,13.521058
2026-08-18,78.480003,52.320000,43.130001,58.119999,13.531029
2026-08-19,78.209999,52.430000,43.299999,58.209999,13.550971
2026-08-20,77.360001,51.950001,43.509998,58.099998,13.491143
2026-08-21,77.570000,52.310001,43.720001,58.570000,13.481173
2026-08-24,77.750000,52.590000,43.389999,58.669998,13.541000
2026-08-25,77.889999,52.810001,44.070000,59.099998,13.600828
2026-08-26,78.139999,52.750000,44.240002,58.860001,13.570913
2026-08-27,78.599998,52.590000,44.439999,58.910000,13.541000
2026-08-28,78.580002,52.619999,44.360001,58.459999,13.530000
